INDEX,Branch,Gender,Index,IT/NONIT,Job Post,Name of Student,Year,Salary Offered,Placed in Company,Branch,Gender,IT/NONIT
1,AIML,Female,3197,IT,GET,Manasi Suresh Gawade,2023-24,6,CtrlS,AIML,Female,IT
2,AIML,Female,3229,IT,GET,Arti Anil Kumbhar,2023-24,4,Hexaware,AIML,Female,IT
3,AIML,Female,3231,IT,GET,Darshan Annasaheb Bastawade,2023-24,4,Hexaware,AIML,Female,IT
4,AIML,Female,3234,IT,GET,Srushti Shripad Kulkarni,2023-24,4,Hexaware,AIML,Female,IT
5,AIML,Female,3269,IT,Subject Matter Expert,Aditi Ashok Burud,2023-24,3,Chegg India,AIML,Female,IT
6,AIML,Female,3270,IT,Subject Matter Expert,Akshada Vikas Patil,2023-24,3,Chegg India,AIML,Female,IT
7,AIML,Female,3271,IT,Subject Matter Expert,Anjali Jaywant Kumbhar,2023-24,3,Chegg India,AIML,Female,IT
8,AIML,Female,3272,IT,Subject Matter Expert,Arti Anil Kumbhar,2023-24,3,Chegg India,AIML,Female,IT
9,AIML,Female,3275,IT,Subject Matter Expert,Girija Sanjay Raut,2023-24,3,Chegg India,AIML,Female,IT
10,AIML,Female,3282,IT,Subject Matter Expert,Priya Nitin Lokhande,2023-24,3,Chegg India,AIML,Female,IT
11,AIML,Female,3283,IT,Subject Matter Expert,Saba Shakil Attar,2023-24,3,Chegg India,AIML,Female,IT
12,AIML,Female,3284,IT,Subject Matter Expert,Saee Vivek Nimbalkar,2023-24,3,Chegg India,AIML,Female,IT
13,AIML,Female,3285,IT,Subject Matter Expert,Saloni Abhay Navaghane,2023-24,3,Chegg India,AIML,Female,IT
14,AIML,Female,3404,IT,Software Engineer,Girija Sanjay Raut,2023-24,4,EXCELR Solutions,AIML,Female,IT
15,AIML,Female,3406,IT,Software Engineer,Vaishnavi Dipak Gulave,2023-24,4,EXCELR Solutions,AIML,Female,IT
16,AIML,Female,3410,IT,Software Engineer,Arti Anil Kumbhar,2023-24,4,EXCELR Solutions,AIML,Female,IT
17,AIML,Female,3467,IT,Automation Engineer,Aditi Ashok Burud,2023-24,5,Quality Kiosk,AIML,Female,IT
18,AIML,Female,3468,IT,Automation Engineer,Amra Bakhtiyar Nadaf,2023-24,5,Quality Kiosk,AIML,Female,IT
19,AIML,Female,3469,IT,Automation Engineer,Uttakarsha Uttam Bhise,2023-24,5,Quality Kiosk,AIML,Female,IT
20,AIML,Female,3479,IT,Software Developer (Traine),Arpana Choudhary,2023-24,3,RedGirraffe Ecommerce Pvt Ltd,AIML,Female,IT
21,AIML,Female,3508,IT,Trainee Engineer,Vaishnavi Dipak Gulave,2023-24,3,Qspider,AIML,Female,IT
22,AIML,Female,3527,IT,Project Engineer,Anjali Jaywant Kumbhar,2023-24,3.25,Tech Mahindra,AIML,Female,IT
23,AIML,Female,3530,IT,Project Engineer,Saee Vivek Nimbalkar,2023-24,3.25,Tech Mahindra,AIML,Female,IT
24,AIML,Female,3570,IT,Trainee Programmer, Vaishnavi Dipak Gulave,2023-24,4.6,EY GDS,AIML,Female,IT
25,AIML,Female,3605,IT,Trainee Engineer, Dhanashri Bharat Jadhav,2023-24,3,"Technolearn,Pune",AIML,Female,IT
26,AIML,Female,3626,Non-IT,Business Development Associate,Girija Sanjay Raut,2023-24,6.5,Corizo,AIML,Female,Non-IT
27,AIML,Female,3652,IT,Ninja,Srushti Shripad Kulkarni,2023-24,3.38,TCS,AIML,Female,IT
28,AIML,Female,3673,IT,Software Engineer,Arti Anil Kumbhar,2023-24,,Accenture,AIML,Female,IT
29,AIML,Female,3700,IT,Trainee Engineer,Alishiba Devdas Ghatage,2024-25,3.5,Global Quest Technologies,AIML,Female,IT
30,AIML,Female,3702,IT,Trainee Engineer,Ankita Shivaji Patil,2024-25,3.5,Global Quest Technologies,AIML,Female,IT
31,AIML,Female,3705,IT,Trainee Engineer,BHAGYASHREE MAHALING SWAMI,2024-25,3.5,Global Quest Technologies,AIML,Female,IT
32,AIML,Female,3721,IT,Trainee Engineer,Suhani Vitthal Ingale,2024-25,3.5,Global Quest Technologies,AIML,Female,IT
33,AIML,Female,3781,IT,Trainee Engineer,Srushti Sanjeev Shedshale,2024-25,3.5,QSpiders,AIML,Female,IT
34,AIML,Female,3814,IT,Software Engineer,Masirah Ilahi Shaikh,2024-25,4,Hexaware Technologies Pvt. Ltd.,AIML,Female,IT
35,AIML,Female,3816,IT,Software Engineer,Rajanigandha Randhir Salokhe,2024-25,4,Hexaware Technologies Pvt. Ltd.,AIML,Female,IT
36,AIML,Female,3818,IT,Software Engineer,Sadhana Dnyaneshwar Shendage,2024-25,4,Hexaware Technologies Pvt. Ltd.,AIML,Female,IT
37,AIML,Female,3823,IT,Software Engineer,Saman Shabbir Solapure,2024-25,4,Hexaware Technologies Pvt. Ltd.,AIML,Female,IT
38,AIML,Female,3839,IT,Software Engineer,Simantini Madhukar Patil,2024-25,4,Hexaware Technologies Pvt. Ltd.,AIML,Female,IT
39,AIML,Female,3841,IT,Software Engineer,Suhani Vitthal Ingale,2024-25,4,Hexaware Technologies Pvt. Ltd.,AIML,Female,IT
40,AIML,Female,3875,IT,Project Trainee,BHAGYASHREE MAHALING SWAMI,2024-25,3.25,TechMahindra,AIML,Female,IT
41,AIML,Female,3879,IT,Project Trainee,Simantini Madhukar Patil,2024-25,3.25,TechMahindra,AIML,Female,IT
42,AIML,Female,3880,IT,Project Trainee,Srushti Sanjeev Shedshale,2024-25,3.25,TechMahindra,AIML,Female,IT
43,AIML,Female,3951,IT,HR,Alishiba Devdas Ghatage,2024-25,3.5,Dialogues Media,AIML,Female,IT
44,AIML,Female,4003,IT,Software Engineer,Karuna Vitthal Nikam,2024-25,4.2,Infosys,AIML,Female,IT
45,AIML,Female,4127,IT,Programmer Analyst,Simantini Madhukar Patil,2024-25,4,Cognizant,AIML,Female,IT
46,AIML,Female,4193,IT,Full Stack,Sayali Sanjay Pundapal,2025-26,3.5,ExcelR,AIML,Female,IT
47,AIML,Female,4222,IT,Software Developer,Vibhavari Sutar,2025-26,5.46,Fox Solutions Pvt Ltd,AIML,Female,IT
48,AIML,Female,4244,IT,System Engineer,Ashana Mahesh Chavan,2025-26,3.6,Infosys,AIML,Female,IT
49,AIML,Female,4248,IT,System Engineer,Prerana Umaji Suryawanshi,2025-26,3.6,Infosys,AIML,Female,IT
50,AIML,Female,4249,IT,System Engineer,Radhika Uddhav Kachare,2025-26,3.6,Infosys,AIML,Female,IT
51,AIML,Female,4254,IT,System Engineer,Sayali Sanjay Pundapal,2025-26,3.6,Infosys,AIML,Female,IT
52,AIML,Female,4255,IT,System Engineer,Shravani Mohan Jadhav,2025-26,3.6,Infosys,AIML,Female,IT
53,AIML,Female,4261,IT,System Engineer,Vinaya Amol Kore,2025-26,3.6,Infosys,AIML,Female,IT
54,AIML,Female,4301,Non-IT,Business Development Executive,Priyanka Prasad Utture,2025-26,7,Launched Global ,AIML,Female,Non-IT
55,AIML,Female,4305,Non-IT,Business Development Executive,Saniya Kondekar,2025-26,7,Launched Global ,AIML,Female,Non-IT
56,AIML,Female,4306,Non-IT,Business Development Executive,Shravani Abhijit Kulkarni,2025-26,7,Launched Global ,AIML,Female,Non-IT
57,AIML,Female,4324,Non-IT,Business Development Executive,Siddhi Ramesh Magdum,2025-26,7,Launched Global ,AIML,Female,Non-IT
58,AIML,Female,4325,Non-IT,Business Development Executive,Sonali Bhanudas Mali,2025-26,7,Launched Global ,AIML,Female,Non-IT
59,AIML,Female,4389,Non-IT,Business Development Associate,Priyanka Prasad Utture,2025-26,6,Unlox Academy,AIML,Female,Non-IT
60,AIML,Female,4391,Non-IT,Business Development Associate,Sana Mujawar,2025-26,6,Unlox Academy,AIML,Female,Non-IT
61,AIML,Female,4392,Non-IT,Business Development Associate,Siddhi Shrikrishna Lokare,2025-26,6,Unlox Academy,AIML,Female,Non-IT
62,AIML,Female,4439,Non-IT,Business Development Trainee,Anushka Mohite,2025-26,3.5,Planet Spark,AIML,Female,Non-IT
63,AIML,Female,4462,IT,Software Engineer Trainee,Siddhi Ramesh Magdum,2025-26,4.5,Deloitte Cybar Gurukul Program,AIML,Female,IT
64,AIML,Female,4480,Intern,Wordpress Developer,Arya Sanjay Chodankar,2025-26,2.5,Walstar Techologies,AIML,Female,Intern
65,AIML,Female,4484,Intern,Python,Akanksha Solankurkar,2025-26,2.5,Walstar Techologies,AIML,Female,Intern
66,AIML,Female,4517,Non-IT,BDE,Shravani Abhijit Kulkarni,2025-26,8,"Edu Versity,Banglore",AIML,Female,Non-IT
67,AIML,Female,4518,Non-IT,BDE,Arya Sanjay Chodankar,2025-26,8,"Edu Versity,Banglore",AIML,Female,Non-IT
68,AIML,Female,4523,Non-IT,BDE,Priyanka Prasad Utture,2025-26,8,"Edu Versity,Banglore",AIML,Female,Non-IT
69,AIML,Female,4573,IT,Software Engineer,Sonali Bhanudas Mali,2025-26,8.5,Hewlett Packard (HP),AIML,Female,IT
70,AIML,Male,3198,IT,GET,Om Dilip Sawant,2023-24,6,CtrlS,AIML,Male,IT
71,AIML,Male,3211,IT,GET,Atharv Santosh Patil,2023-24,3.5,TechMahindra,AIML,Male,IT
72,AIML,Male,3212,IT,GET,Om Dilip Sawant,2023-24,3.5,TechMahindra,AIML,Male,IT
73,AIML,Male,3213,IT,GET,Pavan Nagesh More,2023-24,3.5,TechMahindra,AIML,Male,IT
74,AIML,Male,3230,IT,GET,Atharva Rahul Wakade,2023-24,4,Hexaware,AIML,Male,IT
75,AIML,Male,3232,IT,GET,Gourav Sanjay Kumbhar,2023-24,4,Hexaware,AIML,Male,IT
76,AIML,Male,3233,IT,GET,Ritesh Ravindra Lad,2023-24,4,Hexaware,AIML,Male,IT
77,AIML,Male,3268,IT,Subject Matter Expert,Abhishek Bhupal Mane,2023-24,3,Chegg India,AIML,Male,IT
78,AIML,Male,3273,IT,Subject Matter Expert,Darshan Annasaheb Bastawade,2023-24,3,Chegg India,AIML,Male,IT
79,AIML,Male,3274,IT,Subject Matter Expert,Digvijay Dattatray Patil,2023-24,3,Chegg India,AIML,Male,IT
80,AIML,Male,3276,IT,Subject Matter Expert,Nihal Naushad Sayyad,2023-24,3,Chegg India,AIML,Male,IT
81,AIML,Male,3277,IT,Subject Matter Expert,Om Dilip Sawant,2023-24,3,Chegg India,AIML,Male,IT
82,AIML,Male,3278,IT,Subject Matter Expert,Pavan Nagesh More,2023-24,3,Chegg India,AIML,Male,IT
83,AIML,Male,3279,IT,Subject Matter Expert,Pranav Shridhar Sawant,2023-24,3,Chegg India,AIML,Male,IT
84,AIML,Male,3280,IT,Subject Matter Expert,Prasad Sambhaji Bapat,2023-24,3,Chegg India,AIML,Male,IT
85,AIML,Male,3281,IT,Subject Matter Expert,Pratik Manoj Raut,2023-24,3,Chegg India,AIML,Male,IT
86,AIML,Male,3286,IT,Subject Matter Expert,Swagat Kumar Waingade,2023-24,3,Chegg India,AIML,Male,IT
87,AIML,Male,3287,IT,Subject Matter Expert,Tejas Suchandra Waghmare,2023-24,3,Chegg India,AIML,Male,IT
88,AIML,Male,3288,IT,Subject Matter Expert,Vithoba Namdev Jadhav,2023-24,3,Chegg India,AIML,Male,IT
89,AIML,Male,3289,IT,Subject Matter Expert,Yash Shyam Phulbagkar,2023-24,3,Chegg India,AIML,Male,IT
90,AIML,Male,3385,Non-IT,Business Development Counsellar, Prasad Sambhaji Bapat,2023-24,6.5,PlanetSpark,AIML,Male,Non-IT
91,AIML,Male,3403,IT,Software Engineer,Saba Shakil Attar,2023-24,4,EXCELR Solutions,AIML,Male,IT
92,AIML,Male,3405,IT,Software Engineer,Pratham Ravindra Sonale,2023-24,4,EXCELR Solutions,AIML,Male,IT
93,AIML,Male,3407,IT,Software Engineer,Nihal Naushad Sayyad,2023-24,4,EXCELR Solutions,AIML,Male,IT
94,AIML,Male,3408,IT,Software Engineer,Aman Zakir Pathan,2023-24,4,EXCELR Solutions,AIML,Male,IT
95,AIML,Male,3409,IT,Software Engineer,Amra Bakhtiyar Nadaf,2023-24,4,EXCELR Solutions,AIML,Male,IT
96,AIML,Male,3411,IT,Software Engineer,Pratik Manoj Raut,2023-24,4,EXCELR Solutions,AIML,Male,IT
97,AIML,Male,3412,IT,Software Engineer,Yash Shyam Phulbagkar,2023-24,4,EXCELR Solutions,AIML,Male,IT
98,AIML,Male,3413,IT,Software Engineer,Aafan dastagir momin,2023-24,4,EXCELR Solutions,AIML,Male,IT
99,AIML,Male,3474,IT,Associate SW Engineer,Aman Zakir Pathan,2023-24,3.6,Neutrino Tech Systems,AIML,Male,IT
100,AIML,Male,3478,IT,Wyscout Analyst,Akash Ramesh Mandlik,2023-24,3,Hudl India Pvt Ltd,AIML,Male,IT
101,AIML,Male,3489,IT,Trainee Engineer, Hitesh Rajesh Sharma,2023-24,3,Pentagon Space Pvt Ltd,AIML,Male,IT
102,AIML,Male,3495,IT,Trainee Engineer,Rushikesh Santosh Ghodake,2023-24,3,Qspider,AIML,Male,IT
103,AIML,Male,3500,IT,Trainee Engineer,Tejas Suchandra Waghmare,2023-24,3,Qspider,AIML,Male,IT
104,AIML,Male,3528,IT,Project Engineer,Jatin Sunil Sawant,2023-24,3.25,Tech Mahindra,AIML,Male,IT
105,AIML,Male,3529,IT,Project Engineer,Nihal Naushad Sayyad,2023-24,3.25,Tech Mahindra,AIML,Male,IT
106,AIML,Male,3558,IT,Trainee Engineer,Pranav Savant,2023-24,3,Kiran Academy,AIML,Male,IT
107,AIML,Male,3559,IT,Trainee Engineer,Digvijay Patil,2023-24,3,Kiran Academy,AIML,Male,IT
108,AIML,Male,3601,IT,Web Development Intern,Predeep Mokashi,2023-24,1.8,HDFC ERGO,AIML,Male,IT
109,AIML,Male,3602,IT,Android Development,Rahim Mahagonde,2023-24,1.2,Technolite,AIML,Male,IT
110,AIML,Male,3603,IT,Data Analyst intern,Safwan Hawale,2023-24,1.2,Lambda Resources,AIML,Male,IT
111,AIML,Male,3620,IT,ML-Analyst,Rishikesh Mane,2023-24,6,Course5,AIML,Male,IT
112,AIML,Male,3627,Non-IT,Business Development Associate, Hitesh Rajesh Sharma,2023-24,6.5,Corizo,AIML,Male,Non-IT
113,AIML,Male,3632,IT,Digital,Digvijay Dattatray Patil,2023-24,7.5,TCS,AIML,Male,IT
114,AIML,Male,3642,IT,Ninja,Atharv Santosh Patil,2023-24,3.38,TCS,AIML,Male,IT
115,AIML,Male,3655,IT,Ninja,Darshan Annasaheb Bastawade,2023-24,3.38,TCS,AIML,Male,IT
116,AIML,Male,3690,Non-IT,BDA,Yash Shyam Phulbagkar,2023-24,6,Edustation,AIML,Male,Non-IT
117,AIML,Male,3697,IT,Network Engineer,Aniket Mane,2024-25,18,CISCO,AIML,Male,IT
118,AIML,Male,3704,IT,Trainee Engineer,Arya Vikram Khochage,2024-25,3.5,Global Quest Technologies,AIML,Male,IT
119,AIML,Male,3709,IT,Trainee Engineer,Om Parasharam Shetake,2024-25,3.5,Global Quest Technologies,AIML,Male,IT
120,AIML,Male,3710,IT,Trainee Engineer,Omvighnesh Mangesh Koyande,2024-25,3.5,Global Quest Technologies,AIML,Male,IT
121,AIML,Male,3745,IT,Trainee Engineer,Aniket Chandrakant More,2024-25,3.5,QSpiders,AIML,Male,IT
122,AIML,Male,3757,IT,Trainee Engineer,Harshvardhan Daulat Kadam,2024-25,3.5,QSpiders,AIML,Male,IT
123,AIML,Male,3761,IT,Trainee Engineer,Kunal Pratap Patil,2024-25,3.5,QSpiders,AIML,Male,IT
124,AIML,Male,3777,IT,Trainee Engineer,Shivam Maruti Nandekar,2024-25,3.5,QSpiders,AIML,Male,IT
125,AIML,Male,3791,IT,Software Engineer,Aayush Kamalakar Vadagaonkar,2024-25,4,Hexaware Technologies Pvt. Ltd.,AIML,Male,IT
126,AIML,Male,3804,IT,Software Engineer,Dharmraj Annasaheb Patil,2024-25,4,Hexaware Technologies Pvt. Ltd.,AIML,Male,IT
127,AIML,Male,3808,IT,Software Engineer,GOURAV JAGANNATH KUMBHAR,2024-25,4,Hexaware Technologies Pvt. Ltd.,AIML,Male,IT
128,AIML,Male,3813,IT,Software Engineer,KEDARRAJE KIRAN GAIKWAD,2024-25,4,Hexaware Technologies Pvt. Ltd.,AIML,Male,IT
129,AIML,Male,3835,IT,Software Engineer,Shubham Kempanna Babanavar,2024-25,4,Hexaware Technologies Pvt. Ltd.,AIML,Male,IT
130,AIML,Male,3848,IT,Software Engineer,Vajresh Dattatray Kulkarni,2024-25,4,Hexaware Technologies Pvt. Ltd.,AIML,Male,IT
131,AIML,Male,3876,IT,Project Trainee,Kunal Pratap Patil,2024-25,3.25,TechMahindra,AIML,Male,IT
132,AIML,Male,3877,IT,Project Trainee,Rohit Sadanand Masti,2024-25,3.25,TechMahindra,AIML,Male,IT
133,AIML,Male,3878,IT,Project Trainee,Shivam Maruti Nandekar,2024-25,3.25,TechMahindra,AIML,Male,IT
134,AIML,Male,3913,IT,Software Engineer Trainee,Arya Vikram Khochage,2024-25,4,ApMoSys Technologies Pvt. Ltd.,AIML,Male,IT
135,AIML,Male,3914,IT,Software Engineer Trainee,Shubhankar Waman Kulkarni,2024-25,4,ApMoSys Technologies Pvt. Ltd.,AIML,Male,IT
136,AIML,Male,3929,IT,Functional Engineer,Arya Vikram Khochage,2024-25,2.5,Qualitykiosk Technologies Pvt Ltd,AIML,Male,IT
137,AIML,Male,3930,IT,Functional Engineer,Omvighnesh Mangesh Koyande,2024-25,2.5,Qualitykiosk Technologies Pvt Ltd,AIML,Male,IT
138,AIML,Male,3970,IT,Trainee Engineer,Jaykumar Prakash Patil,2024-25,3.5,"TCognition,Kolhapur",AIML,Male,IT
139,AIML,Male,4129,IT,Programmer Analyst,Jaykumar Prakash Patil,2024-25,4,Cognizent,AIML,Male,IT
140,AIML,Male,4141,IT,Technical Support,Akbar Aliahmed Khan,2024-25,3,AltiusTech Health IT Solutions LLP,AIML,Male,IT
141,AIML,Male,4167,IT,Associate Software Trainee,Arya Vikram Khochage,2024-25,3.5,Mouri Tech,AIML,Male,IT
142,AIML,Male,4181,IT,Software Engineer Trainee,Tejas Anil Patil,2025-26,4.8,Microlise,AIML,Male,IT
143,AIML,Male,4189,Non-IT,Trainee Engineer,Viraj Janardan Navasare,2025-26,3,K12 Techni Services,AIML,Male,Non-IT
144,AIML,Male,4195,IT,Full Stack,Chetan Mohan Raval,2025-26,3.5,ExcelR,AIML,Male,IT
145,AIML,Male,4206,IT,Trainee Engineer,Alkesh Rambhau Dhole,2025-26,3,Walstar Technologies Pvt. Ltd,AIML,Male,IT
146,AIML,Male,4298,Non-IT,Business Development Executive,Abhinav Shivaji Gavade,2025-26,7,Launched Global ,AIML,Male,Non-IT
147,AIML,Male,4299,Non-IT,Business Development Executive,Aniruddha Anil Ghatage,2025-26,7,Launched Global ,AIML,Male,Non-IT
148,AIML,Male,4300,Non-IT,Business Development Executive,Gufran Anjumkhan Naikwadi,2025-26,7,Launched Global ,AIML,Male,Non-IT
149,AIML,Male,4302,Non-IT,Business Development Executive,Rajvardhan Shivaji Dhenge,2025-26,7,Launched Global ,AIML,Male,Non-IT
150,AIML,Male,4303,Non-IT,Business Development Executive,Rajveer Prithviraj Desai,2025-26,7,Launched Global ,AIML,Male,Non-IT
151,AIML,Male,4304,Non-IT,Business Development Executive,Saiprasad Bhagvatrao Lendale,2025-26,7,Launched Global ,AIML,Male,Non-IT
152,AIML,Male,4326,Non-IT,Business Development Executive,Suparshav Mahaveer Patil,2025-26,7,Launched Global ,AIML,Male,Non-IT
153,AIML,Male,4387,Non-IT,Business Development Associate,Aniruddha Anil Ghatage,2025-26,6,Unlox Academy,AIML,Male,Non-IT
154,AIML,Male,4388,Non-IT,Business Development Associate,Gufran Anjumkhan Naikwadi,2025-26,6,Unlox Academy,AIML,Male,Non-IT
155,AIML,Male,4390,Non-IT,Business Development Associate,Rajvardhan Shivaji Dhenge,2025-26,6,Unlox Academy,AIML,Male,Non-IT
156,AIML,Male,4393,Non-IT,Business Development Associate,Suparshav Mahaveer Patil,2025-26,6,Unlox Academy,AIML,Male,Non-IT
157,AIML,Male,4394,Non-IT,Business Development Associate,Utkarsh Ramesh Maskar,2025-26,6,Unlox Academy,AIML,Male,Non-IT
158,AIML,Male,4416,IT,Software Engineer Trainee,Aniruddha Anil Ghatage,2025-26,2.5,"Greamio Technolgies, Pune",AIML,Male,IT
159,AIML,Male,4423,IT,Software Engineer Trainee,Manthan Dhanaji Shinde,2025-26,3.5,The Kiran Academy,AIML,Male,IT
160,AIML,Male,4483,Intern,React,Vinayak Murlidhar Rhatankar,2025-26,2.5,Walstar Techologies,AIML,Male,Intern
161,AIML,Male,4499,Intern,Software Engineer Trainee,Rajveer Prithviraj Desai,2025-26,4,TestYantra Software Solutions,AIML,Male,Intern
162,AIML,Male,4504,Intern,Software Engineer Trainee,Alkesh Rambhau Dhole,2025-26,4,TestYantra Software Solutions,AIML,Male,Intern
163,AIML,Male,4516,Non-IT,BDE,Gufran Anjumkhan Naikwadi,2025-26,8,"Edu Versity,Banglore",AIML,Male,Non-IT
164,AIML,Male,4519,Non-IT,BDE,Utkarsh Ramesh Maskar,2025-26,8,"Edu Versity,Banglore",AIML,Male,Non-IT
165,AIML,Male,4520,Non-IT,BDE,Ruturaj Ramdas Nikam,2025-26,8,"Edu Versity,Banglore",AIML,Male,Non-IT
166,AIML,Male,4521,Non-IT,BDE,Aniruddha Anil Ghatage,2025-26,8,"Edu Versity,Banglore",AIML,Male,Non-IT
167,AIML,Male,4522,Non-IT,BDE,Saiprasad Bhagvatrao Lendale,2025-26,8,"Edu Versity,Banglore",AIML,Male,Non-IT
168,AIML,Male,4524,Non-IT,BDE,Suyash Sujay Varekar,2025-26,8,"Edu Versity,Banglore",AIML,Male,Non-IT
169,AIML,Male,4525,Non-IT,BDE,Rajveer Prithviraj Desai,2025-26,8,"Edu Versity,Banglore",AIML,Male,Non-IT
170,AIML,Male,4550,IT,Software Engineer Trainee,Aniruddha Anil Ghatage,2025-26,2.5,ApMoSys Techologies,AIML,Male,IT
171,AIML,Male,4575,IT,Software Engineer,Abhinav Shivaji Gavade,2025-26,8.5,Hewlett Packard (HP),AIML,Male,IT
172,AIML,Male,4593,Non-IT,Inside Sales Executive,Manthan Dhanaji Shinde,2025-26,8.2,GlowLogics Solutions Pvt Ltd,AIML,Male,Non-IT
173,AIML,Male,4602,Non-IT,Inside Sales Executive,Vaibhav Prakash Buddhe,2025-26,17.2,GlowLogics Solutions Pvt Ltd,AIML,Male,Non-IT
174,Chem,Female,2509,IT,Associate Professional,Vidya Pandurang Waghmode,2022-23,4.2,DXC Technology,Chem,Female,IT
175,Chem,Female,2793,Non-IT,Subject Matter Expert,Divya Hanumant Jagadale,2022-23,3,Chegg,Chem,Female,Non-IT
176,Chem,Female,2795,Non-IT,Subject Matter Expert,Rasika Kishor Bhatkar,2022-23,3,Chegg,Chem,Female,Non-IT
177,Chem,Female,2821,Non-IT,Subject Matter Expert,Vidya Pandurang Waghmode,2022-23,3,Chegg,Chem,Female,Non-IT
178,Chem,Female,2890,Non-IT,Subject Matter Expert,Shreya Subhash Taraye,2022-23,3,Chegg,Chem,Female,Non-IT
179,Chem,Female,2893,Non-IT,Subject Matter Expert,Sandhya Suresh Chavan,2022-23,3,Chegg,Chem,Female,Non-IT
180,Chem,Female,3072,Non-IT,GET,Divya Jagdale,2022-23,2.16,Laxmi Organics,Chem,Female,Non-IT
181,Chem,Female,3074,Non-IT,GET,Mrunmayee Ingle,2022-23,2.16,Laxmi Organics,Chem,Female,Non-IT
182,Chem,Female,3077,Non-IT,GET,Shreya Taraye,2022-23,2.16,Laxmi Organics,Chem,Female,Non-IT
183,Chem,Female,3078,Non-IT,GET,Rasika Bhatkar,2022-23,2.16,Laxmi Organics,Chem,Female,Non-IT
184,Chem,Female,3082,Non-IT,GET,Tabbsum Usman Shaikh,2022-23,3,Privi Speciality Chemicals Limited,Chem,Female,Non-IT
185,Chem,Female,3155,Non-IT,Jr.Risk & Safety Engineer, Sandhya Suresh Chavan,2022-23,4,Techniche Engg. Pvt ltd,Chem,Female,Non-IT
186,Chem,Female,3166,Non-IT,Trainee Engineer,Rashmi Khond,2022-23,2.4,Y- Chem Consultant Mumbai,Chem,Female,Non-IT
187,Chem,Female,3181,Non-IT,GET,Prajakta Pratapsinha Patil,2022-23,2.25,"Fluid Systems., Pune",Chem,Female,Non-IT
188,Chem,Female,3182,Non-IT,GET,Sandhya Chavan,2022-23,2.25,"Fluid Systems., Pune",Chem,Female,Non-IT
189,Chem,Female,3263,Non-IT,GET,Prerana Rajkumar Sugatekar,2023-24,5.15,Worley,Chem,Female,Non-IT
190,Chem,Female,3522,Non-IT,GET, Trupti Ankush Shinde,2023-24,6.5,Technimont,Chem,Female,Non-IT
191,Chem,Female,3523,Non-IT,GET,Vaibhavi Ajit Ghare,2023-24,6.5,Technimont,Chem,Female,Non-IT
192,Chem,Female,3573,Non-IT,GET, Sonali Baburao Sutar,2023-24,2.25,TKT Engineering,Chem,Female,Non-IT
193,Chem,Female,3587,Non-IT,GET, Sonali Baburao Sutar,2023-24,4.5,Praj Industries Limited.,Chem,Female,Non-IT
194,Chem,Female,3591,Non-IT,GET,Rajlaxmi Jadhav,2023-24,2.4,"Chemsep India Pvt. Ltd., Pune",Chem,Female,Non-IT
195,Chem,Female,3592,Non-IT,GET,Priyanka jadhav,2023-24,2.4,"Chemsep India Pvt. Ltd., Pune",Chem,Female,Non-IT
196,Chem,Female,3594,Non-IT,GET,Himani Bhoyar,2023-24,1.8,"Sepadu Tech Pvt. Ltd., Mumbai",Chem,Female,Non-IT
197,Chem,Female,3621,Non-IT,GET,Shejal Tanaji Sutar,2023-24,3,Aarati Pharmaceuticals,Chem,Female,Non-IT
198,Chem,Female,3988,Non-IT,Apprentice Engineer,Rutuja Dhananjay kadam,2024-25,3,Diageo India,Chem,Female,Non-IT
199,Chem,Female,3989,Non-IT,Apprentice Engineer,Soniya Shivaji Patil,2024-25,3,Diageo India,Chem,Female,Non-IT
200,Chem,Female,3990,Non-IT,Apprentice Engineer,Soumya Dilip Rukadikar,2024-25,3,Diageo India,Chem,Female,Non-IT
201,Chem,Female,4054,Non-IT,GET,Soumya Dilip Rukadikar,2024-25,1.8,"ChemSepT Engineering Pvt Ltd, Pune",Chem,Female,Non-IT
202,Chem,Female,4057,Non-IT,GET,Devayani Santosh Badave,2024-25,1.8,"ChemSepT Engineering Pvt Ltd, Pune",Chem,Female,Non-IT
203,Chem,Female,4059,Non-IT,GET,Soniya Shivaji Patil,2024-25,1.8,"ChemSepT Engineering Pvt Ltd, Pune",Chem,Female,Non-IT
204,Chem,Female,4061,Non-IT,GET,Sanika Namdev Kashid,2024-25,1.8,"ChemSepT Engineering Pvt Ltd, Pune",Chem,Female,Non-IT
205,Chem,Female,4148,Non-IT,GET,Sajiya Riyaj Mulla,2024-25,1.8,CH Four energy solution,Chem,Female,Non-IT
206,Chem,Female,4150,Non-IT,GET,Gayatri Ashok Kshirsagar,2024-25,4,Accent Techno Solution,Chem,Female,Non-IT
207,Chem,Female,4152,Non-IT,GET,Tahura Mujeeb Kaktikar,2024-25,4,Accent Techno Solution,Chem,Female,Non-IT
208,Chem,Female,4590,Non-IT,GET,Saniya Harun Mullani,2025-26,3,MOSIL Lubricants,Chem,Female,Non-IT
209,Chem,Male,1234,Non-IT,GET,Rahul Kolekar,2020-21,1.8,Aarati Drugs,Chem,Male,Non-IT
210,Chem,Male,2508,IT,Associate Professional,Siddhesh Ramesh Chandole,2022-23,4.2,DXC Technology,Chem,Male,IT
211,Chem,Male,2638,IT,System Engineer,Aniket Ananda Shinde,2022-23,3.36,Tata Consultancy Services,Chem,Male,IT
212,Chem,Male,2648,Non-IT,GET,Viren Narendra Awaghade,2022-23,5.1,Worley,Chem,Male,Non-IT
213,Chem,Male,2752,Non-IT,GET,Onkar Bhanudas Gavade,2022-23,4,Deccan Chemicals,Chem,Male,Non-IT
214,Chem,Male,2764,Non-IT,Subject Matter Expert,Abhishek Sanjay Danane,2022-23,3,Chegg,Chem,Male,Non-IT
215,Chem,Male,2773,Non-IT,Subject Matter Expert,Abhijeet Pandurang Chougale,2022-23,3,Chegg,Chem,Male,Non-IT
216,Chem,Male,2781,Non-IT,Subject Matter Expert,Aniket Mohan Khatangale,2022-23,3,Chegg,Chem,Male,Non-IT
217,Chem,Male,2800,Non-IT,Subject Matter Expert,Sumit Vasantrao Suryawanshi,2022-23,3,Chegg,Chem,Male,Non-IT
218,Chem,Male,2803,Non-IT,Subject Matter Expert,Aniket Ananda Shinde,2022-23,3,Chegg,Chem,Male,Non-IT
219,Chem,Male,2874,Non-IT,Subject Matter Expert,Vishvajeet Narayan Muthal,2022-23,3,Chegg,Chem,Male,Non-IT
220,Chem,Male,2894,Non-IT,Subject Matter Expert,Vaibhav Suresh Akkole,2022-23,3,Chegg,Chem,Male,Non-IT
221,Chem,Male,2906,Non-IT,Subject Matter Expert,Ranjan Popatrao Yadav,2022-23,3,Chegg,Chem,Male,Non-IT
222,Chem,Male,2939,Non-IT,Subject Matter Expert,Uday Manoj Deshmukh,2022-23,3,Chegg,Chem,Male,Non-IT
223,Chem,Male,2980,Non-IT,Subject Matter Expert,Uday Manoj Deshmukh,2022-23,3,Chegg,Chem,Male,Non-IT
224,Chem,Male,2982,Non-IT,Subject Matter Expert,Akash Gyanaba Waghmare,2022-23,3,Chegg,Chem,Male,Non-IT
225,Chem,Male,3058,Non-IT,GAT,Amrut Mali,2022-23,2.4,Deepak Nova,Chem,Male,Non-IT
226,Chem,Male,3059,Non-IT,GAT,Kshiteej Naik,2022-23,2.4,Deepak Nova,Chem,Male,Non-IT
227,Chem,Male,3060,Non-IT,GAT,Mohan Bahire,2022-23,2.4,Deepak Nova,Chem,Male,Non-IT
228,Chem,Male,3064,Non-IT,GET,Saklen Vakil Tamboli,2022-23,2.16,Laxmi Organics,Chem,Male,Non-IT
229,Chem,Male,3065,Non-IT,GET, Amol Appa Thavare,2022-23,2.16,Laxmi Organics,Chem,Male,Non-IT
230,Chem,Male,3066,Non-IT,GET, Akash Gyanaba Waghmare,2022-23,2.16,Laxmi Organics,Chem,Male,Non-IT
231,Chem,Male,3067,Non-IT,GET,Akash Shintre,2022-23,2.16,Laxmi Organics,Chem,Male,Non-IT
232,Chem,Male,3068,Non-IT,GET,Akshay Karande,2022-23,2.16,Laxmi Organics,Chem,Male,Non-IT
233,Chem,Male,3069,Non-IT,GET,Amol Patil,2022-23,2.16,Laxmi Organics,Chem,Male,Non-IT
234,Chem,Male,3070,Non-IT,GET,Aniket Shinde,2022-23,2.16,Laxmi Organics,Chem,Male,Non-IT
235,Chem,Male,3071,Non-IT,GET,Aniket Jadhav,2022-23,2.16,Laxmi Organics,Chem,Male,Non-IT
236,Chem,Male,3073,Non-IT,GET,Kunal Sayankar,2022-23,2.16,Laxmi Organics,Chem,Male,Non-IT
237,Chem,Male,3075,Non-IT,GET,Piyush Wagh,2022-23,2.16,Laxmi Organics,Chem,Male,Non-IT
238,Chem,Male,3076,Non-IT,GET,Rohit Khopade,2022-23,2.16,Laxmi Organics,Chem,Male,Non-IT
239,Chem,Male,3080,Non-IT,GET,Parvez Gardi,2022-23,3.5,Pyramid Consulting Engineers Pvt Ltd,Chem,Male,Non-IT
240,Chem,Male,3081,Non-IT,GET, Pratik Raju Parate,2022-23,3,Privi Speciality Chemicals Limited,Chem,Male,Non-IT
241,Chem,Male,3104,Non-IT,GET, Saurav sanjay patil,2022-23,2.75,WTE Infra,Chem,Male,Non-IT
242,Chem,Male,3105,Non-IT,GET,Shubham Katale,2022-23,2.75,WTE Infra,Chem,Male,Non-IT
243,Chem,Male,3106,Non-IT,Trainee Engineer,Abhishek Tekale,2022-23,2.25,Bectochem,Chem,Male,Non-IT
244,Chem,Male,3107,Non-IT,Trainee Engineer,Pratik Parate,2022-23,2.25,Bectochem,Chem,Male,Non-IT
245,Chem,Male,3108,Non-IT,Junior Engineer,Akash Naiknaware,2022-23,2.64,Baramati Agro,Chem,Male,Non-IT
246,Chem,Male,3156,Non-IT,Jr.Risk & Safety Engineer, Sumit Vasantrao Suryawanshi,2022-23,4,Techniche Engg. Pvt ltd,Chem,Male,Non-IT
247,Chem,Male,3157,Non-IT,GET,Sachin Jaware,2022-23,3.5,NGL Ltd,Chem,Male,Non-IT
248,Chem,Male,3167,Non-IT,Trainee Engineer,Uday Deshmukh,2022-23,2.5,"Knitcon Processes Pvt. Ltd., Pune",Chem,Male,Non-IT
249,Chem,Male,3168,Non-IT,Trainee Engineer,Ranjan Yadav,2022-23,2.5,"Knitcon Processes Pvt. Ltd., Pune",Chem,Male,Non-IT
250,Chem,Male,3169,Non-IT,Trainee Engineer,Aniket Khatangale,2022-23,3,"Rajdeep Engg. Pvt. Lyd., Pune",Chem,Male,Non-IT
251,Chem,Male,3170,Non-IT,Trainee Engineer,Shantanu Phadtare,2022-23,3,"Rajdeep Engg. Pvt. Lyd., Pune",Chem,Male,Non-IT
252,Chem,Male,3171,Non-IT,GET,Afnan Shaikh,2022-23,4,"Astec Life Sciences Ltd., Mumbai",Chem,Male,Non-IT
253,Chem,Male,3172,Non-IT,GET,Sujit Shivaji Patil,2022-23,2.4,"Amoli Organics Ltd.,Vapi, Gujrat",Chem,Male,Non-IT
254,Chem,Male,3173,Non-IT,GET,Onkar Janardan Patil,2022-23,2.4,"Amoli Organics Ltd. Vapi, Gujrat",Chem,Male,Non-IT
255,Chem,Male,3174,Non-IT,GET,Amar Balasaheb Lamkane,2022-23,2.4,"Amoli Organics Ltd. Vapi, Gujrat",Chem,Male,Non-IT
256,Chem,Male,3175,Non-IT,GET,Sandip Patangrao Chavan,2022-23,2.4,"Amoli Organics Ltd. Vapi, Gujrat",Chem,Male,Non-IT
257,Chem,Male,3176,Non-IT,GET,Vishwaraj Chougule,2022-23,4,"Alkyl Amines Ltd., Kurkumbh",Chem,Male,Non-IT
258,Chem,Male,3177,Non-IT,GET,Shubham Santaji Mane,2022-23,3.5,Manal Enterprizes Pune,Chem,Male,Non-IT
259,Chem,Male,3178,Non-IT,GET,Rahul Govind Mohite,2022-23,3,"I.G.P.L., Taloja Mumbai",Chem,Male,Non-IT
260,Chem,Male,3179,Non-IT,GET,saurav sanjay patil,2022-23,3,"I.G.P.L., Taloja Mumbai",Chem,Male,Non-IT
261,Chem,Male,3180,Non-IT,GET,Rohit Raju Alande,2022-23,3,"I.G.P.L., Taloja Mumbai",Chem,Male,Non-IT
262,Chem,Male,3183,Non-IT,GET,Sujitkumar Mali,2022-23,9,"Excel Industries Ltd., Lote",Chem,Male,Non-IT
263,Chem,Male,3184,Non-IT,GET,Dhairysheel Ghorpade,2022-23,2.2,"Unichem Labs Ltd, Kolhapur",Chem,Male,Non-IT
264,Chem,Male,3185,Non-IT,GET,Abhishek Sanjay Danane,2022-23,3,"I.G.P.L., Taloja Mumbai",Chem,Male,Non-IT
265,Chem,Male,3186,Non-IT,GET,Satyajeet Waingade,2022-23,2.4,"Cipla Ltd., Patalganga",Chem,Male,Non-IT
266,Chem,Male,3187,Non-IT,GET,Sandip Chavan,2022-23,2,"Vinati Organics Ltd., Chipun",Chem,Male,Non-IT
267,Chem,Male,3188,Non-IT,GET,Sujit Patil,2022-23,2,"Vinati Organics Ltd., Chipun",Chem,Male,Non-IT
268,Chem,Male,3189,Non-IT,GET,Amar Balasaheb Lamkane,2022-23,2.16,Baramati Agrochemicals Baramati,Chem,Male,Non-IT
269,Chem,Male,3190,Non-IT,GET,Abhishek Tekale,2022-23,3,"Aeon India Corporation Ltd., Pirangut, Pune",Chem,Male,Non-IT
270,Chem,Male,3191,Non-IT,GET,Vishwajeet Muthal,2022-23,2.5,"Fluid Systems., Pune",Chem,Male,Non-IT
271,Chem,Male,3192,Non-IT,GET,Kishor Jadhav,2022-23,1.8,"USV Ltd., Chiplun",Chem,Male,Non-IT
272,Chem,Male,3193,Non-IT,GET,Karan Satish Shedage,2022-23,1.8,"USV Ltd., Chiplun",Chem,Male,Non-IT
273,Chem,Male,3194,Non-IT,GET,Abhijit Chougule,2022-23,1.8,"USV Ltd., Chiplun",Chem,Male,Non-IT
274,Chem,Male,3290,IT,Subject Matter Expert,Krishna Masnaji Narote,2023-24,3,Chegg India,Chem,Male,IT
275,Chem,Male,3291,IT,Subject Matter Expert,Mahantesh Sanjay Kore,2023-24,3,Chegg India,Chem,Male,IT
276,Chem,Male,3292,IT,Subject Matter Expert,Saurabh Krishna Nalugade,2023-24,3,Chegg India,Chem,Male,IT
277,Chem,Male,3293,IT,Subject Matter Expert,Vinayak Rajendra Chavan,2023-24,3,Chegg India,Chem,Male,IT
278,Chem,Male,3572,Non-IT,GET, Aditya Pandit Patil,2023-24,2.25,TKT Engineering,Chem,Male,Non-IT
279,Chem,Male,3577,Non-IT,GET, Bhavesh D Mahajan,2023-24,3,Techniche,Chem,Male,Non-IT
280,Chem,Male,3578,Non-IT,GET,Rohan Mukund Jadhav,2023-24,3,Techniche,Chem,Male,Non-IT
281,Chem,Male,3579,Non-IT,GET, Shivraj Sanjay Shete,2023-24,3,Techniche,Chem,Male,Non-IT
282,Chem,Male,3581,Non-IT,GET,"
 Vijay Suresh Bhiungade",2023-24,3.5,Aarati Pharmaceuticals,Chem,Male,Non-IT
283,Chem,Male,3582,Non-IT,GET,Swapnil Nivrutti Patil,2023-24,3.5,Aarati Pharmaceuticals,Chem,Male,Non-IT
284,Chem,Male,3585,Non-IT,GET,Mayur Sunil Patil,2023-24,4.5,Praj Industries Limited.,Chem,Male,Non-IT
285,Chem,Male,3586,Non-IT,GET,Sohel Khalid Nadaf,2023-24,4.5,Praj Industries Limited.,Chem,Male,Non-IT
286,Chem,Male,3589,Non-IT,GET,Vijay Suresh Bhiungade,2023-24,2.85,"Ensys Engineering Pvt. Ltd, Pune",Chem,Male,Non-IT
287,Chem,Male,3590,Non-IT,GET,Mayur Sunil Patil,2023-24,3,"Harmony organics Pvt. Ltd., Pune",Chem,Male,Non-IT
288,Chem,Male,3593,Non-IT,GET,Swaroop Pawar,2023-24,2.4,"Chemsep India Pvt. Ltd., Pune",Chem,Male,Non-IT
289,Chem,Male,3595,Non-IT,GET,Uday Gurav,2023-24,3,"Harmony organics Pvt. Ltd., Pune",Chem,Male,Non-IT
290,Chem,Male,3596,Non-IT,GET,Kirtiraj Chougule,2023-24,2.4,"Chemsep India Pvt. Ltd., Pune",Chem,Male,Non-IT
291,Chem,Male,3597,Non-IT,GET,Himanshu Deshmukh,2023-24,3.5,"LCS Services Pvt. Ltd., Baroda",Chem,Male,Non-IT
292,Chem,Male,3598,Non-IT,GET,Harsh Khanviklar,2023-24,3,"Harmony organics Pvt. Ltd., Pune",Chem,Male,Non-IT
293,Chem,Male,3599,Non-IT,GET,Atharva Dhere,2023-24,3,"Harmony organics Pvt. Ltd., Pune",Chem,Male,Non-IT
294,Chem,Male,3600,Non-IT,GET,Vivek S. Koli,2023-24,3,"Proton Engg. Consultancy and Services, Thane",Chem,Male,Non-IT
295,Chem,Male,3612,Non-IT,GET,Atharv Chafale,2023-24,3.6,"Rajdeep Engg. Pvt. Ltd, Pune",Chem,Male,Non-IT
296,Chem,Male,3613,Non-IT,GET,Sankalpraj Salunkhe,2023-24,3.6,"Rajdeep Engg. Pvt. Ltd, Pune",Chem,Male,Non-IT
297,Chem,Male,3614,Non-IT,GET,Rahul Patil,2023-24,3.6,"Rajdeep Engg. Pvt. Ltd, Pune",Chem,Male,Non-IT
298,Chem,Male,3615,Non-IT,GET,Krishna Narote,2023-24,3.6,"Rajdeep Engg. Pvt. Ltd, Pune",Chem,Male,Non-IT
299,Chem,Male,3617,Non-IT,GET,Harsh Subodh Khanvilkar,2023-24,6,Excel Industries,Chem,Male,Non-IT
300,Chem,Male,3618,Non-IT,GET,Vaibhav Rathod,2023-24,3.6,Excel Industries,Chem,Male,Non-IT
301,Chem,Male,3619,Non-IT,GET,Sudesh Patil,2023-24,3.6,Excel Industries,Chem,Male,Non-IT
302,Chem,Male,3622,Non-IT,GET,Adil Aslam Desai,2023-24,3,Aarati Pharmaceuticals,Chem,Male,Non-IT
303,Chem,Male,3656,Non-IT,GET,Nitiraj More,2023-24,3,Vinati Organics Ltd,Chem,Male,Non-IT
304,Chem,Male,3657,Non-IT,GET, Sourabh Kadam,2023-24,3,Vinati Organics Ltd,Chem,Male,Non-IT
305,Chem,Male,3659,Non-IT,GET,Mandar Indulkar,2023-24,5,Hikal Ltd,Chem,Male,Non-IT
306,Chem,Male,3663,Non-IT,GET,Bharat Mundhe,2023-24,3,"Harmony organics Pvt. Ltd., Pune",Chem,Male,Non-IT
307,Chem,Male,3664,Non-IT,GET,Ganesh Narbat,2023-24,3,"Aarti Pharmalabs Pvt. Ltd., Mumbai",Chem,Male,Non-IT
308,Chem,Male,3665,Non-IT,GET,Gaurav Chougule,2023-24,2.24,"USV Ltd., Lote",Chem,Male,Non-IT
309,Chem,Male,3666,Non-IT,GET,Gaurav Chougule,2023-24,2.5,"Aarti Pharmalabs Pvt. Ltd.,Vapi",Chem,Male,Non-IT
310,Chem,Male,3667,Non-IT,GET,Omkar Taukari,2023-24,3,"Vinati Organics Ltd., Lote",Chem,Male,Non-IT
311,Chem,Male,3668,Non-IT,GET,Pritam Patil,2023-24,3,"Vinati Organics Ltd., Lote",Chem,Male,Non-IT
312,Chem,Male,3669,Non-IT,GET,Saad Banchar,2023-24,3,"Akers Gas Pvt. Ltd., Pune",Chem,Male,Non-IT
313,Chem,Male,3670,Non-IT,GET,Shivraj Bhandigare,2023-24,2.4,"Aarti Pharmalabs Pvt. Ltd.,Vapi",Chem,Male,Non-IT
314,Chem,Male,3671,Non-IT,GET,Vahid Jamadar,2023-24,3,"Deepak Nitrites Limited, Roha",Chem,Male,Non-IT
315,Chem,Male,3672,Non-IT,GET,Vishal Shevale,2023-24,3,"Deepak Nitrites Limited, Roha",Chem,Male,Non-IT
316,Chem,Male,3866,Non-IT,GET,Aditya Bhalchandra Joshi,2024-25,6,Technimont,Chem,Male,Non-IT
317,Chem,Male,3867,Non-IT,GET,Gayatri Santosh Bedare,2024-25,6,Technimont,Chem,Male,Non-IT
318,Chem,Male,3868,Non-IT,GET,Prashant Ravsaheb Yadav,2024-25,6,Technimont,Chem,Male,Non-IT
319,Chem,Male,3869,Non-IT,GET,Sanika Shivaji Shingare,2024-25,6,Technimont,Chem,Male,Non-IT
320,Chem,Male,3983,Non-IT,GET,Atharva R Shintre,2024-25,7,Toyo Engineering,Chem,Male,Non-IT
321,Chem,Male,3984,Non-IT,GET,Yashpal Vasantrao Sonare,2024-25,2.4,"Darshan Chemicals Ltd. , Mumbai",Chem,Male,Non-IT
322,Chem,Male,3985,Non-IT,GET,Yash Rahul Belekar,2024-25,2.4,"Darshan Chemicals Ltd., Mumbai",Chem,Male,Non-IT
323,Chem,Male,3993,Non-IT,GET,Aman Zakirhusen Sandi,2024-25,2.16,"Satyam Petrochemicals Ltd., Umbraj",Chem,Male,Non-IT
324,Chem,Male,3994,Non-IT,GET,Arman Shankar Bavdekar,2024-25,2.16,"Satyam Petrochemicals Ltd., Umbraj",Chem,Male,Non-IT
325,Chem,Male,3995,Non-IT,GET,Prathmesh Rajesh Arwade,2024-25,2.16,"Satyam Petrochemicals Ltd., Umbraj",Chem,Male,Non-IT
326,Chem,Male,3996,Non-IT,GET,Shivprasad Nagesh Nilakhe,2024-25,2.16,"Satyam Petrochemicals Ltd., Umbraj",Chem,Male,Non-IT
327,Chem,Male,3997,Non-IT,GET,Yash Parashram Meswadikar,2024-25,2.16,"Satyam Petrochemicals Ltd., Umbraj",Chem,Male,Non-IT
328,Chem,Male,3998,Non-IT,GET,Aditya Popat Patil,2024-25,2.16,"Satyam Petrochemicals Ltd., Umbraj",Chem,Male,Non-IT
329,Chem,Male,4045,Non-IT,GET,Sujeet Sanjay Mane,2024-25,1.8,"Harmony Organics Pvt Ltd, Kurkumbh",Chem,Male,Non-IT
330,Chem,Male,4046,Non-IT,GET,Shubham Shivaji Gavad,2024-25,1.8,"Harmony Organics Pvt Ltd, Kurkumbh",Chem,Male,Non-IT
331,Chem,Male,4047,Non-IT,GET,Ashutosh Amar Kadam,2024-25,1.8,"Harmony Organics Pvt Ltd, Kurkumbh",Chem,Male,Non-IT
332,Chem,Male,4048,Non-IT,GET,Guruprasad M. Desai,2024-25,1.8,"Harmony Organics Pvt Ltd, Kurkumbh",Chem,Male,Non-IT
333,Chem,Male,4049,Non-IT,GET,Kshitij Suresh Waidande,2024-25,1.8,"Harmony Organics Pvt Ltd, Kurkumbh",Chem,Male,Non-IT
334,Chem,Male,4050,Non-IT,GET,Gopi Kumar Kapare,2024-25,1.8,"Harmony Organics Pvt Ltd, Kurkumbh",Chem,Male,Non-IT
335,Chem,Male,4051,Non-IT,GET,Pranav Suresh Patil,2024-25,1.8,"Harmony Organics Pvt Ltd, Kurkumbh",Chem,Male,Non-IT
336,Chem,Male,4052,Non-IT,GET,Shubham Vijay Karbhari,2024-25,1.8,"Harmony Organics Pvt Ltd, Kurkumbh",Chem,Male,Non-IT
337,Chem,Male,4053,Non-IT,GET,Pranav Dnyaneshwar Khotale,2024-25,1.8,"Jindal Specialty Chemicals, Gujarat",Chem,Male,Non-IT
338,Chem,Male,4055,Non-IT,GET,Ajaykumar Sanjay More,2024-25,1.8,"ChemSepT Engineering Pvt Ltd, Pune",Chem,Male,Non-IT
339,Chem,Male,4056,Non-IT,GET,Sai Nivas Chavan,2024-25,1.8,"ChemSepT Engineering Pvt Ltd, Pune",Chem,Male,Non-IT
340,Chem,Male,4058,Non-IT,GET,Reva Arun Patil,2024-25,1.8,"ChemSepT Engineering Pvt Ltd, Pune",Chem,Male,Non-IT
341,Chem,Male,4060,Non-IT,GET,Aditya Jaysing Patil,2024-25,1.8,"ChemSepT Engineering Pvt Ltd, Pune",Chem,Male,Non-IT
342,Chem,Male,4062,Non-IT,GET,Om Pandurang Thombare,2024-25,1.8,"S-CUBE Mass Transfer Pvt Ltd, Pune",Chem,Male,Non-IT
343,Chem,Male,4063,Non-IT,GET,Shriraj Jalindar Nikam,2024-25,1.8,"Reva Process Technology, Pune",Chem,Male,Non-IT
344,Chem,Male,4064,Non-IT,GET,Pratik Sunil Madake,2024-25,1.8,"Reva Process Technology, Pune",Chem,Male,Non-IT
345,Chem,Male,4065,Non-IT,GET,Karan Udaysinh Sawant,2024-25,1.8,"ACME Process Systems Pvt Ltd, Pune",Chem,Male,Non-IT
346,Chem,Male,4100,Non-IT,GET,Sujeet Sanjay Mane,2024-25,2.5,Vinati Organics,Chem,Male,Non-IT
347,Chem,Male,4101,Non-IT,GET,Kshitij Suresh Waidande,2024-25,2.5,Vinati Organics,Chem,Male,Non-IT
348,Chem,Male,4102,Non-IT,GET,Abhishek Sandipan Bhosale,2024-25,2.5,Praxys Project Engineers Private Limited,Chem,Male,Non-IT
349,Chem,Male,4107,Intern,,Shubham Kamble,2024-25,,,Chem,Male,Intern
350,Chem,Male,4149,Non-IT,GET,Amol Vinayak Patil,2024-25,3,Jindal Speciality Chemicals Ltd,Chem,Male,Non-IT
351,Chem,Male,4151,Non-IT,GET,Karan Udaysinh Sawant,2024-25,4,Accent Techno Solution,Chem,Male,Non-IT
352,Chem,Male,4230,Non-IT,GET,Adinath Mahadev Vaje,2025-26,3,M J Biopharm,Chem,Male,Non-IT
353,Chem,Male,4231,Non-IT,GET,Shreyash Uday Patil,2025-26,3,M J Biopharm,Chem,Male,Non-IT
354,Chem,Male,4232,Non-IT,GET,Sujit Sambhaji Patil,2025-26,3,M J Biopharm,Chem,Male,Non-IT
355,Chem,Male,4430,Non-IT,GET,Kiran Balasaheb Dhere,2025-26,5.46,Tecnimont,Chem,Male,Non-IT
356,Chem,Male,4458,Non-IT,GET,Chirag Shantinath Ambai,2025-26,2.5,Darshan Chemicals,Chem,Male,Non-IT
357,Chem,Male,4459,Non-IT,GET,Yash Sunil Walvekar,2025-26,2.5,Darshan Chemicals,Chem,Male,Non-IT
358,Chem,Male,4620,Non-IT,GET,Yash Krishnat Gardi,2025-26,5.5,Solar Group,Chem,Male,Non-IT
359,Chem,Male,4621,Non-IT,GET,Yash Sudhir Chavan,2025-26,5.5,Solar Group,Chem,Male,Non-IT
360,Chem,Male,4622,Non-IT,GET,Abhijeet Tanaji Patil,2025-26,5.5,Solar Group,Chem,Male,Non-IT
361,Chemical,Female,125,Non-IT,GET,Suvarna Mote,2017-18,2.6,"Privi Organics Ltd, Mahad",Chemical,Female,Non-IT
362,Chemical,Female,136,Non-IT,GET,Diksha Kamble,2017-18,1.8,"Aditi Chemicals Ltd, Sangli",Chemical,Female,Non-IT
363,Chemical,Female,436,Non-IT,GET,Vaishnavi Kanetkar,2018-19,2.8,PRIVI Organics Ltd. Mahad,Chemical,Female,Non-IT
364,Chemical,Female,437,Non-IT,GET,Anjali Patil,2018-19,3.5,DIAGEO India Ltd. Barmati,Chemical,Female,Non-IT
365,Chemical,Female,438,Non-IT,GET,Shivani Jaiswal,2018-19,3.5,"DIAGEO India Ltd., Baramati",Chemical,Female,Non-IT
366,Chemical,Female,441,Non-IT,GET,Damini Kamble,2018-19,3,"Laxmi Organics Ltd., Mahad",Chemical,Female,Non-IT
367,Chemical,Female,543,Non-IT,GAT,Afreed Javed Mujawar,2019-20,2,Darshan Chemicals,Chemical,Female,Non-IT
368,Chemical,Female,545,Non-IT,GET,Aishwarya Rajput,2019-20,2.4,"Privi Organics Ltd., Mahad",Chemical,Female,Non-IT
369,Chemical,Female,549,Non-IT,GET,Afrred Mujawar,2019-20,2,Darshan Chemicals Ltd.,Chemical,Female,Non-IT
370,Chemical,Female,973,Non-IT,GET,Divya Dongare,2020-21,2.28,"Imvedu technologies Ltd, Mumbai",Chemical,Female,Non-IT
371,Chemical,Female,1435,Non-IT,Community Influncer,Vasundhara Shende,2021-22,3,MentorBoxx,Chemical,Female,Non-IT
372,Chemical,Female,1600,IT,GenC - Select,kanishka kiran patil,2021-22,4,Cognizant,Chemical,Female,IT
373,Chemical,Female,1601,IT,GenC - Select,Minesh Namdev Rajput,2021-22,4,Cognizant,Chemical,Female,IT
374,Chemical,Female,1732,Non-IT,GET,Kanishka patil,2021-22,4,Worley India,Chemical,Female,Non-IT
375,Chemical,Female,1856,Non-IT,GET,Prajakta Shinde,2021-22,2.4,Arkchem Process Pvt Ltd,Chemical,Female,Non-IT
376,Chemical,Female,1858,Non-IT,GET,Vasundhara Shende,2021-22,2.4,Arkchem Process Pvt Ltd,Chemical,Female,Non-IT
377,Chemical,Female,1859,Non-IT,GET,Pooja Khot,2021-22,2.4,Arkchem Process Pvt Ltd,Chemical,Female,Non-IT
378,Chemical,Female,1863,Non-IT,Trainee Engineer,Avantika Tikale,2021-22,2.4,TuringMinds.Ai,Chemical,Female,Non-IT
379,Chemical,Female,1876,Non-IT,GET,Pranali Uttam Kapase,2021-22,3.2,Aquachem Enviro Engg. Pvt. Ltd,Chemical,Female,Non-IT
380,Chemical,Female,2061,Non-IT,Community Influncer,Vasundhara Shende,2021-22,3,MentorBoxx,Chemical,Female,Non-IT
381,Chemical,Female,2226,IT,GenC - Select,kanishka kiran patil,2021-22,4,Cognizant,Chemical,Female,IT
382,Chemical,Female,2227,IT,GenC - Select,Minesh Namdev Rajput,2021-22,4,Cognizant,Chemical,Female,IT
383,Chemical,Female,2358,Non-IT,GET,Kanishka patil,2021-22,4,Worley India,Chemical,Female,Non-IT
384,Chemical,Female,2482,Non-IT,GET,Prajakta Shinde,2021-22,2.4,Arkchem Process Pvt Ltd,Chemical,Female,Non-IT
385,Chemical,Female,2484,Non-IT,GET,Vasundhara Shende,2021-22,2.4,Arkchem Process Pvt Ltd,Chemical,Female,Non-IT
386,Chemical,Female,2485,Non-IT,GET,Pooja Khot,2021-22,2.4,Arkchem Process Pvt Ltd,Chemical,Female,Non-IT
387,Chemical,Female,2489,Non-IT,Trainee Engineer,Avantika Tikale,2021-22,2.4,TuringMinds.Ai,Chemical,Female,Non-IT
388,Chemical,Female,2502,Non-IT,GET,Pranali Uttam Kapase,2021-22,3.2,Aquachem Enviro Engg. Pvt. Ltd,Chemical,Female,Non-IT
389,Chemical,Male,28,Non-IT,BDE - HVAC,Kamble Amruta agatrao,2016-17,1.8,"Esaplling Pvt Ltd,Pune",Chemical,Male,Non-IT
390,Chemical,Male,29,Non-IT,GET,Altamash Ballari,2016-17,2.5,PRIVI Organics Ltd. Mahad,Chemical,Male,Non-IT
391,Chemical,Male,30,Non-IT,GET,Kale Shankar B.,2016-17,2.5,PRIVI Organics Ltd. Mahad,Chemical,Male,Non-IT
392,Chemical,Male,31,Non-IT,GET,Khamkar Gurunath N.,2016-17,2.5,PRIVI Organics Ltd. Mahad,Chemical,Male,Non-IT
393,Chemical,Male,32,Non-IT,GET,Navnath Tikode,2016-17,3,"IGPL, Mumbai",Chemical,Male,Non-IT
394,Chemical,Male,33,Non-IT,GET,Shankar Kale,2016-17,3,"IGPL, Mumbai",Chemical,Male,Non-IT
395,Chemical,Male,34,Non-IT,GET,Ganesh Patil,2016-17,3,"IGPL, Mumbai",Chemical,Male,Non-IT
396,Chemical,Male,35,Non-IT,GET,Kailsh Pawar,2016-17,2.4,Watson Pharma,Chemical,Male,Non-IT
397,Chemical,Male,36,Non-IT,GET,Ravi Ingale,2016-17,2.4,Watson Pharma,Chemical,Male,Non-IT
398,Chemical,Male,37,Non-IT,GET,Vishal Gaikwad,2016-17,1.8,Nicomet Industries Ltd,Chemical,Male,Non-IT
399,Chemical,Male,38,Non-IT,GET,Sachin Vedpathak,2016-17,1.8,"Sachi Engg, Pune",Chemical,Male,Non-IT
400,Chemical,Male,39,Non-IT,GET,Sagar Pawar,2016-17,1.8,"Nocil India, Mumbai",Chemical,Male,Non-IT
401,Chemical,Male,40,Non-IT,GET,Sachin Vedpathak,2016-17,2.5,Gharda Chemicals Ltd. Chiplun,Chemical,Male,Non-IT
402,Chemical,Male,41,Non-IT,GET,Satish Sakpal,2016-17,2,"Suddhi Industries, Kagal",Chemical,Male,Non-IT
403,Chemical,Male,42,Non-IT,GET,Akshay Chavan,2016-17,2.5,"Finolex Industries,Ratnagiri",Chemical,Male,Non-IT
404,Chemical,Male,43,Non-IT,GET,Kailash Powar,2016-17,2.5,"Finolex Industries,Ratnagiri",Chemical,Male,Non-IT
405,Chemical,Male,44,Non-IT,GET,Pandurang A. Vibhute,2016-17,2.5,"Smruthi Organics Ltd., Solapur",Chemical,Male,Non-IT
406,Chemical,Male,45,Non-IT,GET,Shankar Pawar,2016-17,2.5,"Smruthi Organics Ltd., Solapur",Chemical,Male,Non-IT
407,Chemical,Male,46,Non-IT,GET,Satish N. Sankpal,2016-17,2.5,"Shuddhi Chemicals Ltd., Kagal",Chemical,Male,Non-IT
408,Chemical,Male,47,Non-IT,GET,Akshay Patil,2016-17,2.5,"NOCIL (India) Ltd., Mumbai",Chemical,Male,Non-IT
409,Chemical,Male,48,Non-IT,GET,Vikas Kursule,2016-17,2.5,"NOCIL (India) Ltd., Mumbai",Chemical,Male,Non-IT
410,Chemical,Male,49,Non-IT,GET,Sagar Pawar,2016-17,2.5,"CMP Ltd., Mumbai",Chemical,Male,Non-IT
411,Chemical,Male,50,Non-IT,GET,Akash Ghadi,2016-17,2.5,"Shuddhi Chemicals Ltd., Kagal",Chemical,Male,Non-IT
412,Chemical,Male,51,Non-IT,GET,Abhijit Jadhav,2016-17,2.5,Innovassynth Technologies (I) Ltd.,Chemical,Male,Non-IT
413,Chemical,Male,52,Non-IT,GET,Jotiba Chougule,2016-17,2.5,"Deepak Nitrites Ltd., Roha",Chemical,Male,Non-IT
414,Chemical,Male,53,Non-IT,GET,Vinod Awaghade,2016-17,2.5,Horizon Environmental (Pune) Pvt. Ltd.,Chemical,Male,Non-IT
415,Chemical,Male,54,Non-IT,GET,Suhas Mokashi,2016-17,2.5,"WTE Infra Projects Pvt. Ltd.,",Chemical,Male,Non-IT
416,Chemical,Male,55,Non-IT,GET,Arshadkhan Pathan,2016-17,2.5,"G.J. Multigases Pvt. Ltd., Ambarnath",Chemical,Male,Non-IT
417,Chemical,Male,56,Non-IT,GET,Nilesh Patil,2016-17,2.5,Shuddhi Industries LLP,Chemical,Male,Non-IT
418,Chemical,Male,57,Non-IT,GET,Bhushan Durgule,2016-17,2.5,"Westin Resins & Polymers Pvt. Ltd., Dahisar",Chemical,Male,Non-IT
419,Chemical,Male,58,Non-IT,GET,Rushikesh Powar,2016-17,2.5,"Poona Envocare Ltd., Pune",Chemical,Male,Non-IT
420,Chemical,Male,59,Non-IT,GET,Ajay Kore,2016-17,2.5,"Westin Resins & Polymers Pvt. Ltd., Dahisar",Chemical,Male,Non-IT
421,Chemical,Male,60,Non-IT,GET,Altaf Nadaf,2016-17,2.5,"Crisil Ltd., Pune",Chemical,Male,Non-IT
422,Chemical,Male,116,Non-IT,GET,Chetan Ambekar,2017-18,2.5,"Laxmi Organics Ltd., Mahad",Chemical,Male,Non-IT
423,Chemical,Male,117,Non-IT,GET,Shubham Tanpure,2017-18,2.5,"Laxmi Organics Ltd., Mahad",Chemical,Male,Non-IT
424,Chemical,Male,118,Non-IT,GET,Rushank Laddad,2017-18,2.5,"Finolex Industries Ltd., Ratnagiri",Chemical,Male,Non-IT
425,Chemical,Male,119,Non-IT,GET,Mahesh Bayas,2017-18,3.5,"Technoforce india Ltd., Nashik",Chemical,Male,Non-IT
426,Chemical,Male,120,Non-IT,GET,Vaibhav Mandape,2017-18,3.5,"Technoforce india Ltd., Nashik",Chemical,Male,Non-IT
427,Chemical,Male,121,Non-IT,GET,Chetan Ambekar,2017-18,1.8,"Amazon India Ltd., Mumbai",Chemical,Male,Non-IT
428,Chemical,Male,122,Non-IT,GET,Mohit Katare,2017-18,1.8,"IG Petrochemicals Ltd., Mumbai",Chemical,Male,Non-IT
429,Chemical,Male,123,Non-IT,GET,Mukul Bhure,2017-18,1.8,"V.V.F. Ltd, Mumbai",Chemical,Male,Non-IT
430,Chemical,Male,124,Non-IT,GET,Shubham Shah,2017-18,1.8,"V.V.F. Ltd, Mumbai",Chemical,Male,Non-IT
431,Chemical,Male,126,Non-IT,GET,"Kiran Awargand,",2017-18,1.8,"Intech Organics Ltd ,Goa",Chemical,Male,Non-IT
432,Chemical,Male,127,Non-IT,GET,Rameshwar Godase,2017-18,1.8,"Intech  Solutions Ltd., Goa",Chemical,Male,Non-IT
433,Chemical,Male,128,Non-IT,GET,Manoj Eklare,2017-18,1.8,"Intech Organics Ltd ,Goa",Chemical,Male,Non-IT
434,Chemical,Male,129,Non-IT,GET,Adesh Tarange,2017-18,1.8,"Intech Organics Ltd ,Goa",Chemical,Male,Non-IT
435,Chemical,Male,130,Non-IT,GET,Nitin Vasekar,2017-18,1.8,"Ariha Chemicals Ltd, Mumbai",Chemical,Male,Non-IT
436,Chemical,Male,131,Non-IT,GET,Vishal Mali,2017-18,1.8,"Envicare Tech., Pune",Chemical,Male,Non-IT
437,Chemical,Male,132,Non-IT,GET,Arun Powar,2017-18,1.8,"NOCIL India Ltd,",Chemical,Male,Non-IT
438,Chemical,Male,133,Non-IT,GET,Omkar Dalvi,2017-18,1.8,"Lubrizol Tech, Mumbai",Chemical,Male,Non-IT
439,Chemical,Male,134,Non-IT,GET,Kishor Gavali,2017-18,1.8,"Balaji amines Ltd, Solapur",Chemical,Male,Non-IT
440,Chemical,Male,135,Non-IT,GET,Umesh Waghmare,2017-18,1.8,"Shuddhi Chemicals Ltd, Kagal",Chemical,Male,Non-IT
441,Chemical,Male,137,Non-IT,GET,Akshay shelke,2017-18,1.8,"IVP India Ltd., Tarapur, Mumbai",Chemical,Male,Non-IT
442,Chemical,Male,138,Non-IT,GET,Dnyandev Dhone,2017-18,1.8,"Wyte water Ltd.,Pune",Chemical,Male,Non-IT
443,Chemical,Male,139,Non-IT,GET,Umesh Waghmare,2017-18,1.8,"Shudhi Chemicals pvt. Ltd., Kolhapur",Chemical,Male,Non-IT
444,Chemical,Male,140,Non-IT,GET,Adesh Tarange,2017-18,1.8,"Glenmark Pharmaceutical Ltd, Kurkumbh",Chemical,Male,Non-IT
445,Chemical,Male,141,Non-IT,GET,Shivraj Ghagare,2017-18,1.8,Pioneer Industries Ltd.,Chemical,Male,Non-IT
446,Chemical,Male,142,Non-IT,GET,Shubham Shah,2017-18,1.8,ME Energy Pvt. Ltd. Alandi,Chemical,Male,Non-IT
447,Chemical,Male,143,Non-IT,GET,Yogesh D. Khandekar,2017-18,1.8,"Darshan Chemicals Ltd.,",Chemical,Male,Non-IT
448,Chemical,Male,433,Non-IT,GET,Vaibhav Manapure,2018-19,3.5,Lupin Pharmaceuticals Ltd. Mumbai,Chemical,Male,Non-IT
449,Chemical,Male,434,Non-IT,GET,Shivraj Suryawanshi,2018-19,2.4,"Finolex Industries Ltd., Ratnagiri",Chemical,Male,Non-IT
450,Chemical,Male,435,Non-IT,GET,Nagesh Dhumal,2018-19,2.8,"Privi Organics Ltd., Mahad",Chemical,Male,Non-IT
451,Chemical,Male,439,Non-IT,BE,Chetan Jambhulkar,2018-19,12,"Jaro Education group, Mumbai",Chemical,Male,Non-IT
452,Chemical,Male,440,Non-IT,GET,Shubham Ghadge,2018-19,3,"Laxmi Organics Ltd., Mahad",Chemical,Male,Non-IT
453,Chemical,Male,442,Non-IT,GET,Shekhar Mane,2018-19,1.8,Mallack Speciality Chemicals Ltd,Chemical,Male,Non-IT
454,Chemical,Male,443,Non-IT,GET,Sourav Rane,2018-19,2.2,"Riverside Chemicals Ltd., Lote MIDC",Chemical,Male,Non-IT
455,Chemical,Male,444,Non-IT,GET,Ravindra Lokhande,2018-19,2.2,"Riverside Chemicals Ltd., Lote MIDC Chiplun",Chemical,Male,Non-IT
456,Chemical,Male,445,Non-IT,Service Engineer,Abhijit Wankar,2018-19,2.2,"Suzalchem Technologies Pvt. Ltd., Hyderabad",Chemical,Male,Non-IT
457,Chemical,Male,446,Non-IT,Project Engineer,Vaibhav Sontakke,2018-19,2.2,"Samruddhi Waterworks Pvt. Ltd., Pune",Chemical,Male,Non-IT
458,Chemical,Male,447,Non-IT,Project Engineer,Pranav Hirkudli,2018-19,2.2,"Samruddhi Waterworks Pvt. Ltd., Pune",Chemical,Male,Non-IT
459,Chemical,Male,448,Non-IT,GET,Inamul Shaikh,2018-19,2.2,Centaur Pharmaceuticals Ltd.,Chemical,Male,Non-IT
460,Chemical,Male,536,Non-IT,GET,Miss. Nikita Mandarekar,2019-20,3.5,"Aqua pharm Industries Ltd., Mumbai",Chemical,Male,Non-IT
461,Chemical,Male,537,Non-IT,GET,Mr. Shubham Sawant,2019-20,3.5,"Finolex Industries Ltd., Ratnagiri",Chemical,Male,Non-IT
462,Chemical,Male,538,Non-IT,GET,Mr. Vijay Chorage,2019-20,3.5,Lupin Pharmaceuticals Ltd. Mumbai,Chemical,Male,Non-IT
463,Chemical,Male,539,Non-IT,GET,Mr. Aditya Dakhore,2019-20,3.5,Lupin Pharmaceuticals Ltd. Mumbai,Chemical,Male,Non-IT
464,Chemical,Male,540,Non-IT,GAT,Pritam B. Nangnurkar,2019-20,2,Darshan Chemicals,Chemical,Male,Non-IT
465,Chemical,Male,541,Non-IT,GAT,Vaibhav Sanjay Katkar,2019-20,2,Darshan Chemicals,Chemical,Male,Non-IT
466,Chemical,Male,542,Non-IT,GAT,Mehamud D. Shaikh,2019-20,2,Darshan Chemicals,Chemical,Male,Non-IT
467,Chemical,Male,544,Non-IT,GET,Abhijit Desai,2019-20,2.4,"Privi Organics Ltd., Mahad",Chemical,Male,Non-IT
468,Chemical,Male,546,Non-IT,GET,Mangesh Chavan,2019-20,2.4,"Privi Organics Ltd., Mahad",Chemical,Male,Non-IT
469,Chemical,Male,547,Non-IT,GET,Pritam Nangnurkar,2019-20,2,Darshan Chemicals Ltd.,Chemical,Male,Non-IT
470,Chemical,Male,548,Non-IT,GET,Vaibhav Katkar,2019-20,2,Darshan Chemicals Ltd.,Chemical,Male,Non-IT
471,Chemical,Male,550,Non-IT,GET,Mehmood Shaikh,2019-20,2,Darshan Chemicals Ltd.,Chemical,Male,Non-IT
472,Chemical,Male,551,Non-IT,GET,Ritesh Baglane,2019-20,2,Smruti Organics,Chemical,Male,Non-IT
473,Chemical,Male,552,Non-IT,GET,Mahesh Waghsare,2019-20,2,Smruti Organics,Chemical,Male,Non-IT
474,Chemical,Male,553,Non-IT,GET,Punit Joshi,2019-20,2,Smruti Organics,Chemical,Male,Non-IT
475,Chemical,Male,554,Non-IT,GET,Aditya Lahoti,2019-20,1.8,"Vamsi Labs Ltd., Solapur",Chemical,Male,Non-IT
476,Chemical,Male,956,Non-IT,GET,Akshay Punalkar,2020-21,2.5,"Deepak Novachem Tech. Ltd., Lote MIDC, Chiplun",Chemical,Male,Non-IT
477,Chemical,Male,957,Non-IT,GET,Rohit Dharmuche,2020-21,2.5,"Deepak Novachem Tech. Ltd., Lote MIDC, Chiplun",Chemical,Male,Non-IT
478,Chemical,Male,958,Non-IT,GET,Rahul Khatte,2020-21,2.5,"Deepak Novachem Tech. Ltd., Lote MIDC, Chiplun",Chemical,Male,Non-IT
479,Chemical,Male,959,Non-IT,GET,Aditya Kikale,2020-21,2.5,"Deepak Novachem Tech. Ltd., Lote MIDC, Chiplun",Chemical,Male,Non-IT
480,Chemical,Male,960,Non-IT,GET,Sanket Jadhav,2020-21,2.5,"Deepak Novachem Tech. Ltd., Lote MIDC, Chiplun",Chemical,Male,Non-IT
481,Chemical,Male,961,Non-IT,GET,Pandurang Sardesai,2020-21,2.5,"Deepak Novachem Tech. Ltd., Lote MIDC, Chiplun",Chemical,Male,Non-IT
482,Chemical,Male,962,Non-IT,GET,Aditi Kokate,2020-21,3.5,"DIAGEO India Ltd., Baramati",Chemical,Male,Non-IT
483,Chemical,Male,963,Non-IT,GET,Ankita Kolekar,2020-21,3.5,"DIAGEO India Ltd., Baramati",Chemical,Male,Non-IT
484,Chemical,Male,964,Non-IT,GET,Aman Jamadar,2020-21,1.44,"Cipla Ltd., Kurkumbh MIDC, Daund, Pune.",Chemical,Male,Non-IT
485,Chemical,Male,965,Non-IT,GET,Rushikesh Mahadik,2020-21,1.44,"Cipla Ltd., Kurkumbh MIDC, Daund, Pune.",Chemical,Male,Non-IT
486,Chemical,Male,966,Non-IT,GET,Rohan Nikam,2020-21,1.44,"Cipla Ltd., Kurkumbh MIDC, Daund, Pune.",Chemical,Male,Non-IT
487,Chemical,Male,967,Non-IT,GET,Kunal Sutar,2020-21,1.44,"Cipla Ltd., Kurkumbh MIDC, Daund, Pune.",Chemical,Male,Non-IT
488,Chemical,Male,968,Non-IT,GET,Jitendra Choudhary,2020-21,1.5,"Darshan Chemicals Ltd., Mumabi",Chemical,Male,Non-IT
489,Chemical,Male,969,Non-IT,GET,Ajit Chougule,2020-21,1.5,"Darshan Chemicals Ltd., Mumabi",Chemical,Male,Non-IT
490,Chemical,Male,970,Non-IT,GET,Rutvik Mohite,2020-21,1.5,"Darshan Chemicals Ltd., Mumabi",Chemical,Male,Non-IT
491,Chemical,Male,971,Non-IT,GET,Changappa Rakshe,2020-21,1.5,"Darshan Chemicals Ltd., Mumabi",Chemical,Male,Non-IT
492,Chemical,Male,972,Non-IT,GET,Jaid Patel,2020-21,1.5,"Darshan Chemicals Ltd., Mumabi",Chemical,Male,Non-IT
493,Chemical,Male,974,Non-IT,GET,Kiran Kamble,2020-21,2.4,"Camlin fine science Ltd., Tarapur",Chemical,Male,Non-IT
494,Chemical,Male,975,Non-IT,GET,Satyajit Lamdade,2020-21,1.8,"Maniram Organics Ltd., Mahad",Chemical,Male,Non-IT
495,Chemical,Male,976,Non-IT,GET,Akash Kamble,2020-21,1.8,"Maniram Organics Ltd., Mahad",Chemical,Male,Non-IT
496,Chemical,Male,977,Non-IT,GET,Shubham Khade,2020-21,1.8,"Maniram Organics Ltd., Mahad",Chemical,Male,Non-IT
497,Chemical,Male,978,Non-IT,GET,Chetan Kolekar,2020-21,1.8,"Maniram Organics Ltd., Mahad",Chemical,Male,Non-IT
498,Chemical,Male,979,Non-IT,GET,Rushikesh Mahadik,2020-21,1.8,Renata Precious Comp. Pune,Chemical,Male,Non-IT
499,Chemical,Male,980,Non-IT,GET,Kunal Jadhav,2020-21,2.1,Aquacare Technique India Ltd,Chemical,Male,Non-IT
500,Chemical,Male,981,Non-IT,GET,Indrajit Mane,2020-21,2.1,Aquacare Technique India Ltd,Chemical,Male,Non-IT
501,Chemical,Male,1242,IT,Associate System Engineer,Ashish Ankush Jadhav,2020-21,3.36,Tata Consultancy Services - Ninja,Chemical,Male,IT
502,Chemical,Male,1251,IT,Associate Professional,Nishant Namdev Saramble,2021-22,4,DXC Technology,Chemical,Male,IT
503,Chemical,Male,1252,IT,Associate Professional,Rutvik Vijay Kothekar,2021-22,4,DXC Technology,Chemical,Male,IT
504,Chemical,Male,1339,Intern,Business Development Trainee,Rushikesh Shashikant Deshmukh,2021-22,5.5,SKOLER,Chemical,Male,Intern
505,Chemical,Male,1340,Intern,Business Development Trainee,Minesh Namdev Rajput,2021-22,5.5,SKOLER,Chemical,Male,Intern
506,Chemical,Male,1436,Non-IT,Community Influncer,Sopan Laware,2021-22,3,MentorBoxx,Chemical,Male,Non-IT
507,Chemical,Male,1437,Non-IT,Community Influncer,Pratik Kamble,2021-22,3,MentorBoxx,Chemical,Male,Non-IT
508,Chemical,Male,1438,Non-IT,Community Influncer,Rushikesh Deshmukh,2021-22,3,MentorBoxx,Chemical,Male,Non-IT
509,Chemical,Male,1477,IT,Project Engineer,Pratik Ramkumar Raut,2021-22,3.5,Wipro,Chemical,Male,IT
510,Chemical,Male,1602,IT,GenC - Select,Vishal Popat Suse,2021-22,4,Cognizant,Chemical,Male,IT
511,Chemical,Male,1603,IT,GenC - Select,Vaibhav Bajirao Kadam,2021-22,4,Cognizant,Chemical,Male,IT
512,Chemical,Male,1604,IT,GenC - Select,sourabh basavraj babanavar,2021-22,4,Cognizant,Chemical,Male,IT
513,Chemical,Male,1605,IT,vai,Saiprasad Sadashiv Patil,2021-22,4,Cognizant,Chemical,Male,IT
514,Chemical,Male,1682,Non-IT,Management Trainee,Rutwik Bhagwan Patil,2021-22,4.5,Square Yards,Chemical,Male,Non-IT
515,Chemical,Male,1683,Non-IT,Management Trainee,Raj Nitin Thakur,2021-22,4.5,Square Yards,Chemical,Male,Non-IT
516,Chemical,Male,1709,Non-IT,GET,Omkar Ramrao Ghatage,2021-22,4.5,Sudarshan Chemical icals,Chemical,Male,Non-IT
517,Chemical,Male,1717,Non-IT,GET,Shubham Chougale,2021-22,4.5,Sudarshan Chemical icals,Chemical,Male,Non-IT
518,Chemical,Male,1718,Non-IT,GAT,Sudarshan Bagal,2021-22,3,"HEMRL Lab DRDO,Pune",Chemical,Male,Non-IT
519,Chemical,Male,1719,Non-IT,GAT,Pratik Kamble,2021-22,3,"HEMRL Lab DRDO,Pune",Chemical,Male,Non-IT
520,Chemical,Male,1720,Non-IT,GAT,Rushikesh Deshmukh,2021-22,3,"HEMRL Lab DRDO,Pune",Chemical,Male,Non-IT
521,Chemical,Male,1721,Non-IT,GAT,Swaroop Raut,2021-22,3,"HEMRL Lab DRDO,Pune",Chemical,Male,Non-IT
522,Chemical,Male,1722,Non-IT,GAT,Rutvik Patil,2021-22,3,"HEMRL Lab DRDO,Pune",Chemical,Male,Non-IT
523,Chemical,Male,1723,Non-IT,GAT,Aditya Pailwan,2021-22,3,"HEMRL Lab DRDO,Pune",Chemical,Male,Non-IT
524,Chemical,Male,1724,Non-IT,GAT,Omkar Ramrao Ghatage,2021-22,3,"HEMRL Lab DRDO,Pune",Chemical,Male,Non-IT
525,Chemical,Male,1728,Non-IT,Technical Sales Engineer,Shadab Usman Shaikh,2021-22,3.5,Geofluid Processors Pvt Ltd,Chemical,Male,Non-IT
526,Chemical,Male,1729,Non-IT,Technical Sales Engineer Trainee,Raj Nitin Thakur,2021-22,5.5,Berger Paints,Chemical,Male,Non-IT
527,Chemical,Male,1730,Non-IT,GET,Sudarshan Bagal,2021-22,4,Worley India,Chemical,Male,Non-IT
528,Chemical,Male,1731,Non-IT,GET,Ashish fatke,2021-22,4,Worley India,Chemical,Male,Non-IT
529,Chemical,Male,1733,Non-IT,GET,Tirthraj Chavhan,2021-22,4,Worley India,Chemical,Male,Non-IT
530,Chemical,Male,1750,Non-IT,GAT,Ganesh More,2021-22,3,"HEMRL Lab DRDO,Pune",Chemical,Male,Non-IT
531,Chemical,Male,1770,Non-IT,GAT,Nishant Saramble,2021-22,3,"HEMRL Lab DRDO,Pune",Chemical,Male,Non-IT
532,Chemical,Male,1771,Non-IT,GAT,Gajanan Mhetre,2021-22,3,"HEMRL Lab DRDO,Pune",Chemical,Male,Non-IT
533,Chemical,Male,1793,Non-IT,GET,Swaroop Raut,2021-22,2.4,PRIVI Organics,Chemical,Male,Non-IT
534,Chemical,Male,1815,Non-IT,Production Engineer Trainee,Akash Mohite,2021-22,2,"Smriti Organics,Solapur",Chemical,Male,Non-IT
535,Chemical,Male,1816,Non-IT,Production Engineer Trainee,Sopan Marlapalle,2021-22,2,"Smriti Organics,Solapur",Chemical,Male,Non-IT
536,Chemical,Male,1817,Non-IT,Production Engineer Trainee,Sahil Shaikh,2021-22,2,"Smriti Organics,Solapur",Chemical,Male,Non-IT
537,Chemical,Male,1818,Non-IT,Production Engineer Trainee,Abhishek Chavan,2021-22,2,"Smriti Organics,Solapur",Chemical,Male,Non-IT
538,Chemical,Male,1819,Non-IT,Production Engineer Trainee,Vishal Yadav,2021-22,2,"Smriti Organics,Solapur",Chemical,Male,Non-IT
539,Chemical,Male,1820,Non-IT,Production Engineer Trainee,Gajanan Mhetre,2021-22,2,"Smriti Organics,Solapur",Chemical,Male,Non-IT
540,Chemical,Male,1821,Non-IT,Production Engineer Trainee,Sunil Dhumak,2021-22,2,"Smriti Organics,Solapur",Chemical,Male,Non-IT
541,Chemical,Male,1822,Non-IT,Data Analyst,Sandip Shinde,2021-22,2,"Smriti Organics,Solapur",Chemical,Male,Non-IT
542,Chemical,Male,1826,Non-IT,Associate Property Advisor,Shadab Usman Shaikh,2021-22,4.8,"PinClick,Pune",Chemical,Male,Non-IT
543,Chemical,Male,1837,Non-IT,GAT,Avadhut Jadhav,2021-22,2.4,Laxmi Organics,Chemical,Male,Non-IT
544,Chemical,Male,1838,Non-IT,GAT,Aniruddha Sawant,2021-22,2.4,Laxmi Organics,Chemical,Male,Non-IT
545,Chemical,Male,1839,Non-IT,GAT,Pratik Kamble,2021-22,2.4,Laxmi Organics,Chemical,Male,Non-IT
546,Chemical,Male,1840,Non-IT,GAT,Chaitanya Taralekar,2021-22,2.4,Laxmi Organics,Chemical,Male,Non-IT
547,Chemical,Male,1842,Non-IT,GAT,Akash G Nalawade,2021-22,3.5,Aquatech Asia,Chemical,Male,Non-IT
548,Chemical,Male,1843,Non-IT,GAT,Sourabh B Babanavar,2021-22,3.5,Aquatech Asia,Chemical,Male,Non-IT
549,Chemical,Male,1855,Non-IT,GET,Rushikesh Deshmukh,2021-22,3,Gujarat Credo Alumina Chemicals,Chemical,Male,Non-IT
550,Chemical,Male,1857,Non-IT,GET,Sagar Mahanavar,2021-22,2.4,Arkchem Process Pvt Ltd,Chemical,Male,Non-IT
551,Chemical,Male,1868,Non-IT,GAT,Shadab Shaikh,2021-22,2.4,Laxmi Organics,Chemical,Male,Non-IT
552,Chemical,Male,1869,Non-IT,GAT,Sanket Barage,2021-22,2.4,Laxmi Organics,Chemical,Male,Non-IT
553,Chemical,Male,1870,Non-IT,GAT,Vikas Ghanawat,2021-22,2.4,Laxmi Organics,Chemical,Male,Non-IT
554,Chemical,Male,1871,Non-IT,GAT,Abishek Chavan,2021-22,2.4,Laxmi Organics,Chemical,Male,Non-IT
555,Chemical,Male,1873,Non-IT,GET,Tukaram Thorat,2021-22,3,Deepak Novochem,Chemical,Male,Non-IT
556,Chemical,Male,1874,Non-IT,GET,Pratik Kamble,2021-22,3.2,Aquachem Enviro Engg. Pvt. Ltd,Chemical,Male,Non-IT
557,Chemical,Male,1875,Non-IT,GET,Rushikesh Deshmukh,2021-22,3.2,Aquachem Enviro Engg. Pvt. Ltd,Chemical,Male,Non-IT
558,Chemical,Male,1877,IT,Associate Professional,Nishant Namdev Saramble,2021-22,4,DXC Technology,Chemical,Male,IT
559,Chemical,Male,1878,IT,Associate Professional,Rutvik Vijay Kothekar,2021-22,4,DXC Technology,Chemical,Male,IT
560,Chemical,Male,1965,Intern,Business Development Trainee,Rushikesh Shashikant Deshmukh,2021-22,5.5,SKOLER,Chemical,Male,Intern
561,Chemical,Male,1966,Intern,Business Development Trainee,Minesh Namdev Rajput,2021-22,5.5,SKOLER,Chemical,Male,Intern
562,Chemical,Male,2062,Non-IT,Community Influncer,Sopan Laware,2021-22,3,MentorBoxx,Chemical,Male,Non-IT
563,Chemical,Male,2063,Non-IT,Community Influncer,Pratik Kamble,2021-22,3,MentorBoxx,Chemical,Male,Non-IT
564,Chemical,Male,2064,Non-IT,Community Influncer,Rushikesh Deshmukh,2021-22,3,MentorBoxx,Chemical,Male,Non-IT
565,Chemical,Male,2103,IT,Project Engineer,Pratik Ramkumar Raut,2021-22,3.5,Wipro,Chemical,Male,IT
566,Chemical,Male,2228,IT,GenC - Select,Vishal Popat Suse,2021-22,4,Cognizant,Chemical,Male,IT
567,Chemical,Male,2229,IT,GenC - Select,Vaibhav Bajirao Kadam,2021-22,4,Cognizant,Chemical,Male,IT
568,Chemical,Male,2230,IT,GenC - Select,sourabh basavraj babanavar,2021-22,4,Cognizant,Chemical,Male,IT
569,Chemical,Male,2231,IT,vai,Saiprasad Sadashiv Patil,2021-22,4,Cognizant,Chemical,Male,IT
570,Chemical,Male,2308,Non-IT,Management Trainee,Rutwik Bhagwan Patil,2021-22,4.5,Square Yards,Chemical,Male,Non-IT
571,Chemical,Male,2309,Non-IT,Management Trainee,Raj Nitin Thakur,2021-22,4.5,Square Yards,Chemical,Male,Non-IT
572,Chemical,Male,2335,Non-IT,GET,Omkar Ramrao Ghatage,2021-22,4.5,Sudarshan Chemical icals,Chemical,Male,Non-IT
573,Chemical,Male,2343,Non-IT,GET,Shubham Chougale,2021-22,4.5,Sudarshan Chemical icals,Chemical,Male,Non-IT
574,Chemical,Male,2344,Non-IT,GAT,Sudarshan Bagal,2021-22,3,"HEMRL Lab DRDO,Pune",Chemical,Male,Non-IT
575,Chemical,Male,2345,Non-IT,GAT,Pratik Kamble,2021-22,3,"HEMRL Lab DRDO,Pune",Chemical,Male,Non-IT
576,Chemical,Male,2346,Non-IT,GAT,Rushikesh Deshmukh,2021-22,3,"HEMRL Lab DRDO,Pune",Chemical,Male,Non-IT
577,Chemical,Male,2347,Non-IT,GAT,Swaroop Raut,2021-22,3,"HEMRL Lab DRDO,Pune",Chemical,Male,Non-IT
578,Chemical,Male,2348,Non-IT,GAT,Rutvik Patil,2021-22,3,"HEMRL Lab DRDO,Pune",Chemical,Male,Non-IT
579,Chemical,Male,2349,Non-IT,GAT,Aditya Pailwan,2021-22,3,"HEMRL Lab DRDO,Pune",Chemical,Male,Non-IT
580,Chemical,Male,2350,Non-IT,GAT,Omkar Ramrao Ghatage,2021-22,3,"HEMRL Lab DRDO,Pune",Chemical,Male,Non-IT
581,Chemical,Male,2354,Non-IT,Technical Sales Engineer,Shadab Usman Shaikh,2021-22,3.5,Geofluid Processors Pvt Ltd,Chemical,Male,Non-IT
582,Chemical,Male,2355,Non-IT,Technical Sales Engineer Trainee,Raj Nitin Thakur,2021-22,5.5,Berger Paints,Chemical,Male,Non-IT
583,Chemical,Male,2356,Non-IT,GET,Sudarshan Bagal,2021-22,4,Worley India,Chemical,Male,Non-IT
584,Chemical,Male,2357,Non-IT,GET,Ashish fatke,2021-22,4,Worley India,Chemical,Male,Non-IT
585,Chemical,Male,2359,Non-IT,GET,Tirthraj Chavhan,2021-22,4,Worley India,Chemical,Male,Non-IT
586,Chemical,Male,2376,Non-IT,GAT,Ganesh More,2021-22,3,"HEMRL Lab DRDO,Pune",Chemical,Male,Non-IT
587,Chemical,Male,2396,Non-IT,GAT,Nishant Saramble,2021-22,3,"HEMRL Lab DRDO,Pune",Chemical,Male,Non-IT
588,Chemical,Male,2397,Non-IT,GAT,Gajanan Mhetre,2021-22,3,"HEMRL Lab DRDO,Pune",Chemical,Male,Non-IT
589,Chemical,Male,2419,Non-IT,GET,Swaroop Raut,2021-22,2.4,PRIVI Organics,Chemical,Male,Non-IT
590,Chemical,Male,2441,Non-IT,Production Engineer Trainee,Akash Mohite,2021-22,2,"Smriti Organics,Solapur",Chemical,Male,Non-IT
591,Chemical,Male,2442,Non-IT,Production Engineer Trainee,Sopan Marlapalle,2021-22,2,"Smriti Organics,Solapur",Chemical,Male,Non-IT
592,Chemical,Male,2443,Non-IT,Production Engineer Trainee,Sahil Shaikh,2021-22,2,"Smriti Organics,Solapur",Chemical,Male,Non-IT
593,Chemical,Male,2444,Non-IT,Production Engineer Trainee,Abhishek Chavan,2021-22,2,"Smriti Organics,Solapur",Chemical,Male,Non-IT
594,Chemical,Male,2445,Non-IT,Production Engineer Trainee,Vishal Yadav,2021-22,2,"Smriti Organics,Solapur",Chemical,Male,Non-IT
595,Chemical,Male,2446,Non-IT,Production Engineer Trainee,Gajanan Mhetre,2021-22,2,"Smriti Organics,Solapur",Chemical,Male,Non-IT
596,Chemical,Male,2447,Non-IT,Production Engineer Trainee,Sunil Dhumak,2021-22,2,"Smriti Organics,Solapur",Chemical,Male,Non-IT
597,Chemical,Male,2448,Non-IT,Data Analyst,Sandip Shinde,2021-22,2,"Smriti Organics,Solapur",Chemical,Male,Non-IT
598,Chemical,Male,2452,Non-IT,Associate Property Advisor,Shadab Usman Shaikh,2021-22,4.8,"PinClick,Pune",Chemical,Male,Non-IT
599,Chemical,Male,2463,Non-IT,GAT,Avadhut Jadhav,2021-22,2.4,Laxmi Organics,Chemical,Male,Non-IT
600,Chemical,Male,2464,Non-IT,GAT,Aniruddha Sawant,2021-22,2.4,Laxmi Organics,Chemical,Male,Non-IT
601,Chemical,Male,2465,Non-IT,GAT,Pratik Kamble,2021-22,2.4,Laxmi Organics,Chemical,Male,Non-IT
602,Chemical,Male,2466,Non-IT,GAT,Chaitanya Taralekar,2021-22,2.4,Laxmi Organics,Chemical,Male,Non-IT
603,Chemical,Male,2468,Non-IT,GAT,Akash G Nalawade,2021-22,3.5,Aquatech Asia,Chemical,Male,Non-IT
604,Chemical,Male,2469,Non-IT,GAT,Sourabh B Babanavar,2021-22,3.5,Aquatech Asia,Chemical,Male,Non-IT
605,Chemical,Male,2481,Non-IT,GET,Rushikesh Deshmukh,2021-22,3,Gujarat Credo Alumina Chemicals,Chemical,Male,Non-IT
606,Chemical,Male,2483,Non-IT,GET,Sagar Mahanavar,2021-22,2.4,Arkchem Process Pvt Ltd,Chemical,Male,Non-IT
607,Chemical,Male,2494,Non-IT,GAT,Shadab Shaikh,2021-22,2.4,Laxmi Organics,Chemical,Male,Non-IT
608,Chemical,Male,2495,Non-IT,GAT,Sanket Barage,2021-22,2.4,Laxmi Organics,Chemical,Male,Non-IT
609,Chemical,Male,2496,Non-IT,GAT,Vikas Ghanawat,2021-22,2.4,Laxmi Organics,Chemical,Male,Non-IT
610,Chemical,Male,2497,Non-IT,GAT,Abishek Chavan,2021-22,2.4,Laxmi Organics,Chemical,Male,Non-IT
611,Chemical,Male,2499,Non-IT,GET,Tukaram Thorat,2021-22,3,Deepak Novochem,Chemical,Male,Non-IT
612,Chemical,Male,2500,Non-IT,GET,Pratik Kamble,2021-22,3.2,Aquachem Enviro Engg. Pvt. Ltd,Chemical,Male,Non-IT
613,Chemical,Male,2501,Non-IT,GET,Rushikesh Deshmukh,2021-22,3.2,Aquachem Enviro Engg. Pvt. Ltd,Chemical,Male,Non-IT
614,Civil,Female,2,Non-IT,Business Development Manager,Priya Pratap Mane,2016-17,1.8,Impetech Global- Esappling Pvt. Ltd,Civil,Female,Non-IT
615,Civil,Female,3,Non-IT,Business Development Manager,Nikita Pawar,2016-17,1.8,Impetech Global- Esappling Pvt. Ltd,Civil,Female,Non-IT
616,Civil,Female,82,Non-IT,Jr. Engineer,Pratiksha Rajaram Ravan,2017-18,4.8,"Water Resource Department,Govt.of Maharashtra",Civil,Female,Non-IT
617,Civil,Female,283,Non-IT,Trainee Engineer,Pooja Jadhav,2018-19,2.4,"Anexpertize,Pune",Civil,Female,Non-IT
618,Civil,Female,315,Non-IT,Business Development,Sapana Bore,2018-19,1.8,Yug Promotors and Builders,Civil,Female,Non-IT
619,Civil,Female,316,Non-IT,Business Development,Pooja Jadhav,2018-19,1.8,Yug Promotors and Builders,Civil,Female,Non-IT
620,Civil,Female,317,Non-IT,Business Development,Shital Patil,2018-19,1.8,Yug Promotors and Builders,Civil,Female,Non-IT
621,Civil,Female,318,Non-IT,Business Development,Poonam Mote,2018-19,1.8,Yug Promotors and Builders,Civil,Female,Non-IT
622,Civil,Female,321,Non-IT,Business Development,Priyanka jadhav,2018-19,1.8,Yug Promotors and Builders,Civil,Female,Non-IT
623,Civil,Female,1189,IT,Businees Development Manager,Aishwarya Bhaskar Patil,2020-21,4.5,Vedantu,Civil,Female,IT
624,Civil,Female,1191,Non-IT,CONTENT DEVELOPER,Shreya Ravindra Salunkhe,2020-21,3.5,Doubtnut,Civil,Female,Non-IT
625,Civil,Female,1195,Non-IT,Businees Development Manager,Sanija Jalindar Jalindar Patil,2020-21,5,INMOVIDU TECHNOLOGIES,Civil,Female,Non-IT
626,Civil,Female,1196,Non-IT,Businees Development Manager,Shivani Ajit Vaskar,2020-21,5,INMOVIDU TECHNOLOGIES,Civil,Female,Non-IT
627,Civil,Female,1197,Non-IT,Businees Development Manager,Shweta Shivaji Tivale,2020-21,5,INMOVIDU TECHNOLOGIES,Civil,Female,Non-IT
628,Civil,Female,1198,Non-IT,Businees Development Manager,Nikita Anil Malavade,2020-21,5,INMOVIDU TECHNOLOGIES,Civil,Female,Non-IT
629,Civil,Female,1201,IT,Trainee Engineer,Aishwarya Bhaskar Patil,2020-21,3.5,Qspider,Civil,Female,IT
630,Civil,Female,1203,IT,Trainee Engineer,Jayashree Govind Nikam,2020-21,3.5,Qspider,Civil,Female,IT
631,Civil,Female,1204,IT,Trainee Engineer,Shreya Ravindra Salunkhe,2020-21,3.5,Qspider,Civil,Female,IT
632,Civil,Female,1205,IT,Trainee Engineer,Swati kulkarni,2020-21,3.5,Qspider,Civil,Female,IT
633,Civil,Female,1206,Non-IT,Businees Development Manager,Shreya Ravindra Salunkhe,2020-21,4.5,Vedantu,Civil,Female,Non-IT
634,Civil,Female,1207,Non-IT,Subject Matter Expert,Pratiksha Yadav,2020-21,3.5,Chegg India,Civil,Female,Non-IT
635,Civil,Female,1208,Non-IT,Subject Matter Expert,Nikita Malavade,2020-21,3.5,Chegg India,Civil,Female,Non-IT
636,Civil,Female,1209,Non-IT,Community Influncer,Mrunal Musale,2020-21,1.8,MentorBox,Civil,Female,Non-IT
637,Civil,Female,1210,IT,Associate Engineer,Aishwarya Patil,2020-21,3.6,DXC Technology,Civil,Female,IT
638,Civil,Female,1211,IT,Associate Engineer,Vidya Davar,2020-21,3.6,DXC Technology,Civil,Female,IT
639,Civil,Female,1222,IT,Project Engineer,Jayashree Nikam,2020-21,4.5,Cognizant,Civil,Female,IT
640,Civil,Female,1240,IT,Programmer Analyst Trainee,Shivani Ulape,2020-21,4,Cognizant,Civil,Female,IT
641,Civil,Female,1247,IT,Associate System Engineer,Swati kulkarni,2020-21,3.36,Tata Consultancy Services - Ninja,Civil,Female,IT
642,Civil,Female,1250,Non-IT,Trainee-Design Engineer,Dhanashree Gurav,2020-21,3,Indovance,Civil,Female,Non-IT
643,Civil,Female,1253,IT,Associate Professional,Devika Jadhav,2021-22,4,DXC Technology,Civil,Female,IT
644,Civil,Female,1608,IT,GenC - Select,Rutuja Mahadev Mane,2021-22,4,Cognizant,Civil,Female,IT
645,Civil,Female,1740,Non-IT,Trainee Engineer (PPO),Aishwarya Praveen Hegishte,2021-22,4,ELEATION,Civil,Female,Non-IT
646,Civil,Female,1741,Non-IT,Trainee Engineer (PPO),Amisha Shivshankar Kadam,2021-22,4,ELEATION,Civil,Female,Non-IT
647,Civil,Female,1742,Non-IT,Trainee Engineer (PPO),Vaishnavi Vikas Kadam,2021-22,4,ELEATION,Civil,Female,Non-IT
648,Civil,Female,1747,Non-IT,Trainee Engineer (PPO),Pooja Vijay Nalawade,2021-22,4,ELEATION,Civil,Female,Non-IT
649,Civil,Female,1748,Non-IT,Trainee Engineer (PPO),Pallavi sanjay mohite,2021-22,4,ELEATION,Civil,Female,Non-IT
650,Civil,Female,1769,Non-IT,GET,Divya Dilip Chougale,2021-22,3.5,RDC Concrete,Civil,Female,Non-IT
651,Civil,Female,1796,IT,System Engineer,Dipali Igave,2021-22,3.6,Infosys,Civil,Female,IT
652,Civil,Female,1866,Non-IT,GET,Shreya Sunil Desai,2021-22,6,L&T Construction,Civil,Female,Non-IT
653,Civil,Female,1879,IT,Associate Professional,Devika Jadhav,2021-22,4,DXC Technology,Civil,Female,IT
654,Civil,Female,2234,IT,GenC - Select,Rutuja Mahadev Mane,2021-22,4,Cognizant,Civil,Female,IT
655,Civil,Female,2366,Non-IT,Trainee Engineer (PPO),Aishwarya Praveen Hegishte,2021-22,4,ELEATION,Civil,Female,Non-IT
656,Civil,Female,2367,Non-IT,Trainee Engineer (PPO),Amisha Shivshankar Kadam,2021-22,4,ELEATION,Civil,Female,Non-IT
657,Civil,Female,2368,Non-IT,Trainee Engineer (PPO),Vaishnavi Vikas Kadam,2021-22,4,ELEATION,Civil,Female,Non-IT
658,Civil,Female,2373,Non-IT,Trainee Engineer (PPO),Pooja Vijay Nalawade,2021-22,4,ELEATION,Civil,Female,Non-IT
659,Civil,Female,2374,Non-IT,Trainee Engineer (PPO),Pallavi sanjay mohite,2021-22,4,ELEATION,Civil,Female,Non-IT
660,Civil,Female,2395,Non-IT,GET,Divya Dilip Chougale,2021-22,3.5,RDC Concrete,Civil,Female,Non-IT
661,Civil,Female,2422,IT,System Engineer,Dipali Igave,2021-22,3.6,Infosys,Civil,Female,IT
662,Civil,Female,2492,Non-IT,GET,Shreya Sunil Desai,2021-22,6,L&T Construction,Civil,Female,Non-IT
663,Civil,Female,2510,IT,Associate Professional,Samruddhi Sachin Panhalkar.,2022-23,4.2,DXC Technology,Civil,Female,IT
664,Civil,Female,2513,IT,Associate Professional,Shivani Dnyaneshwar Pawar,2022-23,4.2,DXC Technology,Civil,Female,IT
665,Civil,Female,2514,IT,Associate Professional,Shradha Satish Kalkutgi,2022-23,4.2,DXC Technology,Civil,Female,IT
666,Civil,Female,2517,IT,Associate Professional,Avishkar Arvind Patil,2022-23,4.2,DXC Technology,Civil,Female,IT
667,Civil,Female,2519,IT,Associate Professional,Neha Vishwanath Vibhute,2022-23,4.2,DXC Technology,Civil,Female,IT
668,Civil,Female,2520,IT,Associate Professional,Shreya Amit Bodage,2022-23,4.2,DXC Technology,Civil,Female,IT
669,Civil,Female,2521,IT,Associate Professional,Kshitija Anil Kamble,2022-23,4.2,DXC Technology,Civil,Female,IT
670,Civil,Female,2646,Non-IT,GET,"
 Sakshi Sanjay Patil",2022-23,4,Worley,Civil,Female,Non-IT
671,Civil,Female,2647,Non-IT,GET,Shivani Dnyaneshwar Pawar,2022-23,4,Worley,Civil,Female,Non-IT
672,Civil,Female,2709,IT,Software Engineer,Aishwarya Ghevade,2022-23,4,Qspider,Civil,Female,IT
673,Civil,Female,2768,Non-IT,Subject Matter Expert,Kshitija Anil Kamble,2022-23,3,Chegg,Civil,Female,Non-IT
674,Civil,Female,2774,Non-IT,Subject Matter Expert,Farahnaaz Hamid Bagwan,2022-23,3,Chegg,Civil,Female,Non-IT
675,Civil,Female,2808,Non-IT,Subject Matter Expert,Vijaya Sanjay Kamble,2022-23,3,Chegg,Civil,Female,Non-IT
676,Civil,Female,2818,Non-IT,Subject Matter Expert,Neha Vishwanath Vibhute,2022-23,3,Chegg,Civil,Female,Non-IT
677,Civil,Female,2832,Non-IT,Subject Matter Expert,Aishwarya Suhas Parale,2022-23,3,Chegg,Civil,Female,Non-IT
678,Civil,Female,2855,Non-IT,Subject Matter Expert,Vaishnavi Uttam Jankar,2022-23,3,Chegg,Civil,Female,Non-IT
679,Civil,Female,2865,Non-IT,Subject Matter Expert,TARUNA SHRIKANT JADHAV,2022-23,3,Chegg,Civil,Female,Non-IT
680,Civil,Female,2866,Non-IT,Subject Matter Expert,Shreya Amit Bodage,2022-23,3,Chegg,Civil,Female,Non-IT
681,Civil,Female,2870,Non-IT,Subject Matter Expert,Aishwarya Balasaheb Desai,2022-23,3,Chegg,Civil,Female,Non-IT
682,Civil,Female,2875,Non-IT,Subject Matter Expert,Samruddhi Sachin Panhalkar.,2022-23,3,Chegg,Civil,Female,Non-IT
683,Civil,Female,2885,Non-IT,Subject Matter Expert,Mayuri Mahesh Shingare,2022-23,3,Chegg,Civil,Female,Non-IT
684,Civil,Female,2887,Non-IT,Subject Matter Expert,Rutuja Santosh Jagtap,2022-23,3,Chegg,Civil,Female,Non-IT
685,Civil,Female,2900,Non-IT,Subject Matter Expert,Priya Sudhakar Sabane,2022-23,3,Chegg,Civil,Female,Non-IT
686,Civil,Female,2918,Non-IT,Subject Matter Expert,Prajakta Sudhir Sutar,2022-23,3,Chegg,Civil,Female,Non-IT
687,Civil,Female,2940,Non-IT,Subject Matter Expert,REVATI CHANDRAKANT RAJPUT,2022-23,3,Chegg,Civil,Female,Non-IT
688,Civil,Female,2950,Non-IT,Subject Matter Expert,safa asalam Sayyad,2022-23,3,Chegg,Civil,Female,Non-IT
689,Civil,Female,2966,Non-IT,Subject Matter Expert,Neha Sandip Patil,2022-23,3,Chegg,Civil,Female,Non-IT
690,Civil,Female,2968,Non-IT,Subject Matter Expert,Shweta Yuvraj Sawakhande,2022-23,3,Chegg,Civil,Female,Non-IT
691,Civil,Female,2991,Non-IT,Subject Matter Expert,Insha Amir Sharikmaslat,2022-23,3,Chegg,Civil,Female,Non-IT
692,Civil,Female,3003,Non-IT,Subject Matter Expert,Shraddha Prakash Naik,2022-23,3,Chegg,Civil,Female,Non-IT
693,Civil,Female,3034,IT,Software Engineer,Farahnaaz Hamid Bagwan,2022-23,3,ExcelR,Civil,Female,IT
694,Civil,Female,3086,IT,Trainee Engineer,Shreya Amit Bodage,2022-23,3,Palle Technology,Civil,Female,IT
695,Civil,Female,3129,Non-IT,Property Advisor,Jay Dnyaneshwar Thite,2022-23,4.8,Pinclick,Civil,Female,Non-IT
696,Civil,Female,3295,IT,Subject Matter Expert,Dhanashree Dattatray Kore,2023-24,3,Chegg India,Civil,Female,IT
697,Civil,Female,3296,IT,Subject Matter Expert,Jyoti Ramesh Sutar,2023-24,3,Chegg India,Civil,Female,IT
698,Civil,Female,3297,IT,Subject Matter Expert,Kajal Ramesh Pandhare,2023-24,3,Chegg India,Civil,Female,IT
699,Civil,Female,3301,IT,Subject Matter Expert,Shreya Mukund Mali,2023-24,3,Chegg India,Civil,Female,IT
700,Civil,Female,3304,IT,Subject Matter Expert,Tanaj Sajid Mulla,2023-24,3,Chegg India,Civil,Female,IT
701,Civil,Female,3388,Non-IT,Relationship Manager,Shreya Mukund Mali,2023-24,3,Magic Stone Prop Consultants LLP,Civil,Female,Non-IT
702,Civil,Female,3389,Non-IT,Relationship Manager,Tanaj Sajid Mulla,2023-24,3,Magic Stone Prop Consultants LLP,Civil,Female,Non-IT
703,Civil,Female,3395,Non-IT,Relationship Manager,"
 Bhagyashri Satish Patil",2023-24,3,Magic Stone Prop Consultants LLP,Civil,Female,Non-IT
704,Civil,Female,3396,Non-IT,Relationship Manager,Kunjal Prakash Ghag,2023-24,3,Magic Stone Prop Consultants LLP,Civil,Female,Non-IT
705,Civil,Female,3548,Non-IT,GET, Bhagyashri Satish Patil,2023-24,4.36,RDC Concrete,Civil,Female,Non-IT
706,Civil,Female,3567,Non-IT,Trainee Engineer, Bhagyashri Satish Patil,2023-24,3,Indovance,Civil,Female,Non-IT
707,Civil,Female,3568,Non-IT,Trainee Engineer, Saniya Zakir Mujawar,2023-24,3,Indovance,Civil,Female,Non-IT
708,Civil,Female,3691,Non-IT,Trainee Engineer,Srusthi Gaikwad,2023-24,3,Indovance,Civil,Female,Non-IT
709,Civil,Female,3692,Non-IT,Trainee Engineer,Kshitija Ladkat,2023-24,3,Indovance,Civil,Female,Non-IT
710,Civil,Female,3855,Non-IT,GET,Arya Netaji Patil,2024-25,3,Indovance,Civil,Female,Non-IT
711,Civil,Female,3857,Non-IT,GET,Rajlaxmi Yogesh Jadhav,2024-25,3,Indovance,Civil,Female,Non-IT
712,Civil,Female,3858,Non-IT,GET,Samruddhi Satish Kumbhar,2024-25,3,Indovance,Civil,Female,Non-IT
713,Civil,Female,3905,Non-IT,GET,Tanvi Vijaykant Patil,2024-25,5.8,Worley Inc,Civil,Female,Non-IT
714,Civil,Female,3910,Non-IT,GET,Shivani Sadanand Lugade,2024-25,5.8,Worley Inc,Civil,Female,Non-IT
715,Civil,Female,4089,Non-IT,GET,Sanika Kerba Shinde,2024-25,3.5,CtrlS,Civil,Female,Non-IT
716,Civil,Female,4110,Non-IT,GET,Monika Rajendra Mohite,2024-25,3,"Cosmos Construction Machineries And
Equipments Private Limited",Civil,Female,Non-IT
717,Civil,Female,4112,Non-IT,GET,Shivani Sadanand Lugade,2024-25,3.5,Kolte Patil Developers Ltd.,Civil,Female,Non-IT
718,Civil,Female,4119,Non-IT,GET,Salunkhe Mrudula Prashant,2024-25,2.5,Prohitech engineering services LLP,Civil,Female,Non-IT
719,Civil,Female,4262,Non-IT,Business Development Executive,Harshal Santosh Patil,2025-26,3.6,Launched Global ,Civil,Female,Non-IT
720,Civil,Female,4263,Non-IT,Business Development Executive,Prachi Prasad Godhade,2025-26,7,Launched Global ,Civil,Female,Non-IT
721,Civil,Female,4264,Non-IT,Business Development Executive,Vaishnavi Abhiman Thite,2025-26,7,Launched Global ,Civil,Female,Non-IT
722,Civil,Female,4464,Non-IT,GET,Meeta Vijayanta Sawant,2025-26,2.5,"Planedge Consulting Pvt Ltd, Pune",Civil,Female,Non-IT
723,Civil,Female,4467,Non-IT,GET,Sharayu Shashikant Patakure,2025-26,2.5,"Planedge Consulting Pvt Ltd, Pune",Civil,Female,Non-IT
724,Civil,Female,4470,Non-IT,GET,Snehal Hari Nikam,2025-26,2.5,"Planedge Consulting Pvt Ltd, Pune",Civil,Female,Non-IT
725,Civil,Female,4472,Non-IT,GET,Nikita Jagannath Patil,2025-26,2.5,"Planedge Consulting Pvt Ltd, Pune",Civil,Female,Non-IT
726,Civil,Male,1,Non-IT,Business Development Manager,Aniruddha Devidas Kulkarni,2016-17,1.8,Impetech Global- Esappling Pvt. Ltd,Civil,Male,Non-IT
727,Civil,Male,4,Non-IT,Jr. Engineer,Ashish Anil Patil,2016-17,1.74,Sonal Infrastructure Private Ltd,Civil,Male,Non-IT
728,Civil,Male,5,Non-IT,Business Development Manager,Sidharth Jain,2016-17,1.8,Impetech Global- Esappling Pvt. Ltd,Civil,Male,Non-IT
729,Civil,Male,76,Non-IT,CRM,Rutvik Mane,2017-18,1.8,Amazon India,Civil,Male,Non-IT
730,Civil,Male,77,Non-IT,Jr. Engineer,Junaid Sarang,2017-18,2.4,Grosvenor Construction,Civil,Male,Non-IT
731,Civil,Male,78,Non-IT,Water Conservation Officer,Kishor Krishnat Bachche,2017-18,4.8,"Water Conservation Department, Govt.of Maharashtra",Civil,Male,Non-IT
732,Civil,Male,79,Non-IT,Jr. Engineer,Sagar Narayan Kumbhar,2017-18,4.8,"PWD,Mumbai",Civil,Male,Non-IT
733,Civil,Male,80,Non-IT,Town Planning Officer,Nikhil Viththal Patil,2017-18,4.8,"Town Planning Department,Govt.of Maharashtra",Civil,Male,Non-IT
734,Civil,Male,81,Non-IT,Jr. Engineer,Atul Parmeshwar Shingare,2017-18,4.8,"Water Resource Department,Govt.of Maharashtra",Civil,Male,Non-IT
735,Civil,Male,83,Non-IT,Jr. Engineer,Shriniwas Vilas Dhumal,2017-18,1.44,"Supekar Associates,Pune",Civil,Male,Non-IT
736,Civil,Male,84,Non-IT,Jr.Design Engineer,Ramesh Raje,2017-18,1.8,"3d Prime Designers,Pune",Civil,Male,Non-IT
737,Civil,Male,279,Non-IT,Trainee Engineer,Shahaji Vilas Powar,2018-19,1.8,"J.Kumar Infraprojects Ltd,Mumbai",Civil,Male,Non-IT
738,Civil,Male,280,Non-IT,Assistant Town Planning Officer,Harishchandra Ananda Patil,2018-19,4.8,"Town Planning Department,Govt.of Maharashtra",Civil,Male,Non-IT
739,Civil,Male,281,Non-IT,Trainee Engineer,Aniket Deshpande,2018-19,2.04,"Creative Constructions,Pune",Civil,Male,Non-IT
740,Civil,Male,282,Non-IT,Trainee Engineer,Ruturaj Nimbalkar,2018-19,2.4,"Anexpertize,Pune",Civil,Male,Non-IT
741,Civil,Male,284,Non-IT,Trainee Engineer,Rushikesh Deshmukh,2018-19,2.4,"Anexpertize,Pune",Civil,Male,Non-IT
742,Civil,Male,285,Non-IT,Trainee Engineer,Aniket Deshpande,2018-19,2.4,"Anexpertize,Pune",Civil,Male,Non-IT
743,Civil,Male,286,Non-IT,Trainee Engineer,Shubham Powar,2018-19,2.4,"Anexpertize,Pune",Civil,Male,Non-IT
744,Civil,Male,287,Non-IT,Sales Engineer,Shubham Powar,2018-19,1.8,HomeHubz.com,Civil,Male,Non-IT
745,Civil,Male,288,Non-IT,Sales Engineer,Avadhut Hilage Patil,2018-19,1.8,HomeHubz.com,Civil,Male,Non-IT
746,Civil,Male,289,Non-IT,Sales Engineer,IIiyas Arif Bagwan,2018-19,1.8,HomeHubz.com,Civil,Male,Non-IT
747,Civil,Male,290,Non-IT,V-sat/RF Engineer,Rhuturaj Patil,2018-19,1.92,"ISTC,Pune",Civil,Male,Non-IT
748,Civil,Male,291,Non-IT,V-sat/RF Engineer,Rushikesh Deshmukh,2018-19,1.92,"ISTC,Pune",Civil,Male,Non-IT
749,Civil,Male,292,Non-IT,V-sat/RF Engineer,Ruturaj Nimbalkar,2018-19,1.92,"ISTC,Pune",Civil,Male,Non-IT
750,Civil,Male,293,Non-IT,V-sat/RF Engineer,Shubham Shete,2018-19,1.92,"ISTC,Pune",Civil,Male,Non-IT
751,Civil,Male,294,Non-IT,V-sat/RF Engineer,Rushikesh Shedbale,2018-19,1.92,"ISTC,Pune",Civil,Male,Non-IT
752,Civil,Male,295,Non-IT,V-sat/RF Engineer,Shubham Ghadge,2018-19,1.92,"ISTC,Pune",Civil,Male,Non-IT
753,Civil,Male,296,Non-IT,V-sat/RF Engineer,Aakash Gade,2018-19,1.92,"ISTC,Pune",Civil,Male,Non-IT
754,Civil,Male,297,Non-IT,V-sat/RF Engineer,Aniket Deshpande,2018-19,1.92,"ISTC,Pune",Civil,Male,Non-IT
755,Civil,Male,298,Non-IT,V-sat/RF Engineer,Shridhar Khot,2018-19,1.92,"ISTC,Pune",Civil,Male,Non-IT
756,Civil,Male,299,Non-IT,V-sat/RF Engineer,Pratik Kawathe,2018-19,1.92,"ISTC,Pune",Civil,Male,Non-IT
757,Civil,Male,300,Non-IT,Internet Consultant,Avdhoot Hilage-Patil,2018-19,2.4,"Just Dial,Mumbai",Civil,Male,Non-IT
758,Civil,Male,301,Non-IT,Trainee Engineer,Akash Gade,2018-19,2.2,O2 breathing brains,Civil,Male,Non-IT
759,Civil,Male,302,Non-IT,Property Advisor,Aakash S. Gade,2018-19,6.2,Pin Click,Civil,Male,Non-IT
760,Civil,Male,303,Non-IT,Property Advisor,Abhishek S. Powar,2018-19,6.2,Pin Click,Civil,Male,Non-IT
761,Civil,Male,304,Non-IT,Property Advisor,Avadhut A. Hilage Patil,2018-19,6.2,Pin Click,Civil,Male,Non-IT
762,Civil,Male,305,Non-IT,Property Advisor,Jayesh S. Deshmukh,2018-19,6.2,Pin Click,Civil,Male,Non-IT
763,Civil,Male,306,Non-IT,Property Advisor,Rajvardhan D. Desai,2018-19,6.2,Pin Click,Civil,Male,Non-IT
764,Civil,Male,307,Non-IT,Property Advisor,Ruturaj S. Nimbalkar,2018-19,6.2,Pin Click,Civil,Male,Non-IT
765,Civil,Male,308,Non-IT,Property Advisor,Saurabh Kharat,2018-19,6.2,Pin Click,Civil,Male,Non-IT
766,Civil,Male,309,Non-IT,Property Advisor,Shubham Powar,2018-19,6.2,Pin Click,Civil,Male,Non-IT
767,Civil,Male,310,Non-IT,Property Advisor,Siddhant B. Dhigare,2018-19,6.2,Pin Click,Civil,Male,Non-IT
768,Civil,Male,311,Non-IT,"Business
Development",Abhishek Powar,2018-19,1.8,"Yug Promotors and
Builders",Civil,Male,Non-IT
769,Civil,Male,312,Non-IT,"Business
Development",Shubham Powar,2018-19,1.8,"Yug Promotors and
Builders",Civil,Male,Non-IT
770,Civil,Male,313,Non-IT,BusinessDevelopment,Avadhut Hilage Patil,2018-19,1.8,Yug Promotors and Builders,Civil,Male,Non-IT
771,Civil,Male,314,Non-IT,Business Development,IIiyas Arif Bagwan,2018-19,1.8,Yug Promotors and Builders,Civil,Male,Non-IT
772,Civil,Male,319,Non-IT,Business Development,Akash Gade,2018-19,1.8,Yug Promotors and Builders,Civil,Male,Non-IT
773,Civil,Male,320,Non-IT,Business Development,Ruturaj Patil,2018-19,1.8,Yug Promotors and Builders,Civil,Male,Non-IT
774,Civil,Male,1190,Non-IT,CONTENT DEVELOPER,Bhushan Surendra Ramteke,2020-21,3.5,Doubtnut,Civil,Male,Non-IT
775,Civil,Male,1192,Non-IT,Businees Development Manager,Sagar mahaveer Chougule,2020-21,5,INMOVIDU TECHNOLOGIES,Civil,Male,Non-IT
776,Civil,Male,1193,Non-IT,Businees Development Manager,Sagar Sanjay Bankar,2020-21,5,INMOVIDU TECHNOLOGIES,Civil,Male,Non-IT
777,Civil,Male,1194,Non-IT,Businees Development Manager,Sajjad Jamir Shaikh,2020-21,5,INMOVIDU TECHNOLOGIES,Civil,Male,Non-IT
778,Civil,Male,1199,Non-IT,Associate Property Advisor,Sagar  Bankar,2020-21,4.8,Pinclick,Civil,Male,Non-IT
779,Civil,Male,1200,Non-IT,Associate Property Advisor, Omkar Patil ,2020-21,4.8,Pinclick,Civil,Male,Non-IT
780,Civil,Male,1202,IT,Trainee Engineer,DAVAR VIDYA SANJAY,2020-21,3.5,Qspider,Civil,Male,IT
781,Civil,Male,1212,Non-IT,GET,Omkar Shrikrishna Taware,2020-21,3,ACC Cements,Civil,Male,Non-IT
782,Civil,Male,1214,Non-IT,BDM,Aniket Urunkar,2020-21,10,BYJU's,Civil,Male,Non-IT
783,Civil,Male,1215,IT,System Engineer,Aniket Urunkar,2020-21,3.6,Infosys,Civil,Male,IT
784,Civil,Male,1220,Non-IT,Surveyor,Tanveer Golandaj,2020-21,2.4,KOLBRO GROUP,Civil,Male,Non-IT
785,Civil,Male,1221,Non-IT,Surveyor,Rahul Kamble,2020-21,2.4,KOLBRO GROUP,Civil,Male,Non-IT
786,Civil,Male,1360,Non-IT,BDM,Ritesh Mulchandani,2021-22,2.64,"PropInn Properties Pvt Ltd ,Pune",Civil,Male,Non-IT
787,Civil,Male,1458,Non-IT,Community Influncer,Omkar G. Rupnawar,2021-22,3,MentorBoxx,Civil,Male,Non-IT
788,Civil,Male,1459,Non-IT,Community Influncer,Saurabh Redekar,2021-22,3,MentorBoxx,Civil,Male,Non-IT
789,Civil,Male,1460,Non-IT,Community Influncer,Sahil Parkar,2021-22,3,MentorBoxx,Civil,Male,Non-IT
790,Civil,Male,1461,Non-IT,Community Influncer,Chaitanya Babu Patil,2021-22,3,MentorBoxx,Civil,Male,Non-IT
791,Civil,Male,1606,IT,GenC - Select,Ibrahim Rafik Aga,2021-22,4,Cognizant,Civil,Male,IT
792,Civil,Male,1607,IT,GenC - Select,Rushikesh Devidas Devale,2021-22,4,Cognizant,Civil,Male,IT
793,Civil,Male,1685,Non-IT,Management Trainee,Ritesh K Mulchandani,2021-22,4.5,Square Yards,Civil,Male,Non-IT
794,Civil,Male,1768,Non-IT,GET,Abhijeet Mohanrao Ayrekar,2021-22,3.5,RDC Concrete,Civil,Male,Non-IT
795,Civil,Male,1786,Non-IT,BDT,Rajdeep Satish Kalekar,2021-22,10,BYJU's,Civil,Male,Non-IT
796,Civil,Male,1797,IT,System Engineer,Aniket Patil,2021-22,3.6,Infosys,Civil,Male,IT
797,Civil,Male,1833,IT,Digital Engineer,Mohin Ainapur,2021-22,3.5,Quality Kiosk,Civil,Male,IT
798,Civil,Male,1851,Non-IT,Trainee-Design Engineer,Satyawan Gorakh Narale,2021-22,3,Indovance,Civil,Male,Non-IT
799,Civil,Male,1852,Non-IT,Trainee-Design Engineer,Ritesh Kamlesh Mulchandani,2021-22,3,Indovance,Civil,Male,Non-IT
800,Civil,Male,1862,Non-IT,Trainee Engineer, Shravan Dayanand Sambhaji,2021-22,2.4,TuringMinds.Ai,Civil,Male,Non-IT
801,Civil,Male,1867,Non-IT,Business Development Manager,Shravan Dayanand Sambhaji,2021-22,8.5,BYJUs,Civil,Male,Non-IT
802,Civil,Male,1986,Non-IT,BDM,Ritesh Mulchandani,2021-22,2.64,"PropInn Properties Pvt Ltd ,Pune",Civil,Male,Non-IT
803,Civil,Male,2084,Non-IT,Community Influncer,Omkar G. Rupnawar,2021-22,3,MentorBoxx,Civil,Male,Non-IT
804,Civil,Male,2085,Non-IT,Community Influncer,Saurabh Redekar,2021-22,3,MentorBoxx,Civil,Male,Non-IT
805,Civil,Male,2086,Non-IT,Community Influncer,Sahil Parkar,2021-22,3,MentorBoxx,Civil,Male,Non-IT
806,Civil,Male,2087,Non-IT,Community Influncer,Chaitanya Babu Patil,2021-22,3,MentorBoxx,Civil,Male,Non-IT
807,Civil,Male,2232,IT,GenC - Select,Ibrahim Rafik Aga,2021-22,4,Cognizant,Civil,Male,IT
808,Civil,Male,2233,IT,GenC - Select,Rushikesh Devidas Devale,2021-22,4,Cognizant,Civil,Male,IT
809,Civil,Male,2311,Non-IT,Management Trainee,Ritesh K Mulchandani,2021-22,4.5,Square Yards,Civil,Male,Non-IT
810,Civil,Male,2394,Non-IT,GET,Abhijeet Mohanrao Ayrekar,2021-22,3.5,RDC Concrete,Civil,Male,Non-IT
811,Civil,Male,2412,Non-IT,BDT,Rajdeep Satish Kalekar,2021-22,10,BYJU's,Civil,Male,Non-IT
812,Civil,Male,2423,IT,System Engineer,Aniket Patil,2021-22,3.6,Infosys,Civil,Male,IT
813,Civil,Male,2459,IT,Digital Engineer,Mohin Ainapur,2021-22,3.5,Quality Kiosk,Civil,Male,IT
814,Civil,Male,2477,Non-IT,Trainee-Design Engineer,Satyawan Gorakh Narale,2021-22,3,Indovance,Civil,Male,Non-IT
815,Civil,Male,2478,Non-IT,Trainee-Design Engineer,Ritesh Kamlesh Mulchandani,2021-22,3,Indovance,Civil,Male,Non-IT
816,Civil,Male,2488,Non-IT,Trainee Engineer, Shravan Dayanand Sambhaji,2021-22,2.4,TuringMinds.Ai,Civil,Male,Non-IT
817,Civil,Male,2493,Non-IT,Business Development Manager,Shravan Dayanand Sambhaji,2021-22,8.5,BYJUs,Civil,Male,Non-IT
818,Civil,Male,2511,IT,Associate Professional,Avishkar Annaso bhosale,2022-23,4.2,DXC Technology,Civil,Male,IT
819,Civil,Male,2512,IT,Associate Professional,Ashish Rajendra Ayarekar,2022-23,4.2,DXC Technology,Civil,Male,IT
820,Civil,Male,2515,IT,Associate Professional,Shivam Mahendra Chingale,2022-23,4.2,DXC Technology,Civil,Male,IT
821,Civil,Male,2516,IT,Associate Professional,Manish Nitin Kumbhar,2022-23,4.2,DXC Technology,Civil,Male,IT
822,Civil,Male,2518,IT,Associate Professional,Prathmesh Eknath Kumbhar,2022-23,4.2,DXC Technology,Civil,Male,IT
823,Civil,Male,2705,IT,Software Engineer,Harshal Anant Hadkar,2022-23,4,Qspider,Civil,Male,IT
824,Civil,Male,2706,IT,Software Engineer,Prathmesh Ashokkumar Powar,2022-23,4,Qspider,Civil,Male,IT
825,Civil,Male,2707,IT,Software Engineer,Yash Laxman patil,2022-23,4,Qspider,Civil,Male,IT
826,Civil,Male,2708,IT,Software Engineer,Ashish Rajendra Ayarekar,2022-23,4,Qspider,Civil,Male,IT
827,Civil,Male,2760,Non-IT,Subject Matter Expert,Pushkar Rajesh Chavan,2022-23,3,Chegg,Civil,Male,Non-IT
828,Civil,Male,2785,Non-IT,Subject Matter Expert,Aditya Ramesh Kusurkar,2022-23,3,Chegg,Civil,Male,Non-IT
829,Civil,Male,2786,Non-IT,Subject Matter Expert,Sanket Arun Chougale,2022-23,3,Chegg,Civil,Male,Non-IT
830,Civil,Male,2811,Non-IT,Subject Matter Expert,Saurabh Namdev Farakate,2022-23,3,Chegg,Civil,Male,Non-IT
831,Civil,Male,2812,Non-IT,Subject Matter Expert,Sangramsinh Sanjay Rode Patil,2022-23,3,Chegg,Civil,Male,Non-IT
832,Civil,Male,2831,Non-IT,Subject Matter Expert,Neeraj Satish Mandavkar,2022-23,3,Chegg,Civil,Male,Non-IT
833,Civil,Male,2834,Non-IT,Subject Matter Expert,aman bashir patvekar,2022-23,3,Chegg,Civil,Male,Non-IT
834,Civil,Male,2837,Non-IT,Subject Matter Expert,Arbaj Gaous Tamboli,2022-23,3,Chegg,Civil,Male,Non-IT
835,Civil,Male,2841,Non-IT,Subject Matter Expert,Saurabh Dewanand Lakde,2022-23,3,Chegg,Civil,Male,Non-IT
836,Civil,Male,2842,Non-IT,Subject Matter Expert,Rushikesh Shrikant Narvekar,2022-23,3,Chegg,Civil,Male,Non-IT
837,Civil,Male,2844,Non-IT,Subject Matter Expert,Yash Laxman patil,2022-23,3,Chegg,Civil,Male,Non-IT
838,Civil,Male,2848,Non-IT,Subject Matter Expert,Abhishek Jaysing Jadhav,2022-23,3,Chegg,Civil,Male,Non-IT
839,Civil,Male,2850,Non-IT,Subject Matter Expert,GAJANAN VITTHAL MALI,2022-23,3,Chegg,Civil,Male,Non-IT
840,Civil,Male,2857,Non-IT,Subject Matter Expert,Basavaraj Shivashran Gundad,2022-23,3,Chegg,Civil,Male,Non-IT
841,Civil,Male,2859,Non-IT,Subject Matter Expert,Aditya Prakash Sonwalkar,2022-23,3,Chegg,Civil,Male,Non-IT
842,Civil,Male,2867,Non-IT,Subject Matter Expert,Abhishek prabhakar Mali,2022-23,3,Chegg,Civil,Male,Non-IT
843,Civil,Male,2868,Non-IT,Subject Matter Expert,Prathmesh Ashokkumar Powar,2022-23,3,Chegg,Civil,Male,Non-IT
844,Civil,Male,2882,Non-IT,Subject Matter Expert,Shamshuddin Isak Shaikh,2022-23,3,Chegg,Civil,Male,Non-IT
845,Civil,Male,2886,Non-IT,Subject Matter Expert,Ashish Rajendra Ayarekar,2022-23,3,Chegg,Civil,Male,Non-IT
846,Civil,Male,2888,Non-IT,Subject Matter Expert,Aditya Shivaji Jadhav,2022-23,3,Chegg,Civil,Male,Non-IT
847,Civil,Male,2896,Non-IT,Subject Matter Expert,Siddhesh Tanaji Lohar,2022-23,3,Chegg,Civil,Male,Non-IT
848,Civil,Male,2898,Non-IT,Subject Matter Expert,Abhijeet Prakash Patil,2022-23,3,Chegg,Civil,Male,Non-IT
849,Civil,Male,2899,Non-IT,Subject Matter Expert,Mohamad Anas Imtiyazahmed Momin,2022-23,3,Chegg,Civil,Male,Non-IT
850,Civil,Male,2916,Non-IT,Subject Matter Expert,Tejesh Shivaji Marlapalle,2022-23,3,Chegg,Civil,Male,Non-IT
851,Civil,Male,2924,Non-IT,Subject Matter Expert,Yash Shivaji Kokane,2022-23,3,Chegg,Civil,Male,Non-IT
852,Civil,Male,2947,Non-IT,Subject Matter Expert,Roshan Anil Narvekar,2022-23,3,Chegg,Civil,Male,Non-IT
853,Civil,Male,2955,Non-IT,Subject Matter Expert,Mahesh Bhimrao Shinde,2022-23,3,Chegg,Civil,Male,Non-IT
854,Civil,Male,2960,Non-IT,Subject Matter Expert,RUTURAJ PRANIL BHOSALE,2022-23,3,Chegg,Civil,Male,Non-IT
855,Civil,Male,2972,Non-IT,Subject Matter Expert,Ruturaj Shripati Mithari,2022-23,3,Chegg,Civil,Male,Non-IT
856,Civil,Male,2975,Non-IT,Subject Matter Expert,Varunraj Sanjay Wadgule,2022-23,3,Chegg,Civil,Male,Non-IT
857,Civil,Male,2977,Non-IT,Subject Matter Expert,Adarsh Krishnat Jadhav,2022-23,3,Chegg,Civil,Male,Non-IT
858,Civil,Male,2995,Non-IT,Subject Matter Expert,Abhijeet Prakash Patil,2022-23,3,Chegg,Civil,Male,Non-IT
859,Civil,Male,3004,Non-IT,Subject Matter Expert,Ram Vilasrao Suryawanshi,2022-23,3,Chegg,Civil,Male,Non-IT
860,Civil,Male,3011,Non-IT,Property Advisor,aman bashir patvekar,2022-23,4.8,Pinclick,Civil,Male,Non-IT
861,Civil,Male,3012,Non-IT,Property Advisor,Basavaraj Shivashran Gundad,2022-23,4.8,Pinclick,Civil,Male,Non-IT
862,Civil,Male,3013,Non-IT,Property Advisor,Mohamad Anas Imtiyazahmed Momin,2022-23,4.8,Pinclick,Civil,Male,Non-IT
863,Civil,Male,3014,Non-IT,Property Advisor,Parmeshwar Shankar Kolekar,2022-23,4.8,Pinclick,Civil,Male,Non-IT
864,Civil,Male,3015,Non-IT,Property Advisor,Prathmesh Ashokkumar Powar,2022-23,4.8,Pinclick,Civil,Male,Non-IT
865,Civil,Male,3016,Non-IT,Property Advisor,Rutvik Tanaji Patil,2022-23,4.8,Pinclick,Civil,Male,Non-IT
866,Civil,Male,3017,Non-IT,Property Advisor,Saurabh Dewanand Lakde,2022-23,4.8,Pinclick,Civil,Male,Non-IT
867,Civil,Male,3018,Non-IT,Property Advisor,Saurabh Suresh Patil,2022-23,4.8,Pinclick,Civil,Male,Non-IT
868,Civil,Male,3019,Non-IT,Property Advisor,Siddhesh Tanaji Lohar,2022-23,4.8,Pinclick,Civil,Male,Non-IT
869,Civil,Male,3020,Non-IT,Property Advisor,Sumit Devdas Kamble,2022-23,4.8,Pinclick,Civil,Male,Non-IT
870,Civil,Male,3021,Non-IT,Property Advisor,Tushar Khushalchandra Rajmane,2022-23,4.8,Pinclick,Civil,Male,Non-IT
871,Civil,Male,3022,Non-IT,Property Advisor,Yash Laxman patil,2022-23,4.8,Pinclick,Civil,Male,Non-IT
872,Civil,Male,3023,Non-IT,Property Advisor,Yash Shivaji Kokane,2022-23,4.8,Pinclick,Civil,Male,Non-IT
873,Civil,Male,3063,Non-IT,GET, Parth Vidhyanand Patil,2022-23,6.5,Unitec Concrete,Civil,Male,Non-IT
874,Civil,Male,3127,Non-IT,Property Advisor,Dhananjay suresh patil,2022-23,4.8,Pinclick,Civil,Male,Non-IT
875,Civil,Male,3128,Non-IT,Property Advisor,Hari Prakash Mete,2022-23,4.8,Pinclick,Civil,Male,Non-IT
876,Civil,Male,3130,Non-IT,Property Advisor,Pranav Narayan Bhute,2022-23,4.8,Pinclick,Civil,Male,Non-IT
877,Civil,Male,3131,Non-IT,Property Advisor,Pushkar Rajesh Chavan,2022-23,4.8,Pinclick,Civil,Male,Non-IT
878,Civil,Male,3132,Non-IT,Property Advisor,Sandesh Sunil Gavare,2022-23,4.8,Pinclick,Civil,Male,Non-IT
879,Civil,Male,3133,Non-IT,Property Advisor,Sangramsinh Sanjay Rode Patil,2022-23,4.8,Pinclick,Civil,Male,Non-IT
880,Civil,Male,3134,Non-IT,Property Advisor,Vaibhav Anandrao Kumbhar,2022-23,4.8,Pinclick,Civil,Male,Non-IT
881,Civil,Male,3135,Non-IT,Property Advisor,Yogesh Manoj Patil,2022-23,4.8,Pinclick,Civil,Male,Non-IT
882,Civil,Male,3136,Non-IT,Management Trainee,Varunraj Wadgule,2022-23,3.42,Sobha Developers,Civil,Male,Non-IT
883,Civil,Male,3137,Non-IT,Business Development Associate,Shreeraj Ghanasham Sahotre,2022-23,7,BYJU's,Civil,Male,Non-IT
884,Civil,Male,3294,IT,Subject Matter Expert,Ashish Anil Dattu,2023-24,3,Chegg India,Civil,Male,IT
885,Civil,Male,3298,IT,Subject Matter Expert,Pravin Sanjay Karande,2023-24,3,Chegg India,Civil,Male,IT
886,Civil,Male,3299,IT,Subject Matter Expert,Rajvardhan Maruti Desai,2023-24,3,Chegg India,Civil,Male,IT
887,Civil,Male,3300,IT,Subject Matter Expert,Sanket Pramod Chiprikar,2023-24,3,Chegg India,Civil,Male,IT
888,Civil,Male,3302,IT,Subject Matter Expert,Shubham Sharad Bendre,2023-24,3,Chegg India,Civil,Male,IT
889,Civil,Male,3303,IT,Subject Matter Expert,Swapnil Sunil Shinde,2023-24,3,Chegg India,Civil,Male,IT
890,Civil,Male,3386,Non-IT,Relationship Manager,Avishkar Shashikant Kadam,2023-24,3,Magic Stone Prop Consultants LLP,Civil,Male,Non-IT
891,Civil,Male,3397,Non-IT,Relationship Manager, Kirtiraj Dilip Patil,2023-24,3,Magic Stone Prop Consultants LLP,Civil,Male,Non-IT
892,Civil,Male,3400,Non-IT,Relationship Manager, Abhishek Appasaheb Mandlik,2023-24,3,Magic Stone Prop Consultants LLP,Civil,Male,Non-IT
893,Civil,Male,3445,Non-IT,GET,Omkar Bharat Shinde,2023-24,4,Arvind Smart Spaces,Civil,Male,Non-IT
894,Civil,Male,3549,Non-IT,GET,Shashank V. Gijavanekar,2023-24,4.36,RDC Concrete,Civil,Male,Non-IT
895,Civil,Male,3616,Non-IT,GET,Shivraj Vijaykumar Bhosale,2023-24,3,Knest Aluform,Civil,Male,Non-IT
896,Civil,Male,3854,Non-IT,GET,Adwait Dattatray Bote,2024-25,3,Indovance,Civil,Male,Non-IT
897,Civil,Male,3856,Non-IT,GET,PRITAM SUNIL BHOSALE,2024-25,3,Indovance,Civil,Male,Non-IT
898,Civil,Male,3859,Non-IT,GET,Sankalp Sachin Patil,2024-25,3,Indovance,Civil,Male,Non-IT
899,Civil,Male,3860,Non-IT,GET,SHARVIL MANDAR SARDESAI,2024-25,3,Indovance,Civil,Male,Non-IT
900,Civil,Male,3861,Non-IT,GET,Shivtej Prashant Hattagine,2024-25,3,Indovance,Civil,Male,Non-IT
901,Civil,Male,3862,Non-IT,GET,Sourabh Balaso Khot,2024-25,3,Indovance,Civil,Male,Non-IT
902,Civil,Male,3870,Non-IT,GET,Sanket Sanjay Kuigade,2024-25,6,Technimont,Civil,Male,Non-IT
903,Civil,Male,3957,IT,Graphic Designer,Pritam Dipak Ghuge,2024-25,3.5,Dialogues Media,Civil,Male,IT
904,Civil,Male,4086,Non-IT,GET,Mohamadsaad Nijamuddin Desai,2024-25,3.5,CtrlS,Civil,Male,Non-IT
905,Civil,Male,4087,Non-IT,GET,Pratik Gosu Raktade,2024-25,3.5,CtrlS,Civil,Male,Non-IT
906,Civil,Male,4088,Non-IT,GET,Sairaj Rajendra More,2024-25,3.5,CtrlS,Civil,Male,Non-IT
907,Civil,Male,4090,Non-IT,GET,Somesh Laxman Nakadi,2024-25,3.5,CtrlS,Civil,Male,Non-IT
908,Civil,Male,4108,Non-IT,GET,Siddhesh Kireesh More,2024-25,2.5,City and Industrial Development Corporation of Maharashtra Limited (CIDCO),Civil,Male,Non-IT
909,Civil,Male,4109,Non-IT,GET,Aditya Shivnath Shete,2024-25,2.5,City and Industrial Development Corporation of Maharashtra Limited (CIDCO),Civil,Male,Non-IT
910,Civil,Male,4111,Non-IT,GET,Nalband Daud Alam Aslam,2024-25,3,J.M. Mhatre Infra Pvt Ltd.,Civil,Male,Non-IT
911,Civil,Male,4113,Non-IT,GET,Aniket Tanaji Patil,2024-25,3.5,Kolte Patil Developers Ltd.,Civil,Male,Non-IT
912,Civil,Male,4114,Non-IT,GET,Suyash Sandeep Thorat,2024-25,3.5,Kolte Patil Developers Ltd.,Civil,Male,Non-IT
913,Civil,Male,4115,Non-IT,GET,Rajvardhan Appasaheb Patil,2024-25,3.5,Kolte Patil Developers Ltd.,Civil,Male,Non-IT
914,Civil,Male,4116,Non-IT,GET,Suraj Prakash Shelar,2024-25,3.5,Kolte Patil Developers Ltd.,Civil,Male,Non-IT
915,Civil,Male,4117,Non-IT,GET,Vaikunth Mohan Kharate,2024-25,3.5,"Larsen & Toubro Limited, Mount Poonamallee Road, Manapakkam, P.B.No.979,",Civil,Male,Non-IT
916,Civil,Male,4118,Non-IT,GET,Bankar Pooja Subhash,2024-25,2.5,Prohitech engineering services LLP,Civil,Male,Non-IT
917,Civil,Male,4120,Non-IT,GET,Gaurav Anil Landage,2024-25,3.5,Larsen & Toubro Limited Mumbai,Civil,Male,Non-IT
918,Civil,Male,4121,Non-IT,GET,Prajwal Tanaji Patil,2024-25,2.5,Sapphire Associated,Civil,Male,Non-IT
919,Civil,Male,4134,Non-IT,GET,Aniket Tanaji Patil,2024-25,3,Lodha Construction,Civil,Male,Non-IT
920,Civil,Male,4135,Non-IT,GET,Suraj Prakash Shelar,2024-25,3,Lodha Construction,Civil,Male,Non-IT
921,Civil,Male,4136,Non-IT,GET,Suyash Sandeep Thorat,2024-25,3,Lodha Construction,Civil,Male,Non-IT
922,Civil,Male,4140,Non-IT,GET,Tejas Shivaji Mane,2024-25,4,AEGIS LOGISTICS LTD,Civil,Male,Non-IT
923,Civil,Male,4145,Non-IT,GET,Pranav Bajirao Patil,2024-25,3,QUESS  CORP LTD,Civil,Male,Non-IT
924,Civil,Male,4146,Non-IT,Sr. Civil Engineer,Sangram Sarjerao Vidhate,2024-25,3,R Kiran Construction LLP,Civil,Male,Non-IT
925,Civil,Male,4147,Non-IT,Quality Engineer,Swaroop Yogesh Tarlekar,2024-25,3,RP Infra Pvt Ltd,Civil,Male,Non-IT
926,Civil,Male,4158,Non-IT,GET,Ramchandra Arjun Rawool,2024-25,4,Kinglong,Civil,Male,Non-IT
927,Civil,Male,4451,Non-IT,GET,Manish Mahadev Patil,2025-26,5.25,VConstruct,Civil,Male,Non-IT
928,Civil,Male,4452,Non-IT,GET,Aniruddha Balasaheb Patil,2025-26,5.25,VConstruct,Civil,Male,Non-IT
929,Civil,Male,4465,Non-IT,GET,Satyam Sarjerao Manjare,2025-26,2.5,"Planedge Consulting Pvt Ltd, Pune",Civil,Male,Non-IT
930,Civil,Male,4466,Non-IT,GET,Harshvardhan Ashok Shinde,2025-26,2.5,"Planedge Consulting Pvt Ltd, Pune",Civil,Male,Non-IT
931,Civil,Male,4468,Non-IT,GET,Om Anil Mali,2025-26,2.5,"Planedge Consulting Pvt Ltd, Pune",Civil,Male,Non-IT
932,Civil,Male,4469,Non-IT,GET,Abdulraheman Vajirali Sutar,2025-26,2.5,"Planedge Consulting Pvt Ltd, Pune",Civil,Male,Non-IT
933,Civil,Male,4471,Non-IT,GET,Sudesh Dattatray Waghmare,2025-26,2.5,"Planedge Consulting Pvt Ltd, Pune",Civil,Male,Non-IT
934,Civil,Male,4505,Intern,Software Engineer Trainee,Sudesh Dattatray Waghmare,2025-26,4,Gubbi,Civil,Male,Intern
935,Civil,Male,4506,Intern,Software Engineer Trainee,Yash Ganesh Kalyankar,2025-26,5.25,Gubbi,Civil,Male,Intern
936,Civil,Male,4507,Intern,Jr Engineer,Vitthalraje Ranjeet Chavan,2025-26,5.25,GHK Hospitality & Infrastructure LTD,Civil,Male,Intern
937,Civil,Male,4559,Non-IT,Billing & Planning,Karan Pandit Jadhav,2025-26,3.6,JPW Infratech Pvt Ltd,Civil,Male,Non-IT
938,CSE,Female,6,IT,CRM,Pooja  S. Patil,2016-17,1.8,Amazon India,CSE,Female,IT
939,CSE,Female,7,IT,CRM,Rucha S. Patil,2016-17,2.8,Amazon India,CSE,Female,IT
940,CSE,Female,8,IT,CRM,JyotiChavan,2016-17,3.8,Amazon India,CSE,Female,IT
941,CSE,Female,9,IT,CRM,Shwetali Pawar,2016-17,4.8,Amazon India,CSE,Female,IT
942,CSE,Female,10,IT,CRM,Sukanya Pujari,2016-17,5.8,Amazon India,CSE,Female,IT
943,CSE,Female,11,IT,CRM,Suhasini More,2016-17,6.8,Amazon India,CSE,Female,IT
944,CSE,Female,12,IT,CRM,ApurvaKhanolkar,2016-17,7.8,Amazon India,CSE,Female,IT
945,CSE,Female,14,IT,Trainee Engineer,Maithili Jadhav,2016-17,2.4,CMS IT Services,CSE,Female,IT
946,CSE,Female,15,IT,Trainee Engineer,Vibhavari Patil,2016-17,2.4,CMS IT Services,CSE,Female,IT
947,CSE,Female,16,IT,Trainee Engineer,Shweta Patil,2016-17,2.4,CMS IT Services,CSE,Female,IT
948,CSE,Female,17,IT,Trainee Engineer,VibhavariPatil,2016-17,2.4,CMS IT Services,CSE,Female,IT
949,CSE,Female,18,IT,Trainee Engineer,Suvarna Pawar,2016-17,2.4,CMS IT Services,CSE,Female,IT
950,CSE,Female,19,IT,Trainee Engineer,Aishwarya Alwekar,2016-17,2.4,CMS IT Services,CSE,Female,IT
951,CSE,Female,20,IT,Trainee Engineer,Nivedita Patil,2016-17,2.4,CMS IT Services,CSE,Female,IT
952,CSE,Female,22,IT,Trainee Engineer,Aishwarya Jadhav,2016-17,2.4,CMS IT Services,CSE,Female,IT
953,CSE,Female,23,IT,Trainee Engineer,Sampada,2016-17,2.4,CMS IT Services,CSE,Female,IT
954,CSE,Female,25,IT,Trainee Engineer,Manasi,2016-17,2.4,CMS IT Services,CSE,Female,IT
955,CSE,Female,27,IT,Trainee Engineer,Sukanya Pujari,2016-17,2.4,CMS IT Services,CSE,Female,IT
956,CSE,Female,89,IT,Software Engineer,Preeti Jaykhedkar,2017-18,1.8,"Brainstorm Force,Pune",CSE,Female,IT
957,CSE,Female,90,IT,Software Engineer,Trupti Bhosale,2017-18,3.5,Atos Syntel,CSE,Female,IT
958,CSE,Female,91,IT,Software Engineer,Aishwarya Patil,2017-18,3.5,"KPIT,Pune",CSE,Female,IT
959,CSE,Female,92,IT,Software Engineer,Hiteshvari Adesh Patil,2017-18,3.31,"KPIT,Pune",CSE,Female,IT
960,CSE,Female,93,IT,Software Engineer,Deepali Pundlik Patil,2017-18,3.31,"KPIT,Pune",CSE,Female,IT
961,CSE,Female,94,IT,Software Engineer,Shrutika Jadhav,2017-18,3.31,"KPIT,Pune",CSE,Female,IT
962,CSE,Female,96,IT,Software Engineer,Deshpande Shrinidhi R.,2017-18,2.4,"QSPIDER ,Pune",CSE,Female,IT
963,CSE,Female,98,IT,Software Engineer,Patil Aishwarya V.,2017-18,2.4,"QSPIDER ,Pune",CSE,Female,IT
964,CSE,Female,104,IT,Software Engineer,Shaikh Neha U.,2017-18,2.4,"QSPIDER ,Pune",CSE,Female,IT
965,CSE,Female,105,IT,Software Engineer,Shiradwade Roshani A.,2017-18,3.5,"Infosys,Pune",CSE,Female,IT
966,CSE,Female,106,IT,Software Engineer,Bhosale Trupti V.,2017-18,2.4,"QSPIDER ,Pune",CSE,Female,IT
967,CSE,Female,107,IT,Software Engineer,Mulya Harshita N.,2017-18,3.5,MindTree,CSE,Female,IT
968,CSE,Female,108,IT,Software Engineer,Shiradwade Roshani A.,2017-18,2.4,"QSPIDER ,Pune",CSE,Female,IT
969,CSE,Female,109,IT,Software Engineer,Jaykhedkar Priti P.,2017-18,2.4,"QSPIDER ,Pune",CSE,Female,IT
970,CSE,Female,110,IT,Software Engineer,Mulya Harshita N.,2017-18,2.4,"QSPIDER ,Pune",CSE,Female,IT
971,CSE,Female,111,IT,Software Engineer,Pise Shrui R.,2017-18,2.4,"QSPIDER ,Pune",CSE,Female,IT
972,CSE,Female,322,IT,Software Engineer,Nikita Mandale,2018-19,3.8,"Androsonic, Pune",CSE,Female,IT
973,CSE,Female,323,IT,Software Engineer,Vaishnavi Kale,2018-19,3.8,"Androsonic, Pune",CSE,Female,IT
974,CSE,Female,324,IT,System Engineer,Nikita Patil,2018-19,3.5,"TCS, Pune",CSE,Female,IT
975,CSE,Female,326,IT,System Engineer,Sayali Patil,2018-19,3.5,"TCS, Pune",CSE,Female,IT
976,CSE,Female,329,IT,System Engineer,Nikita Mandale,2018-19,3.5,"TCS, Pune",CSE,Female,IT
977,CSE,Female,335,IT,Software Engineer,Shruti Jadhav,2018-19,3,"Paramatrix, Mumbai",CSE,Female,IT
978,CSE,Female,336,IT,Software Engineer,Arati Khanolkar,2018-19,3,"Paramatrix, Mumbai",CSE,Female,IT
979,CSE,Female,337,IT,Software Engineer,Phalaknaz Punekar,2018-19,3,"Paramatrix, Mumbai",CSE,Female,IT
980,CSE,Female,338,IT,Software Engineer,Ankita Mirajkar,2018-19,3,"Paramatrix, Mumbai",CSE,Female,IT
981,CSE,Female,340,IT,Software Engineer,Shivani Chabukpatil,2018-19,3,"Paramatrix, Mumbai",CSE,Female,IT
982,CSE,Female,343,IT,System Engineer,Arati Khanolkar,2018-19,3,"TCS, Pune",CSE,Female,IT
983,CSE,Female,344,IT,System Engineer,Vaishnavi Kale,2018-19,3,Wipro  Pune,CSE,Female,IT
984,CSE,Female,346,IT,Software Engineer,Snehal Salokhe,2018-19,3,Webtech Solutions,CSE,Female,IT
985,CSE,Female,347,IT,Software Engineer,Apurva Ghayalkar,2018-19,1.8,Mouritech,CSE,Female,IT
986,CSE,Female,350,IT,Software Engineer,Arati Khanolkar,2018-19,3.5,"Atos Syntel., Pune",CSE,Female,IT
987,CSE,Female,351,IT,Software Engineer,Shnehal Salokhe,2018-19,3.5,"Atos Syntel., Pune",CSE,Female,IT
988,CSE,Female,354,IT,Software Engineer,Nikita Patil,2018-19,3.5,"Atos Syntel., Pune",CSE,Female,IT
989,CSE,Female,358,IT,Software Engineer,Priyanka Badi,2018-19,4,"Webonise labs, Pune",CSE,Female,IT
990,CSE,Female,359,IT,Software Engineer,Akshada Pawar,2018-19,3.31,"KPIT,Pune",CSE,Female,IT
991,CSE,Female,360,IT,Software Engineer,Priyanka Badi,2018-19,3,Webtech Solutions,CSE,Female,IT
992,CSE,Female,362,IT,Trainee Engineer,Ashwini Ashok Patil,2018-19,2.4,"
Network Lab, Banglore",CSE,Female,IT
993,CSE,Female,363,IT,Trainee Engineer,Aishwarya Prabhavalkar,2018-19,2.4,"
Network Lab, Banglore",CSE,Female,IT
994,CSE,Female,364,IT,Trainee Engineer,Arati Nathuram Kamble,2018-19,2.4,"
Network Lab, Banglore",CSE,Female,IT
995,CSE,Female,365,IT,Trainee Engineer,Pooja Shankar Kumbhar,2018-19,2.4,"
Network Lab, Banglore",CSE,Female,IT
996,CSE,Female,366,IT,Trainee Engineer,Sayali Nanasaheb Patil,2018-19,2.4,"
Network Lab, Banglore",CSE,Female,IT
997,CSE,Female,369,IT,Trainee Engineer,Pournima Uttam Kunnure,2018-19,2.4,"
Network Lab, Banglore",CSE,Female,IT
998,CSE,Female,370,IT,Trainee Engineer,madhuri mahadev swami,2018-19,2.4,"
Network Lab, Banglore",CSE,Female,IT
999,CSE,Female,371,IT,Trainee Engineer,Jyoti Namdev Gurav,2018-19,2.4,"
Network Lab, Banglore",CSE,Female,IT
1000,CSE,Female,372,IT,Trainee Engineer,Gauri Pandurang Kadam,2018-19,2.4,"
Network Lab, Banglore",CSE,Female,IT
1001,CSE,Female,375,IT,Trainee Engineer,Rutuja Hindurao Khot,2018-19,2.4,"
Network Lab, Banglore",CSE,Female,IT
1002,CSE,Female,378,IT,Trainee Engineer,Priti Dnyanoba Kondhalkar,2018-19,2.4,"
Network Lab, Banglore",CSE,Female,IT
1003,CSE,Female,382,IT,Trainee Engineer,Sayali Prabhu shirodkar,2018-19,2.4,"
Network Lab, Banglore",CSE,Female,IT
1004,CSE,Female,383,IT,Trainee Engineer,Namrata Suhas Khade,2018-19,2.4,"
Network Lab, Banglore",CSE,Female,IT
1005,CSE,Female,384,IT,Trainee Engineer,Bhagyashree Gayali,2018-19,2.4,"
Network Lab, Banglore",CSE,Female,IT
1006,CSE,Female,385,IT,Trainee Engineer,Rutuja Hindurao Khot,2018-19,2.4,"
Network Lab, Banglore",CSE,Female,IT
1007,CSE,Female,386,IT,Trainee Engineer,Rutuja Vijay Desai,2018-19,2.4,"
Network Lab, Banglore",CSE,Female,IT
1008,CSE,Female,389,IT,Trainee Engineer,Prajakta Suryawanshi,2018-19,2.4,"
Network Lab, Banglore",CSE,Female,IT
1009,CSE,Female,390,IT,Trainee Engineer,jyoti subhash patil,2018-19,2.4,"
Network Lab, Banglore",CSE,Female,IT
1010,CSE,Female,391,IT,Trainee Engineer,Rutuja Anand Kulkarni,2018-19,2.4,"
Network Lab, Banglore",CSE,Female,IT
1011,CSE,Female,392,IT,Trainee Engineer,Priyanka Pratap Dakare,2018-19,2.4,"
Network Lab, Banglore",CSE,Female,IT
1012,CSE,Female,395,IT,Trainee Engineer,Priyanka Rajendra Hasolkar,2018-19,2.4,"
Network Lab, Banglore",CSE,Female,IT
1013,CSE,Female,397,IT,Trainee Engineer,Mayuri Bajirao Pawar,2018-19,2.4,"
Network Lab, Banglore",CSE,Female,IT
1014,CSE,Female,398,IT,Trainee Engineer,Ankita Vishwanath Mirajkar,2018-19,2.4,"
Network Lab, Banglore",CSE,Female,IT
1015,CSE,Female,403,IT,Trainee Engineer,Rohini Namdevrao Satapure,2018-19,2.4,"
Network Lab, Banglore",CSE,Female,IT
1016,CSE,Female,405,IT,Trainee Engineer,Falaknaz Naushad Punekar,2018-19,2.4,"
Network Lab, Banglore",CSE,Female,IT
1017,CSE,Female,406,IT,Trainee Engineer,Tejaswini Tanaji Patil,2018-19,2.4,"
Network Lab, Banglore",CSE,Female,IT
1018,CSE,Female,409,IT,Trainee Engineer,Ashwini Prabhakar Munde,2018-19,2.4,"
Network Lab, Banglore",CSE,Female,IT
1019,CSE,Female,410,IT,Trainee Engineer,Sayali Dinesh Satpte,2018-19,2.4,"
Network Lab, Banglore",CSE,Female,IT
1020,CSE,Female,411,IT,Trainee Engineer,pallavi rajaram bhise,2018-19,2.4,"
Network Lab, Banglore",CSE,Female,IT
1021,CSE,Female,412,IT,Trainee Engineer,namrata malgave,2018-19,2.4,"
Network Lab, Banglore",CSE,Female,IT
1022,CSE,Female,413,IT,Trainee Engineer,Amruta Anandrao Ghadage,2018-19,2.4,"
Network Lab, Banglore",CSE,Female,IT
1023,CSE,Female,414,IT,Trainee Engineer,komal bhikaji sawant,2018-19,2.4,"
Network Lab, Banglore",CSE,Female,IT
1024,CSE,Female,419,IT,Trainee Engineer,Kavita Shivaj Koli,2018-19,2.4,"
Network Lab, Banglore",CSE,Female,IT
1025,CSE,Female,420,IT,Trainee Engineer,Devkar Rupali Popat,2018-19,2.4,"
Network Lab, Banglore",CSE,Female,IT
1026,CSE,Female,421,IT,Trainee Engineer,kishori kishor kamble,2018-19,2.4,"
Network Lab, Banglore",CSE,Female,IT
1027,CSE,Female,422,IT,Trainee Engineer,Sakshi Rasal,2018-19,2.4,"
Network Lab, Banglore",CSE,Female,IT
1028,CSE,Female,425,IT,Trainee Engineer,Shruti Jadhav,2018-19,2.4,"
Network Lab, Banglore",CSE,Female,IT
1029,CSE,Female,426,IT,Trainee Engineer,Aishwarya Patil,2018-19,2.4,"
Network Lab, Banglore",CSE,Female,IT
1030,CSE,Female,427,IT,Trainee Engineer,Shweta Pandurang Patil,2018-19,2.4,"
Network Lab, Banglore",CSE,Female,IT
1031,CSE,Female,429,IT,Trainee Engineer,Apurva Shirish Ghayalkar,2018-19,2.4,"
Network Lab, Banglore",CSE,Female,IT
1032,CSE,Female,430,IT,Trainee Engineer,Shivani Chabuk Patil,2018-19,2.4,"
Network Lab, Banglore",CSE,Female,IT
1033,CSE,Female,431,IT,Trainee Engineer,Shubhangi Ankush Kamble,2018-19,2.4,"
Network Lab, Banglore",CSE,Female,IT
1034,CSE,Female,432,IT,Trainee Engineer,Namrata Suhas Khade,2018-19,2.4,"
Network Lab, Banglore",CSE,Female,IT
1035,CSE,Female,555,IT,Software Engineer,Rutuja Jadhav,2019-20,4,Accenture,CSE,Female,IT
1036,CSE,Female,556,IT,Software Engineer,Priyanka Vitthal Patil,2019-20,4,Accenture,CSE,Female,IT
1037,CSE,Female,560,IT,Associate Consultant,Nikita Krisnakant Kupawadekar,2019-20,3.6,Atos Syntel,CSE,Female,IT
1038,CSE,Female,561,IT,Associate Consultant,Pratiksha J.Patil,2019-20,3.6,Atos Syntel,CSE,Female,IT
1039,CSE,Female,563,IT,Associate Consultant,Rajlaxmi Raorane,2019-20,3.6,Atos Syntel,CSE,Female,IT
1040,CSE,Female,567,IT,Associate Consultant,Muskan Mahamadshafi Patel,2019-20,3.4,Atos Syntel,CSE,Female,IT
1041,CSE,Female,570,IT,Analyst,Shruti Surendra Chougule,2019-20,3.8,CAPGEMINI,CSE,Female,IT
1042,CSE,Female,571,IT,Analyst,Pratikasha Baburao Chougule,2019-20,3.8,CAPGEMINI,CSE,Female,IT
1043,CSE,Female,572,IT,Infra-Analyst,Shubhangi Sarjerao Lomate,2019-20,3.8,CAPGEMINI,CSE,Female,IT
1044,CSE,Female,574,IT,Analyst,Anjum Iqbal Shaikh,2019-20,3.8,CAPGEMINI,CSE,Female,IT
1045,CSE,Female,575,IT,Infra-Analyst,Apurv Avinash Kumbhar,2019-20,3.8,CAPGEMINI,CSE,Female,IT
1046,CSE,Female,576,IT,Analyst,Amruta Dilip Bhosale,2019-20,3.8,CAPGEMINI,CSE,Female,IT
1047,CSE,Female,577,IT,Infra-Analyst,Sanyogita Maruti Desai,2019-20,3.8,CAPGEMINI,CSE,Female,IT
1048,CSE,Female,579,IT,Analyst,Sneha Sampat Sawant,2019-20,3.8,CAPGEMINI,CSE,Female,IT
1049,CSE,Female,580,IT,Senior Process Associate,Ashfaque Momin,2019-20,4,Clariant,CSE,Female,IT
1050,CSE,Female,582,IT,Software Developer,Utkarsha Desai,2019-20,1.8,DX Info System Sangli,CSE,Female,IT
1051,CSE,Female,583,IT,Software Developer,Aditi kadam,2019-20,1.8,DX Info System Sangli,CSE,Female,IT
1052,CSE,Female,584,IT,Software Developer,Trupti Patil,2019-20,1.8,DX Info System Sangli,CSE,Female,IT
1053,CSE,Female,585,IT,Software Developer,Shweta Nale,2019-20,1.8,DX Info System Sangli,CSE,Female,IT
1054,CSE,Female,586,IT,Software Developer,Amruta Vhatkar,2019-20,1.8,DX Info System Sangli,CSE,Female,IT
1055,CSE,Female,587,IT,Software Developer,Pratiksha Gurav,2019-20,1.8,DX Info System Sangli,CSE,Female,IT
1056,CSE,Female,592,IT,Software Engineer,Snehal Lohar,2019-20,3.6,DXC Technology,CSE,Female,IT
1057,CSE,Female,593,IT,Software Engineer,Prajakta Patil,2019-20,3.6,DXC Technology,CSE,Female,IT
1058,CSE,Female,594,IT,Associate Software Engineeer,Mahima Sawant,2019-20,3.5,E-Emphaysis,CSE,Female,IT
1059,CSE,Female,598,IT,Front end developer,Prasanna Vishwas Pilankar,2019-20,4,GreyAtom,CSE,Female,IT
1060,CSE,Female,599,IT,Front end developer,Sneha Sampat Sawant,2019-20,4,GreyAtom,CSE,Female,IT
1061,CSE,Female,600,IT,Front end developer,Siddhi Banchhode,2019-20,4,GreyAtom,CSE,Female,IT
1062,CSE,Female,602,IT,Front end developer,Nikita Sambhaji Patil,2019-20,4,GreyAtom,CSE,Female,IT
1063,CSE,Female,604,IT,Front end developer,Shivani Vijay Dinde,2019-20,4,GreyAtom,CSE,Female,IT
1064,CSE,Female,606,IT,Front end developer,Poonam Patil,2019-20,4,GreyAtom,CSE,Female,IT
1065,CSE,Female,607,IT,Front end developer,Shivani Sawant,2019-20,4,GreyAtom,CSE,Female,IT
1066,CSE,Female,609,IT,Front end developer,Sonali Chougale,2019-20,4,GreyAtom,CSE,Female,IT
1067,CSE,Female,610,IT,Front end developer,Sayali Gavade,2019-20,4,GreyAtom,CSE,Female,IT
1068,CSE,Female,611,IT,Front end developer,Pratiksha J.Patil,2019-20,4,GreyAtom,CSE,Female,IT
1069,CSE,Female,612,IT,Front end developer,Amruta Vhatkar,2019-20,4,GreyAtom,CSE,Female,IT
1070,CSE,Female,613,IT,Front end developer,Muskan Patel,2019-20,4,GreyAtom,CSE,Female,IT
1071,CSE,Female,615,IT,Front end developer,Rajlaxmi Raorane,2019-20,4,GreyAtom,CSE,Female,IT
1072,CSE,Female,618,IT,Front end developer,Pournima Bansode,2019-20,4,GreyAtom,CSE,Female,IT
1073,CSE,Female,620,IT,Front end developer,Pooja Chougule,2019-20,4,GreyAtom,CSE,Female,IT
1074,CSE,Female,624,IT,Junior Software Engineer,"Rutuja Kate,",2019-20,3,Infogen,CSE,Female,IT
1075,CSE,Female,626,IT,System Engineer,Ankita Babaso patil,2019-20,3.4,"Infosys,Pune",CSE,Female,IT
1076,CSE,Female,627,IT,System Engineer,Mamta Ropalkar,2019-20,3.4,"Infosys,Pune",CSE,Female,IT
1077,CSE,Female,628,IT,System Engineer,Shruti Kalloli,2019-20,3.4,"Infosys,Pune",CSE,Female,IT
1078,CSE,Female,629,IT,System Engineer,Sonali Chougale,2019-20,3.4,"Infosys,Pune",CSE,Female,IT
1079,CSE,Female,631,IT,Business Development Manager,Yugal manwani,2019-20,12,Jaro Education Mumbai,CSE,Female,IT
1080,CSE,Female,632,IT,System Engineer,Pournima Mohite,2019-20,3.6,KPIT,CSE,Female,IT
1081,CSE,Female,633,IT,Software Engineer,Mansi Gurav,2019-20,4,Mastek,CSE,Female,IT
1082,CSE,Female,636,IT,Software Enggineer,Prachi Ganesh Lohar,2019-20,2,Modern Homeopathi,CSE,Female,IT
1083,CSE,Female,637,IT,Software Engineer,Neena Bardeskar,2019-20,1.8,Mouritech,CSE,Female,IT
1084,CSE,Female,639,IT,Software Engineer,Sonali Kadam,2019-20,1.8,Mouritech,CSE,Female,IT
1085,CSE,Female,644,IT,Trainee,Nikita Mahadev Surve,2019-20,3.5,Qspider,CSE,Female,IT
1086,CSE,Female,645,IT,Trainee,Shraddha Banchode,2019-20,3.5,Qspider,CSE,Female,IT
1087,CSE,Female,646,IT,Trainee,Rutuja Kate,2019-20,3.5,Qspider,CSE,Female,IT
1088,CSE,Female,647,IT,Analyst,Pournima Bansode,2019-20,2.75,Sales Force,CSE,Female,IT
1089,CSE,Female,649,IT,Analyst,Mahima Sawant,2019-20,2.75,Sales Force,CSE,Female,IT
1090,CSE,Female,651,IT,Software Engineer,Shivani Sawant,2019-20,3.2,SLK Bangalore,CSE,Female,IT
1091,CSE,Female,652,IT,Software Engineer,Sayali Gavade,2019-20,3.2,SLK Bangalore,CSE,Female,IT
1092,CSE,Female,654,IT,Software Engineer,Shivani Dinde,2019-20,3.2,SLK Bangalore,CSE,Female,IT
1093,CSE,Female,655,IT,Software Developer,Shefali Patil,2019-20,3,SounderGrad,CSE,Female,IT
1094,CSE,Female,656,IT,Solution Developer Trainee,Gauri shashikant patil,2019-20,3.6,Tata Technology,CSE,Female,IT
1095,CSE,Female,657,IT,Trainee,Mahima Sawant,2019-20,1,Tcognition,CSE,Female,IT
1096,CSE,Female,658,IT,Trainee,Amruta Vhatkar,2019-20,1,Tcognition,CSE,Female,IT
1097,CSE,Female,659,IT,Trainee,Prasanna Pilankar,2019-20,1,Tcognition,CSE,Female,IT
1098,CSE,Female,660,IT,Trainee,Nikita Patil,2019-20,1,Tcognition,CSE,Female,IT
1099,CSE,Female,661,IT,Trainee,Utkarsha Desai,2019-20,1,Tcognition,CSE,Female,IT
1100,CSE,Female,662,IT,System Associate trainee,Supritha Moolya,2019-20,3.36,"TCS, Pune",CSE,Female,IT
1101,CSE,Female,670,IT,System Associate trainee,Sayali Boite,2019-20,3.36,"TCS, Pune",CSE,Female,IT
1102,CSE,Female,671,IT,System Associate trainee,Priyanka Vitthal Patil,2019-20,4.5,"TCS, Pune",CSE,Female,IT
1103,CSE,Female,674,IT,System Associate trainee,Nikita Sambhaji Patil,2019-20,3.36,"TCS, Pune",CSE,Female,IT
1104,CSE,Female,675,IT,System Associate trainee,Nikita ravindra patil,2019-20,3.36,"TCS, Pune",CSE,Female,IT
1105,CSE,Female,676,IT,Associate Software Engineer,Siddhi Kolekar,2019-20,3.25,TechMahindra,CSE,Female,IT
1106,CSE,Female,677,IT,Associate Software Engineer,Sharvari Ajit Dalvi,2019-20,3.25,TechMahindra,CSE,Female,IT
1107,CSE,Female,678,IT,Engineer trainee,Supritha Moolya,2019-20,4.25,Vodafone,CSE,Female,IT
1108,CSE,Female,681,IT,Jr. Web Developer,Amruta Vhatkar,2019-20,1.8,Walstar Technologies,CSE,Female,IT
1109,CSE,Female,682,IT,Jr. Web Developer,Aditi Yuvraj Kadam,2019-20,1.8,Walstar Technologies,CSE,Female,IT
1110,CSE,Female,683,IT,Jr. Web Developer,Trupti Patil,2019-20,1.8,Walstar Technologies,CSE,Female,IT
1111,CSE,Female,684,IT,OPERATION ASSOCIATE,Prasanna Pillankar,2019-20,5.5,White Jr. HR,CSE,Female,IT
1112,CSE,Female,687,IT,System Engineer,Aishwarya Patil,2019-20,3.5,Wipro,CSE,Female,IT
1113,CSE,Female,983,IT,System Analyst,Sonali Patil,2020-21,3.8,CAPGEMINI,CSE,Female,IT
1114,CSE,Female,984,IT,System Analyst,Shivani Joshi,2020-21,3.8,CAPGEMINI,CSE,Female,IT
1115,CSE,Female,985,IT,System Analyst,Aarya Hanamar,2020-21,3.8,CAPGEMINI,CSE,Female,IT
1116,CSE,Female,986,IT,System Analyst,Shruti Nayak,2020-21,3.8,CAPGEMINI,CSE,Female,IT
1117,CSE,Female,989,IT,System Analyst,Renu Velhal,2020-21,3.8,CAPGEMINI,CSE,Female,IT
1118,CSE,Female,994,IT,Trainee Engineer,Amruta Pradeep Badi,2020-21,3.6,Birlasoft,CSE,Female,IT
1119,CSE,Female,995,IT,Trainee Engineer,Maheshwari Kisanrao Kulkarni,2020-21,3.6,Birlasoft,CSE,Female,IT
1120,CSE,Female,996,IT,Trainee Engineer,Nuren Imtiyaz Pathan,2020-21,3.6,Birlasoft,CSE,Female,IT
1121,CSE,Female,1000,IT,Trainee Engineer,Shivani Anil Mohite,2020-21,3.6,Birlasoft,CSE,Female,IT
1122,CSE,Female,1001,IT,Trainee Engineer,Shivani Sanjay Shinde,2020-21,3.6,Birlasoft,CSE,Female,IT
1123,CSE,Female,1004,IT,Software Engineer,Nuren Pathan,2020-21,4.51,Persistent Systems,CSE,Female,IT
1124,CSE,Female,1005,IT,Software Engineer,Aarya Hanamar,2020-21,4.51,Persistent Systems,CSE,Female,IT
1125,CSE,Female,1012,IT,Associate System Engineer,Akshaya Appaso Shinde,2020-21,3.36,Tata Consultancy Services - Ninja,CSE,Female,IT
1126,CSE,Female,1013,IT,Game Tester,Akshaya Appaso Shinde,2020-21,2.62,Ubisoft India,CSE,Female,IT
1127,CSE,Female,1014,IT,Game Tester,Shivani Shashiraj Patole,2020-21,2.62,Ubisoft India,CSE,Female,IT
1128,CSE,Female,1015,IT,Game Tester,Shruti Santosh Urunkar,2020-21,2.62,Ubisoft India,CSE,Female,IT
1129,CSE,Female,1020,IT,Software Developer,Shruti Nayak,2020-21,3.5,Hexaware,CSE,Female,IT
1130,CSE,Female,1021,IT,Software Developer,Nuren Pathan,2020-21,3.5,Hexaware,CSE,Female,IT
1131,CSE,Female,1024,IT,Associate System Engineer,Shruti Nayak,2020-21,3.36,Tata Consultancy Services - Ninja,CSE,Female,IT
1132,CSE,Female,1026,IT,Associate System Engineer,Shital Phatak,2020-21,3.36,Tata Consultancy Services - Ninja,CSE,Female,IT
1133,CSE,Female,1028,IT,Associate System Engineer,Sara Desai,2020-21,3.36,Tata Consultancy Services - Ninja,CSE,Female,IT
1134,CSE,Female,1031,IT,Associate System Engineer,Sukanya Gurav,2020-21,3.36,Tata Consultancy Services - Ninja,CSE,Female,IT
1135,CSE,Female,1035,IT,Software Developer,Maheshwari Kulkarni,2020-21,4.5,Accenture,CSE,Female,IT
1136,CSE,Female,1036,IT,Software Developer,Shruti Nayak,2020-21,4.5,Accenture,CSE,Female,IT
1137,CSE,Female,1037,IT,Software Developer,Akshaya Appaso Shinde,2020-21,4.5,Accenture,CSE,Female,IT
1138,CSE,Female,1039,IT,Software Developer,Bhushana Patil,2020-21,4.5,Accenture,CSE,Female,IT
1139,CSE,Female,1040,IT,Software Developer,Nilam Jagatap,2020-21,2.4,Winjit,CSE,Female,IT
1140,CSE,Female,1041,IT,Software Developer,Dhanashri Nikam,2020-21,2.65,Winjit,CSE,Female,IT
1141,CSE,Female,1042,IT,Software Developer,Heena Mulla,2020-21,3.2,SLK,CSE,Female,IT
1142,CSE,Female,1043,IT,"Intern,offer letter",Shweta Waghmode,2020-21,1.2,"Bolt, IOT",CSE,Female,IT
1143,CSE,Female,1044,IT,"Intern,offer letter",Aishwarya Yadav,2020-21,1.2,"Bolt, IOT",CSE,Female,IT
1144,CSE,Female,1045,IT,Software Engineer,Kanchan Khondre,2020-21,3.5,Wipro,CSE,Female,IT
1145,CSE,Female,1048,IT,Software Engineer,Prajakta Jadhav,2020-21,3.5,Wipro,CSE,Female,IT
1146,CSE,Female,1052,IT,FULL STACK DEVELOPER,Shradha Bhandare,2020-21,4.2,"Ardent,USA",CSE,Female,IT
1147,CSE,Female,1054,Non-IT,Subject Matter Expert,Pradnya Hegade,2020-21,3.5,Chegg India,CSE,Female,Non-IT
1148,CSE,Female,1055,Non-IT,Subject Matter Expert,Shradha Suresh Khatkole,2020-21,3.5,Chegg India,CSE,Female,Non-IT
1149,CSE,Female,1057,Non-IT,Subject Matter Expert,Amruta Erudkar,2020-21,3.5,Chegg India,CSE,Female,Non-IT
1150,CSE,Female,1058,Non-IT,Subject Matter Expert,Girija Bhosale,2020-21,3.5,Chegg India,CSE,Female,Non-IT
1151,CSE,Female,1059,Non-IT,Subject Matter Expert,Nayana Palekar,2020-21,3.5,Chegg India,CSE,Female,Non-IT
1152,CSE,Female,1061,Non-IT,Subject Matter Expert,Prajakta Jadhav,2020-21,3.5,Chegg India,CSE,Female,Non-IT
1153,CSE,Female,1062,Non-IT,Subject Matter Expert,Snehal Powar,2020-21,3.5,Chegg India,CSE,Female,Non-IT
1154,CSE,Female,1065,Non-IT,Subject Matter Expert,Mayuri Mane,2020-21,3.5,Chegg India,CSE,Female,Non-IT
1155,CSE,Female,1066,Non-IT,Subject Matter Expert,Rupali Lengare,2020-21,3.5,Chegg India,CSE,Female,Non-IT
1156,CSE,Female,1067,Non-IT,Subject Matter Expert,Rutuja Kadam,2020-21,3.5,Chegg India,CSE,Female,Non-IT
1157,CSE,Female,1071,IT,Software Engineer,Sonali Todkari,2020-21,2.2,Mouritech,CSE,Female,IT
1158,CSE,Female,1074,IT,Software Engineer,Girija Bhosale,2020-21,2.2,Mouritech,CSE,Female,IT
1159,CSE,Female,1075,IT,Software Engineer,Pratiksha Badale,2020-21,2.2,Mouritech,CSE,Female,IT
1160,CSE,Female,1076,IT,Software Engineer,Shravishta Hudlekar,2020-21,2.2,Mouritech,CSE,Female,IT
1161,CSE,Female,1077,IT,Software Engineer,Shefali Mehta,2020-21,2.2,Mouritech,CSE,Female,IT
1162,CSE,Female,1078,IT,Software Engineer,Poonam Chougule,2020-21,2.2,Mouritech,CSE,Female,IT
1163,CSE,Female,1079,IT,Software Engineer,Tanvi Kolhapur,2020-21,2.2,Mouritech,CSE,Female,IT
1164,CSE,Female,1080,IT,Trainee Engineer,Apoorva Nikam,2020-21,3.5,Qspider,CSE,Female,IT
1165,CSE,Female,1081,IT,Trainee Engineer,Hujama Tamboli,2020-21,3.5,Qspider,CSE,Female,IT
1166,CSE,Female,1083,IT,Trainee Engineer,Manali Patil,2020-21,3.5,Qspider,CSE,Female,IT
1167,CSE,Female,1084,IT,Trainee Engineer,Mansi Bhat,2020-21,3.5,Qspider,CSE,Female,IT
1168,CSE,Female,1085,IT,Trainee Engineer,Mayuri Fonde,2020-21,3.5,Qspider,CSE,Female,IT
1169,CSE,Female,1090,IT,Trainee Engineer,Rupali Lengare,2020-21,3.5,Qspider,CSE,Female,IT
1170,CSE,Female,1091,IT,Trainee Engineer,Ravina Nigade,2020-21,3.5,Qspider,CSE,Female,IT
1171,CSE,Female,1092,IT,Trainee Engineer,Rutuja Kadam,2020-21,3.5,Qspider,CSE,Female,IT
1172,CSE,Female,1093,IT,Trainee Engineer,Sabiha Bhaldar,2020-21,3.5,Qspider,CSE,Female,IT
1173,CSE,Female,1094,IT,Trainee Engineer,Sarika Kamble,2020-21,3.5,Qspider,CSE,Female,IT
1174,CSE,Female,1095,IT,Trainee Engineer,Shweta Waghmode,2020-21,3.5,Qspider,CSE,Female,IT
1175,CSE,Female,1096,IT,Trainee Engineer,Snehal Jadhav,2020-21,3.5,Qspider,CSE,Female,IT
1176,CSE,Female,1099,IT,SOFTWARE ANALYAST,Shradha Bhandare,2020-21,4.2,CYBAGE,CSE,Female,IT
1177,CSE,Female,1101,IT,SOFTWARE ANALYAST,VAISHANAVI PATIL,2020-21,4.2,CYBAGE,CSE,Female,IT
1178,CSE,Female,1108,Non-IT,CONTENT DEVELOPER,Mrudula Ghadage,2020-21,3.5,Doubtnut,CSE,Female,Non-IT
1179,CSE,Female,1109,Non-IT,CONTENT DEVELOPER,Divyani Chougale,2020-21,3.5,Doubtnut,CSE,Female,Non-IT
1180,CSE,Female,1110,Non-IT,CONTENT DEVELOPER,Mayuri  Mane,2020-21,3.5,Doubtnut,CSE,Female,Non-IT
1181,CSE,Female,1111,IT,Automation Engineer,Bhushana Patil,2020-21,2.8,Quality Kiosk,CSE,Female,IT
1182,CSE,Female,1113,IT, Digital Quality Engineear,Snehal Tanaji Powar,2020-21,3,Quality Kiosk,CSE,Female,IT
1183,CSE,Female,1114,IT,Trainee (IT Infrastructure),Shradha Bhandare,2020-21,3.1,Atos global,CSE,Female,IT
1184,CSE,Female,1115,IT,Trainee (IT Infrastructure),Sukanya Gurav,2020-21,3.1,Atos global,CSE,Female,IT
1185,CSE,Female,1116,IT,Trainee (IT Infrastructure),Dipali Baburao Koundade,2020-21,3.1,Atos global,CSE,Female,IT
1186,CSE,Female,1117,IT,Trainee (IT Infrastructure),Rutuja kaingade,2020-21,3.1,Atos global,CSE,Female,IT
1187,CSE,Female,1118,IT,Trainee (IT Infrastructure),Shraddha Khatkole,2020-21,3.1,Atos global,CSE,Female,IT
1188,CSE,Female,1120,IT,Trainee (IT Infrastructure),Snehal Jadhav,2020-21,3.1,Atos global,CSE,Female,IT
1189,CSE,Female,1121,IT,Trainee (IT Infrastructure),Divyani Chougule,2020-21,3.1,Atos global,CSE,Female,IT
1190,CSE,Female,1122,IT,Trainee (IT Infrastructure),Mayuri Fonde,2020-21,3.1,Atos global,CSE,Female,IT
1191,CSE,Female,1123,IT,Trainee (IT Infrastructure),Rupali Lengare,2020-21,3.1,Atos global,CSE,Female,IT
1192,CSE,Female,1124,IT,Software Developer,Mohini More,2020-21,4.5,"Retail INC, USA",CSE,Female,IT
1193,CSE,Female,1125,IT,Software Developer,Nayana Palekar,2020-21,4,"Retail INC, USA",CSE,Female,IT
1194,CSE,Female,1130,IT,Trainee Engineer,Divyani Chougule,2020-21,2.4,Johnson Controls,CSE,Female,IT
1195,CSE,Female,1131,IT,Trainee Engineer,Ravina Nigade,2020-21,2.4,Johnson Controls,CSE,Female,IT
1196,CSE,Female,1132,Non-IT,Businees Development Manager,Mayuri Fonde,2020-21,5,INMOVIDU TECHNOLOGIES,CSE,Female,Non-IT
1197,CSE,Female,1133,Non-IT,Businees Development Manager,Nilam Jagatap,2020-21,5,INMOVIDU TECHNOLOGIES,CSE,Female,Non-IT
1198,CSE,Female,1134,Non-IT,Businees Development Manager,Pranali Patil,2020-21,5,INMOVIDU TECHNOLOGIES,CSE,Female,Non-IT
1199,CSE,Female,1136,Non-IT,Businees Development Manager,Sarika Kamble,2020-21,5,INMOVIDU TECHNOLOGIES,CSE,Female,Non-IT
1200,CSE,Female,1140,IT,Software Engineer,Prajkta Jadhav,2020-21,4,Lenze India,CSE,Female,IT
1201,CSE,Female,1143,IT,Software Engineer,Manali Hitendra Patil,2020-21,3,Stridely Solutions,CSE,Female,IT
1202,CSE,Female,1144,IT,Software Engineer,Kanchan Khondre,2020-21,3,Stridely Solutions,CSE,Female,IT
1203,CSE,Female,1146,IT,Software Engineer,Anuja Lad,2020-21,3,Stridely Solutions,CSE,Female,IT
1204,CSE,Female,1147,IT,Software Engineer,Nilam Jagatap,2020-21,3,Stridely Solutions,CSE,Female,IT
1205,CSE,Female,1149,IT,Software Engineer,Snehal Salokhe,2020-21,3,Stridely Solutions,CSE,Female,IT
1206,CSE,Female,1150,IT,Software Engineer,Dipali Baburao Koundade,2020-21,3,Stridely Solutions,CSE,Female,IT
1207,CSE,Female,1151,IT,Software Engineer,NAYANA SANGAPPA PALEKAR,2020-21,3,Stridely Solutions,CSE,Female,IT
1208,CSE,Female,1152,IT,Program Analyst,Nilam Jagatap,2020-21,5.5,WNS Global,CSE,Female,IT
1209,CSE,Female,1154,IT,System Engineer,Aishwarya Yadav,2020-21,4,Amdocs,CSE,Female,IT
1210,CSE,Female,1155,IT,Software Engineer,Rutuja Kadam,2020-21,5.35,FIS Global,CSE,Female,IT
1211,CSE,Female,1158,IT,GenC-Developer,Nilam Jagtap,2020-21,4.5,Cognizant,CSE,Female,IT
1212,CSE,Female,1159,IT,GenC-Developer,Shradha khatkole,2020-21,4.5,Cognizant,CSE,Female,IT
1213,CSE,Female,1160,IT,Associate Engineer,Dhanashri Nikam,2020-21,3.85,DataMetica,CSE,Female,IT
1214,CSE,Female,1161,IT,Assiciate Professional,Snehal Jadhav,2020-21,3.6,DXC Technology,CSE,Female,IT
1215,CSE,Female,1162,IT,Software Engineer,Dhanashri Nikam,2020-21,3.5,BristleCone,CSE,Female,IT
1216,CSE,Female,1163,IT,System Engineer,Amruta Erudkar,2020-21,3.6,Infosys,CSE,Female,IT
1217,CSE,Female,1164,IT,System Engineer,Rupali Lengare,2020-21,3.6,Infosys,CSE,Female,IT
1218,CSE,Female,1166,IT,Software Engineer,Mayuri Fonde,2020-21,3.5,BenchMark IT Solutiosn,CSE,Female,IT
1219,CSE,Female,1168,IT,Software Funicational Test Engineer,Vaibhavi Chivate,2020-21,4,Amdocs,CSE,Female,IT
1220,CSE,Female,1169,IT,Software Funicational Test Engineer,Ankita Desai,2020-21,4,Amdocs,CSE,Female,IT
1221,CSE,Female,1213,IT,Associate Professional,Shruti Urunkar,2020-21,3.8,DXC Technology,CSE,Female,IT
1222,CSE,Female,1219,IT,Software Engineer,Priyanka Patil,2020-21,4.65,Tata Technology,CSE,Female,IT
1223,CSE,Female,1228,IT,System Engineer,Sakshi Pawar,2020-21,3.6,Infosys,CSE,Female,IT
1224,CSE,Female,1231,IT,Software Engineer,Swinal Shende,2020-21,5,T-Systems,CSE,Female,IT
1225,CSE,Female,1236,IT,Gen C Developer,Rutuja Kadam,2020-21,4,Cognizant,CSE,Female,IT
1226,CSE,Female,1239,IT,Associate Software Engineer,Mansi Bhat,2020-21,3.25,TechMahindra,CSE,Female,IT
1227,CSE,Female,1241,IT,Quality Analyst,Prajakta Parasharam Ghevade,2020-21,3.31,WishTree,CSE,Female,IT
1228,CSE,Female,1254,IT,Associate Professional,Aaditi Avinash Kulkarni,2021-22,4,DXC Technology,CSE,Female,IT
1229,CSE,Female,1257,IT,Associate Professional,Albina Wahid Attar,2021-22,4,DXC Technology,CSE,Female,IT
1230,CSE,Female,1258,IT,Associate Professional,Amrut Bhausaheb Patil,2021-22,4,DXC Technology,CSE,Female,IT
1231,CSE,Female,1263,IT,Associate Professional,Kishori Sarjerao Patil,2021-22,4,DXC Technology,CSE,Female,IT
1232,CSE,Female,1264,IT,Associate Professional,Manasi Hemant Shinde,2021-22,4,DXC Technology,CSE,Female,IT
1233,CSE,Female,1266,IT,Associate Professional,Nilam Vitthal Karande,2021-22,4,DXC Technology,CSE,Female,IT
1234,CSE,Female,1268,IT,Associate Professional,Rutuja Sanjay Mane,2021-22,4,DXC Technology,CSE,Female,IT
1235,CSE,Female,1270,IT,Associate Professional,SABA SALIM MHABAR,2021-22,4,DXC Technology,CSE,Female,IT
1236,CSE,Female,1271,IT,Associate Professional,Sakshi Sandeep Phatak,2021-22,4,DXC Technology,CSE,Female,IT
1237,CSE,Female,1272,IT,Associate Professional,Sakshi Sudhir Pathade,2021-22,4,DXC Technology,CSE,Female,IT
1238,CSE,Female,1276,IT,Associate Professional,Snehal Vishal Das,2021-22,4,DXC Technology,CSE,Female,IT
1239,CSE,Female,1277,IT,Associate Professional,sonali rajaram patil,2021-22,4,DXC Technology,CSE,Female,IT
1240,CSE,Female,1278,IT,Associate Professional,Susmita Sanjay Jadhav,2021-22,4,DXC Technology,CSE,Female,IT
1241,CSE,Female,1280,IT,Associate Professional,tejaswini manohar gavali,2021-22,4,DXC Technology,CSE,Female,IT
1242,CSE,Female,1281,IT,Associate Professional,Vaibhav Madhukar Mudekar,2021-22,4,DXC Technology,CSE,Female,IT
1243,CSE,Female,1282,IT,Associate Professional,Vaishnavi Sanjay Patil,2021-22,4,DXC Technology,CSE,Female,IT
1244,CSE,Female,1311,IT,Software Engineer,Vaishnavi Lohar,2021-22,3.8,Birlasoft,CSE,Female,IT
1245,CSE,Female,1317,IT,Functional Consultant,"Jainab Patel,",2021-22,4,Evosys,CSE,Female,IT
1246,CSE,Female,1321,IT,Project Engineer,Siddhi Sardar Kirulkar,2021-22,3.6,KPIT,CSE,Female,IT
1247,CSE,Female,1322,IT,Project Engineer,Sayali Sanjay Chougule,2021-22,3.6,KPIT,CSE,Female,IT
1248,CSE,Female,1323,IT,Project Engineer,Samidha Mahadev Sawant,2021-22,3.6,KPIT,CSE,Female,IT
1249,CSE,Female,1326,IT,Software Engineer,Komal Mulik,2021-22,3.6,BenchMark IT Solutions,CSE,Female,IT
1250,CSE,Female,1329,IT,Software Engineer,Sakshi Dembra,2021-22,3.6,BenchMark IT Solutions,CSE,Female,IT
1251,CSE,Female,1330,IT,Software Engineer,Utsav Salokhe,2021-22,3.6,BenchMark IT Solutions,CSE,Female,IT
1252,CSE,Female,1331,IT,Software Engineer,Rohan Mane,2021-22,3.6,BenchMark IT Solutions,CSE,Female,IT
1253,CSE,Female,1332,Intern,Business Development Trainee,Vanshika S Deshpande,2021-22,5.5,SKOLER,CSE,Female,Intern
1254,CSE,Female,1333,Intern,Business Development Trainee,Pratibha Prakash Sutar,2021-22,5.5,SKOLER,CSE,Female,Intern
1255,CSE,Female,1341,IT,Software Engineer,Samidha Sawant,2021-22,3.6,SLK,CSE,Female,IT
1256,CSE,Female,1342,IT,Software Engineer,Sayali Chougule,2021-22,3.6,SLK,CSE,Female,IT
1257,CSE,Female,1343,IT,Quality Analyst,Kishori Patil,2021-22,4.5,"Advanced ,UK",CSE,Female,IT
1258,CSE,Female,1349,IT,Trainee Engineer,Malaika Nisar Momin,2021-22,3.1,Atos global,CSE,Female,IT
1259,CSE,Female,1350,IT,Trainee Engineer,Rajeshwari Vasudev Miraje,2021-22,3.1,Atos global,CSE,Female,IT
1260,CSE,Female,1352,IT,Trainee Engineer,Pradnya Arjunrao Patil,2021-22,3.1,Atos global,CSE,Female,IT
1261,CSE,Female,1353,IT,Trainee Engineer,Rutuja Dhananjay Mestri,2021-22,3.1,Atos global,CSE,Female,IT
1262,CSE,Female,1355,IT,Trainee Engineer,Pallavi Ajit Powar,2021-22,3.1,Atos global,CSE,Female,IT
1263,CSE,Female,1356,IT,Trainee Engineer,Rasika Anil Kulkarni,2021-22,3.1,Atos global,CSE,Female,IT
1264,CSE,Female,1358,IT,Trainee Engineer,Samrudhi Sambhaji Jadhav,2021-22,3.1,Atos global,CSE,Female,IT
1265,CSE,Female,1359,IT,Trainee Engineer,Manasi Mahadev Patil,2021-22,3.1,Atos global,CSE,Female,IT
1266,CSE,Female,1373,IT,Assistant System Engineer-Trainee,Samidha Mahadev Sawant,2021-22,3.36,Tata Consultancy Services,CSE,Female,IT
1267,CSE,Female,1375,IT,Assistant System Engineer-Trainee,Rutuja Dhananjay Mestri,2021-22,3.36,Tata Consultancy Services,CSE,Female,IT
1268,CSE,Female,1377,IT,Assistant System Engineer-Trainee,Vaishnavi Rajendra Ayarekar,2021-22,3.36,Tata Consultancy Services,CSE,Female,IT
1269,CSE,Female,1380,IT,Assistant System Engineer-Trainee,Manasi Mahadev Patil,2021-22,3.36,Tata Consultancy Services,CSE,Female,IT
1270,CSE,Female,1381,IT,Assistant System Engineer-Trainee,Pournima Shrishail Belavi,2021-22,3.36,Tata Consultancy Services,CSE,Female,IT
1271,CSE,Female,1383,IT,Assistant System Engineer-Trainee,Pallavi Ajit Powar,2021-22,3.36,Tata Consultancy Services,CSE,Female,IT
1272,CSE,Female,1384,IT,Assistant System Engineer-Trainee,Komal Vijaykumar Mulik,2021-22,3.36,Tata Consultancy Services,CSE,Female,IT
1273,CSE,Female,1385,IT,Assistant System Engineer-Trainee,Sakshi Sandeep Phatak,2021-22,3.36,Tata Consultancy Services,CSE,Female,IT
1274,CSE,Female,1387,IT,Assistant System Engineer-Trainee,Srushti Avinash Varekar,2021-22,3.36,Tata Consultancy Services,CSE,Female,IT
1275,CSE,Female,1392,IT,Assistant System Engineer-Trainee,Rucha Rajaram Patil,2021-22,3.36,Tata Consultancy Services,CSE,Female,IT
1276,CSE,Female,1393,IT,Assistant System Engineer-Trainee,Nilam Vitthal Karande,2021-22,3.36,Tata Consultancy Services,CSE,Female,IT
1277,CSE,Female,1399,IT,Software Engineer,Vanshika S Deshpande,2021-22,4.5,Afour Technologies,CSE,Female,IT
1278,CSE,Female,1400,IT,Full Stack Engineer,Arpita R. Ghorpade,2021-22,3,Extraprenuers Pvt. Ltd,CSE,Female,IT
1279,CSE,Female,1401,IT,Full Stack Engineer,Aboli Chandrakant Jadhav,2021-22,3,Extraprenuers Pvt. Ltd,CSE,Female,IT
1280,CSE,Female,1405,IT,Software Engineer,Srushti Avinash Varekar,2021-22,2.4,Moog India,CSE,Female,IT
1281,CSE,Female,1407,IT,Software Developer,Apurva Kelkar,2021-22,8.5,Brillio,CSE,Female,IT
1282,CSE,Female,1409,Non-IT,Community Influncer,Rucha Rajaram Patil,2021-22,3,MentorBoxx,CSE,Female,Non-IT
1283,CSE,Female,1410,Non-IT,Community Influncer,Priyanka Chougule,2021-22,3,MentorBoxx,CSE,Female,Non-IT
1284,CSE,Female,1411,Non-IT,Community Influncer,Tejaswini Gawali,2021-22,3,MentorBoxx,CSE,Female,Non-IT
1285,CSE,Female,1412,Non-IT,Community Influncer,Dipti Patil,2021-22,3,MentorBoxx,CSE,Female,Non-IT
1286,CSE,Female,1413,Non-IT,Community Influncer,Pooja Ghodke,2021-22,3,MentorBoxx,CSE,Female,Non-IT
1287,CSE,Female,1414,Non-IT,Community Influncer,Kadambari Sutar,2021-22,3,MentorBoxx,CSE,Female,Non-IT
1288,CSE,Female,1415,Non-IT,Community Influncer,Rajavi Sankpal,2021-22,3,MentorBoxx,CSE,Female,Non-IT
1289,CSE,Female,1418,Non-IT,Community Influncer,Vaishnavi R Ayarekar,2021-22,3,MentorBoxx,CSE,Female,Non-IT
1290,CSE,Female,1419,Non-IT,Community Influncer,Aishwarya Patil,2021-22,3,MentorBoxx,CSE,Female,Non-IT
1291,CSE,Female,1420,Non-IT,Community Influncer,Madhuri Sankpal,2021-22,3,MentorBoxx,CSE,Female,Non-IT
1292,CSE,Female,1421,Non-IT,Community Influncer,Bhakti Bhat,2021-22,3,MentorBoxx,CSE,Female,Non-IT
1293,CSE,Female,1423,Non-IT,Community Influncer,Arpita R. Ghorpade,2021-22,3,MentorBoxx,CSE,Female,Non-IT
1294,CSE,Female,1424,Non-IT,Community Influncer,Sonali Patil,2021-22,3,MentorBoxx,CSE,Female,Non-IT
1295,CSE,Female,1431,Non-IT,Community Influncer,Rutuja Mane,2021-22,3,MentorBoxx,CSE,Female,Non-IT
1296,CSE,Female,1433,Non-IT,Community Influncer,Akshata Kambale,2021-22,3,MentorBoxx,CSE,Female,Non-IT
1297,CSE,Female,1476,Intern,Intern,Shreya Sawant,2021-22,2.4,Govt of Maharashtra,CSE,Female,Intern
1298,CSE,Female,1478,IT,Project Engineer,Amrut Bhausaheb Patil,2021-22,3.5,Wipro,CSE,Female,IT
1299,CSE,Female,1482,IT,Project Engineer,Kishori Sarjerao Patil,2021-22,3.5,Wipro,CSE,Female,IT
1300,CSE,Female,1483,IT,Project Engineer,Manasi Hemant Shinde,2021-22,3.5,Wipro,CSE,Female,IT
1301,CSE,Female,1484,IT,Project Engineer,Poorva Prasan Kamble,2021-22,3.5,Wipro,CSE,Female,IT
1302,CSE,Female,1486,IT,Project Engineer,PRIYANKA BHIKAJI CHOUGALE,2021-22,3.5,Wipro,CSE,Female,IT
1303,CSE,Female,1487,IT,Project Engineer,Rajavi Sandip Sankpal,2021-22,3.5,Wipro,CSE,Female,IT
1304,CSE,Female,1490,IT,Project Engineer,Saba Akram Mulla,2021-22,3.5,Wipro,CSE,Female,IT
1305,CSE,Female,1491,IT,Project Engineer,Siddhi Sardar Kirulkar,2021-22,3.5,Wipro,CSE,Female,IT
1306,CSE,Female,1492,IT,Project Engineer,Srushti Avinash Varekar,2021-22,3.5,Wipro,CSE,Female,IT
1307,CSE,Female,1493,IT,Project Engineer,tejaswini manohar gavali,2021-22,3.5,Wipro,CSE,Female,IT
1308,CSE,Female,1494,IT,Project Engineer,Vaishnavi Rajendra Ayarekar,2021-22,3.5,Wipro,CSE,Female,IT
1309,CSE,Female,1513,IT,Associate Analyst, Manasi Hemant Shinde,2021-22,10,Ugam Solutions,CSE,Female,IT
1310,CSE,Female,1515,IT,Associate Analyst,NEEL RAJEEV HUZURBAZAR,2021-22,10,Ugam Solutions,CSE,Female,IT
1311,CSE,Female,1518,IT,Associate Analyst,SABA SALIM MHABAR,2021-22,10,Ugam Solutions,CSE,Female,IT
1312,CSE,Female,1519,IT,Associate Analyst,Snehal Vishal Das,2021-22,10,Ugam Solutions,CSE,Female,IT
1313,CSE,Female,1520,IT,Associate Analyst,Susmita Sanjay Jadhav,2021-22,10,Ugam Solutions,CSE,Female,IT
1314,CSE,Female,1524,IT,Trainee Engineer,Vidya Rajendra Kamble,2021-22,3.8,Qspider,CSE,Female,IT
1315,CSE,Female,1525,IT,Trainee Engineer,Dipti  Dattatray Patil,2021-22,3.8,Qspider,CSE,Female,IT
1316,CSE,Female,1527,IT,Trainee Engineer,Neha Pradip Babar,2021-22,3.8,Qspider,CSE,Female,IT
1317,CSE,Female,1546,IT,Project Engineer,Aboli Jadhav,2021-22,4.5,Wipro,CSE,Female,IT
1318,CSE,Female,1550,IT,SAP Consultant,Sakshi Pathak,2021-22,6.5,KAAR Technologies,CSE,Female,IT
1319,CSE,Female,1565,IT,Software Engineer,Komal Mulik,2021-22,4.71,Persistent Systems,CSE,Female,IT
1320,CSE,Female,1568,IT,Software Engineer,Kadambari Ranjeet Sutar,2021-22,4.5,Agiliad Technologies Private Ltd.,CSE,Female,IT
1321,CSE,Female,1569,IT,Software Engineer,Neha Pradip Babar,2021-22,4.5,Agiliad Technologies Private Ltd.,CSE,Female,IT
1322,CSE,Female,1570,IT,Software Engineer,Yashashri Giradhari Sonwane,2021-22,4.5,Agiliad Technologies Private Ltd.,CSE,Female,IT
1323,CSE,Female,1575,IT,Software Engineer,Ankita Vitthal Patil,2021-22,4,EuroNet Worldwide,CSE,Female,IT
1324,CSE,Female,1578,IT,Associate Engineer – Technology,Rajeshwari Miraje,2021-22,4.5,Virtusa,CSE,Female,IT
1325,CSE,Female,1579,IT,Associate Engineer – Technology,Manasi Hemant Shinde,2021-22,4.5,Virtusa,CSE,Female,IT
1326,CSE,Female,1581,IT,Associate Engineer – Technology,SABA SALIM MHABAR,2021-22,4.5,Virtusa,CSE,Female,IT
1327,CSE,Female,1588,IT,Software Engineer,Vanshika S Deshpande,2021-22,4.5,Cybage Software,CSE,Female,IT
1328,CSE,Female,1589,IT,Software Engineer,Vidya Rajendra Kamble,2021-22,4.5,Cybage Software,CSE,Female,IT
1329,CSE,Female,1610,IT,GenC - Select,Sampada Purushottam Kawale,2021-22,4,Cognizant,CSE,Female,IT
1330,CSE,Female,1612,IT,GenC - Select,Aboli Chandrakant Jadhav,2021-22,4,Cognizant,CSE,Female,IT
1331,CSE,Female,1613,IT,GenC - Select,Triveni Krishnat Barkale,2021-22,4,Cognizant,CSE,Female,IT
1332,CSE,Female,1615,IT,GenC - Select,Apurva Balasaheb Patil,2021-22,4,Cognizant,CSE,Female,IT
1333,CSE,Female,1617,IT,GenC - Select,Susmita Sanjay Jadhav,2021-22,4,Cognizant,CSE,Female,IT
1334,CSE,Female,1619,IT,GenC - Select,Malaika Nisar Momin,2021-22,4,Cognizant,CSE,Female,IT
1335,CSE,Female,1622,IT,GenC Elevate - Select,Vaishnavi Rajendra Ayarekar,2021-22,4.5,Cognizant,CSE,Female,IT
1336,CSE,Female,1624,IT,GenC Elevate - Select,Pradnya Arjunrao Patil,2021-22,4.5,Cognizant,CSE,Female,IT
1337,CSE,Female,1625,IT,GenC Elevate - Select,Pragati Prakash Sutar,2021-22,4.5,Cognizant,CSE,Female,IT
1338,CSE,Female,1626,IT,GenC Elevate - Select,Ankita Vitthal Patil,2021-22,4.5,Cognizant,CSE,Female,IT
1339,CSE,Female,1627,IT,GenC Elevate - Select,Vaishnavi Vijay Lohar,2021-22,4.5,Cognizant,CSE,Female,IT
1340,CSE,Female,1628,IT,GenC Elevate - Select,Yashashri Girdhari Sonwane,2021-22,4.5,Cognizant,CSE,Female,IT
1341,CSE,Female,1629,IT,GenC Next - Select,Arpita Ravindra Ghorpade,2021-22,6.75,Cognizant,CSE,Female,IT
1342,CSE,Female,1630,IT,GenC Next - Select,Manasi Hemant Shinde,2021-22,6.75,Cognizant,CSE,Female,IT
1343,CSE,Female,1631,IT,GenC Next - Select,NEEL RAJEEV HUZURBAZAR,2021-22,6.75,Cognizant,CSE,Female,IT
1344,CSE,Female,1671,IT,Software Engineer,Srushti Varekar,2021-22,3.25,TechMahindra,CSE,Female,IT
1345,CSE,Female,1672,IT,Software Engineer,Rajavi Sankpal,2021-22,3.25,TechMahindra,CSE,Female,IT
1346,CSE,Female,1674,IT,Software Engineer,Albina Wahid Attar,2021-22,5.73,FIS Global,CSE,Female,IT
1347,CSE,Female,1680,Non-IT,Management Trainee,Utkarsha N.Vadgaonkar,2021-22,4.5,Square Yards,CSE,Female,Non-IT
1348,CSE,Female,1681,Non-IT,Management Trainee,Akshata Sudam Kamble,2021-22,4.5,Square Yards,CSE,Female,Non-IT
1349,CSE,Female,1686,Non-IT,Management Trainee,Yukta Sunil bookshet,2021-22,4.5,Square Yards,CSE,Female,Non-IT
1350,CSE,Female,1689,IT,System Analyst,Snehal Vishal Das,2021-22,3.8,CAPGEMINI,CSE,Female,IT
1351,CSE,Female,1691,IT,System Analyst,Sakshi Narayandas Dembra,2021-22,3.8,CAPGEMINI,CSE,Female,IT
1352,CSE,Female,1692,IT,System Analyst,Manasi Hemant Shinde,2021-22,3.8,CAPGEMINI,CSE,Female,IT
1353,CSE,Female,1694,IT,System Analyst,Susmita Sanjay Jadhav,2021-22,3.8,CAPGEMINI,CSE,Female,IT
1354,CSE,Female,1695,IT,System Analyst,Manasi Mahadev Patil,2021-22,3.8,CAPGEMINI,CSE,Female,IT
1355,CSE,Female,1696,IT,Software Engineer,Saloni Mansing Padwal,2021-22,4,Zensar Technologies,CSE,Female,IT
1356,CSE,Female,1698,IT,Software Engineer,Apurva Kelkar,2021-22,4,Msys Tech Pvt Ltd,CSE,Female,IT
1357,CSE,Female,1699,IT,Software Engineer,Bhakti Bhaskar Bhat,2021-22,4,Msys Tech Pvt Ltd,CSE,Female,IT
1358,CSE,Female,1704,IT,Software Engineer,Shruti Ramesh Kamble,2021-22,4,Msys Tech Pvt Ltd,CSE,Female,IT
1359,CSE,Female,1710,IT,Associate Engineer,Pratibha Prakash Sutar,2021-22,3.5,Atos Syntel,CSE,Female,IT
1360,CSE,Female,1711,IT,Associate Engineer,Sakshi Dembra,2021-22,3.5,Atos Syntel,CSE,Female,IT
1361,CSE,Female,1712,IT,Software Engineer,Arpita Ghorpade,2021-22,5,NTT Data,CSE,Female,IT
1362,CSE,Female,1725,IT,System Analyst,Rutuja Sanjay Mane,2021-22,3.8,CAPGEMINI,CSE,Female,IT
1363,CSE,Female,1757,IT,Trainee Engineer (PPO),Vaishnavi Ashok Phadake,2021-22,3,Palle Technology,CSE,Female,IT
1364,CSE,Female,1775,IT,Software Engineer,Dipali Sanjay Mane,2021-22,1.8,"MeshBA Solutions,Kolhapur",CSE,Female,IT
1365,CSE,Female,1799,IT,System Engineer,Shreenidhi K,2021-22,3.6,Infosys,CSE,Female,IT
1366,CSE,Female,1800,IT,Software Engineer,Anuja Chandane,2021-22,3,Cyber Success,CSE,Female,IT
1367,CSE,Female,1803,IT,System Engineer,Priyanka Bhikaji Chougule,2021-22,3.6,Infosys,CSE,Female,IT
1368,CSE,Female,1809,IT,Digital Engineer,Pooja Suresh Ghodke,2021-22,3.5,Quality Kiosk,CSE,Female,IT
1369,CSE,Female,1812,IT,Project Engineer,Rasika Anil Kulkarni,2021-22,3.5,Wipro,CSE,Female,IT
1370,CSE,Female,1813,IT,Project Engineer,Sayali Chougule,2021-22,3.5,Wipro,CSE,Female,IT
1371,CSE,Female,1830,IT,Digital Engineer,Anuja Chandane,2021-22,3.5,Quality Kiosk,CSE,Female,IT
1372,CSE,Female,1831,IT,Project Engineer,Tejashri Jayawant Patil,2021-22,3.5,Wipro,CSE,Female,IT
1373,CSE,Female,1834,IT,Program Senior Associate II,Vaishnavi Ashok Phadake,2021-22,5,NTT Data,CSE,Female,IT
1374,CSE,Female,1835,IT,Junior Software Engineer,Sanjivani Bhimgonda Desai,2021-22,5.5,Indegene Private Limited,CSE,Female,IT
1375,CSE,Female,1845,IT,System Engineer, Dipti Dattatray Patil,2021-22,3.6,Infosys,CSE,Female,IT
1376,CSE,Female,1847,IT,IT Trainee,Rajeshwari Miraje,2021-22,5.35,FIS Global,CSE,Female,IT
1377,CSE,Female,1848,IT,IT Trainee,Vaishnavi Vijay Lohar,2021-22,5.35,FIS Global,CSE,Female,IT
1378,CSE,Female,1849,IT,IT Trainee,Tejashri Jaywant Patil,2021-22,5.35,FIS Global,CSE,Female,IT
1379,CSE,Female,1880,IT,Associate Professional,Aaditi Avinash Kulkarni,2021-22,4,DXC Technology,CSE,Female,IT
1380,CSE,Female,1883,IT,Associate Professional,Albina Wahid Attar,2021-22,4,DXC Technology,CSE,Female,IT
1381,CSE,Female,1884,IT,Associate Professional,Amrut Bhausaheb Patil,2021-22,4,DXC Technology,CSE,Female,IT
1382,CSE,Female,1889,IT,Associate Professional,Kishori Sarjerao Patil,2021-22,4,DXC Technology,CSE,Female,IT
1383,CSE,Female,1890,IT,Associate Professional,Manasi Hemant Shinde,2021-22,4,DXC Technology,CSE,Female,IT
1384,CSE,Female,1892,IT,Associate Professional,Nilam Vitthal Karande,2021-22,4,DXC Technology,CSE,Female,IT
1385,CSE,Female,1894,IT,Associate Professional,Rutuja Sanjay Mane,2021-22,4,DXC Technology,CSE,Female,IT
1386,CSE,Female,1896,IT,Associate Professional,SABA SALIM MHABAR,2021-22,4,DXC Technology,CSE,Female,IT
1387,CSE,Female,1897,IT,Associate Professional,Sakshi Sandeep Phatak,2021-22,4,DXC Technology,CSE,Female,IT
1388,CSE,Female,1898,IT,Associate Professional,Sakshi Sudhir Pathade,2021-22,4,DXC Technology,CSE,Female,IT
1389,CSE,Female,1902,IT,Associate Professional,Snehal Vishal Das,2021-22,4,DXC Technology,CSE,Female,IT
1390,CSE,Female,1903,IT,Associate Professional,sonali rajaram patil,2021-22,4,DXC Technology,CSE,Female,IT
1391,CSE,Female,1904,IT,Associate Professional,Susmita Sanjay Jadhav,2021-22,4,DXC Technology,CSE,Female,IT
1392,CSE,Female,1906,IT,Associate Professional,tejaswini manohar gavali,2021-22,4,DXC Technology,CSE,Female,IT
1393,CSE,Female,1907,IT,Associate Professional,Vaibhav Madhukar Mudekar,2021-22,4,DXC Technology,CSE,Female,IT
1394,CSE,Female,1908,IT,Associate Professional,Vaishnavi Sanjay Patil,2021-22,4,DXC Technology,CSE,Female,IT
1395,CSE,Female,1937,IT,Software Engineer,Vaishnavi Lohar,2021-22,3.8,Birlasoft,CSE,Female,IT
1396,CSE,Female,1943,IT,Functional Consultant,"Jainab Patel,",2021-22,4,Evosys,CSE,Female,IT
1397,CSE,Female,1947,IT,Project Engineer,Siddhi Sardar Kirulkar,2021-22,3.6,KPIT,CSE,Female,IT
1398,CSE,Female,1948,IT,Project Engineer,Sayali Sanjay Chougule,2021-22,3.6,KPIT,CSE,Female,IT
1399,CSE,Female,1949,IT,Project Engineer,Samidha Mahadev Sawant,2021-22,3.6,KPIT,CSE,Female,IT
1400,CSE,Female,1952,IT,Software Engineer,Komal Mulik,2021-22,3.6,BenchMark IT Solutions,CSE,Female,IT
1401,CSE,Female,1955,IT,Software Engineer,Sakshi Dembra,2021-22,3.6,BenchMark IT Solutions,CSE,Female,IT
1402,CSE,Female,1956,IT,Software Engineer,Utsav Salokhe,2021-22,3.6,BenchMark IT Solutions,CSE,Female,IT
1403,CSE,Female,1957,IT,Software Engineer,Rohan Mane,2021-22,3.6,BenchMark IT Solutions,CSE,Female,IT
1404,CSE,Female,1958,Intern,Business Development Trainee,Vanshika S Deshpande,2021-22,5.5,SKOLER,CSE,Female,Intern
1405,CSE,Female,1959,Intern,Business Development Trainee,Pratibha Prakash Sutar,2021-22,5.5,SKOLER,CSE,Female,Intern
1406,CSE,Female,1967,IT,Software Engineer,Samidha Sawant,2021-22,3.6,SLK,CSE,Female,IT
1407,CSE,Female,1968,IT,Software Engineer,Sayali Chougule,2021-22,3.6,SLK,CSE,Female,IT
1408,CSE,Female,1969,IT,Quality Analyst,Kishori Patil,2021-22,4.5,"Advanced ,UK",CSE,Female,IT
1409,CSE,Female,1975,IT,Trainee Engineer,Malaika Nisar Momin,2021-22,3.1,Atos global,CSE,Female,IT
1410,CSE,Female,1976,IT,Trainee Engineer,Rajeshwari Vasudev Miraje,2021-22,3.1,Atos global,CSE,Female,IT
1411,CSE,Female,1978,IT,Trainee Engineer,Pradnya Arjunrao Patil,2021-22,3.1,Atos global,CSE,Female,IT
1412,CSE,Female,1979,IT,Trainee Engineer,Rutuja Dhananjay Mestri,2021-22,3.1,Atos global,CSE,Female,IT
1413,CSE,Female,1981,IT,Trainee Engineer,Pallavi Ajit Powar,2021-22,3.1,Atos global,CSE,Female,IT
1414,CSE,Female,1982,IT,Trainee Engineer,Rasika Anil Kulkarni,2021-22,3.1,Atos global,CSE,Female,IT
1415,CSE,Female,1984,IT,Trainee Engineer,Samrudhi Sambhaji Jadhav,2021-22,3.1,Atos global,CSE,Female,IT
1416,CSE,Female,1985,IT,Trainee Engineer,Manasi Mahadev Patil,2021-22,3.1,Atos global,CSE,Female,IT
1417,CSE,Female,1999,IT,Assistant System Engineer-Trainee,Samidha Mahadev Sawant,2021-22,3.36,Tata Consultancy Services,CSE,Female,IT
1418,CSE,Female,2001,IT,Assistant System Engineer-Trainee,Rutuja Dhananjay Mestri,2021-22,3.36,Tata Consultancy Services,CSE,Female,IT
1419,CSE,Female,2003,IT,Assistant System Engineer-Trainee,Vaishnavi Rajendra Ayarekar,2021-22,3.36,Tata Consultancy Services,CSE,Female,IT
1420,CSE,Female,2006,IT,Assistant System Engineer-Trainee,Manasi Mahadev Patil,2021-22,3.36,Tata Consultancy Services,CSE,Female,IT
1421,CSE,Female,2007,IT,Assistant System Engineer-Trainee,Pournima Shrishail Belavi,2021-22,3.36,Tata Consultancy Services,CSE,Female,IT
1422,CSE,Female,2009,IT,Assistant System Engineer-Trainee,Pallavi Ajit Powar,2021-22,3.36,Tata Consultancy Services,CSE,Female,IT
1423,CSE,Female,2010,IT,Assistant System Engineer-Trainee,Komal Vijaykumar Mulik,2021-22,3.36,Tata Consultancy Services,CSE,Female,IT
1424,CSE,Female,2011,IT,Assistant System Engineer-Trainee,Sakshi Sandeep Phatak,2021-22,3.36,Tata Consultancy Services,CSE,Female,IT
1425,CSE,Female,2013,IT,Assistant System Engineer-Trainee,Srushti Avinash Varekar,2021-22,3.36,Tata Consultancy Services,CSE,Female,IT
1426,CSE,Female,2018,IT,Assistant System Engineer-Trainee,Rucha Rajaram Patil,2021-22,3.36,Tata Consultancy Services,CSE,Female,IT
1427,CSE,Female,2019,IT,Assistant System Engineer-Trainee,Nilam Vitthal Karande,2021-22,3.36,Tata Consultancy Services,CSE,Female,IT
1428,CSE,Female,2025,IT,Software Engineer,Vanshika S Deshpande,2021-22,4.5,Afour Technologies,CSE,Female,IT
1429,CSE,Female,2026,IT,Full Stack Engineer,Arpita R. Ghorpade,2021-22,3,Extraprenuers Pvt. Ltd,CSE,Female,IT
1430,CSE,Female,2027,IT,Full Stack Engineer,Aboli Chandrakant Jadhav,2021-22,3,Extraprenuers Pvt. Ltd,CSE,Female,IT
1431,CSE,Female,2031,IT,Software Engineer,Srushti Avinash Varekar,2021-22,2.4,Moog India,CSE,Female,IT
1432,CSE,Female,2033,IT,Software Developer,Apurva Kelkar,2021-22,8.5,Brillio,CSE,Female,IT
1433,CSE,Female,2035,Non-IT,Community Influncer,Rucha Rajaram Patil,2021-22,3,MentorBoxx,CSE,Female,Non-IT
1434,CSE,Female,2036,Non-IT,Community Influncer,Priyanka Chougule,2021-22,3,MentorBoxx,CSE,Female,Non-IT
1435,CSE,Female,2037,Non-IT,Community Influncer,Tejaswini Gawali,2021-22,3,MentorBoxx,CSE,Female,Non-IT
1436,CSE,Female,2038,Non-IT,Community Influncer,Dipti Patil,2021-22,3,MentorBoxx,CSE,Female,Non-IT
1437,CSE,Female,2039,Non-IT,Community Influncer,Pooja Ghodke,2021-22,3,MentorBoxx,CSE,Female,Non-IT
1438,CSE,Female,2040,Non-IT,Community Influncer,Kadambari Sutar,2021-22,3,MentorBoxx,CSE,Female,Non-IT
1439,CSE,Female,2041,Non-IT,Community Influncer,Rajavi Sankpal,2021-22,3,MentorBoxx,CSE,Female,Non-IT
1440,CSE,Female,2044,Non-IT,Community Influncer,Vaishnavi R Ayarekar,2021-22,3,MentorBoxx,CSE,Female,Non-IT
1441,CSE,Female,2045,Non-IT,Community Influncer,Aishwarya Patil,2021-22,3,MentorBoxx,CSE,Female,Non-IT
1442,CSE,Female,2046,Non-IT,Community Influncer,Madhuri Sankpal,2021-22,3,MentorBoxx,CSE,Female,Non-IT
1443,CSE,Female,2047,Non-IT,Community Influncer,Bhakti Bhat,2021-22,3,MentorBoxx,CSE,Female,Non-IT
1444,CSE,Female,2049,Non-IT,Community Influncer,Arpita R. Ghorpade,2021-22,3,MentorBoxx,CSE,Female,Non-IT
1445,CSE,Female,2050,Non-IT,Community Influncer,Sonali Patil,2021-22,3,MentorBoxx,CSE,Female,Non-IT
1446,CSE,Female,2057,Non-IT,Community Influncer,Rutuja Mane,2021-22,3,MentorBoxx,CSE,Female,Non-IT
1447,CSE,Female,2059,Non-IT,Community Influncer,Akshata Kambale,2021-22,3,MentorBoxx,CSE,Female,Non-IT
1448,CSE,Female,2102,Intern,Intern,Shreya Sawant,2021-22,2.4,Govt of Maharashtra,CSE,Female,Intern
1449,CSE,Female,2104,IT,Project Engineer,Amrut Bhausaheb Patil,2021-22,3.5,Wipro,CSE,Female,IT
1450,CSE,Female,2108,IT,Project Engineer,Kishori Sarjerao Patil,2021-22,3.5,Wipro,CSE,Female,IT
1451,CSE,Female,2109,IT,Project Engineer,Manasi Hemant Shinde,2021-22,3.5,Wipro,CSE,Female,IT
1452,CSE,Female,2110,IT,Project Engineer,Poorva Prasan Kamble,2021-22,3.5,Wipro,CSE,Female,IT
1453,CSE,Female,2112,IT,Project Engineer,PRIYANKA BHIKAJI CHOUGALE,2021-22,3.5,Wipro,CSE,Female,IT
1454,CSE,Female,2113,IT,Project Engineer,Rajavi Sandip Sankpal,2021-22,3.5,Wipro,CSE,Female,IT
1455,CSE,Female,2116,IT,Project Engineer,Saba Akram Mulla,2021-22,3.5,Wipro,CSE,Female,IT
1456,CSE,Female,2117,IT,Project Engineer,Siddhi Sardar Kirulkar,2021-22,3.5,Wipro,CSE,Female,IT
1457,CSE,Female,2118,IT,Project Engineer,Srushti Avinash Varekar,2021-22,3.5,Wipro,CSE,Female,IT
1458,CSE,Female,2119,IT,Project Engineer,tejaswini manohar gavali,2021-22,3.5,Wipro,CSE,Female,IT
1459,CSE,Female,2120,IT,Project Engineer,Vaishnavi Rajendra Ayarekar,2021-22,3.5,Wipro,CSE,Female,IT
1460,CSE,Female,2139,IT,Associate Analyst, Manasi Hemant Shinde,2021-22,10,Ugam Solutions,CSE,Female,IT
1461,CSE,Female,2141,IT,Associate Analyst,NEEL RAJEEV HUZURBAZAR,2021-22,10,Ugam Solutions,CSE,Female,IT
1462,CSE,Female,2144,IT,Associate Analyst,SABA SALIM MHABAR,2021-22,10,Ugam Solutions,CSE,Female,IT
1463,CSE,Female,2145,IT,Associate Analyst,Snehal Vishal Das,2021-22,10,Ugam Solutions,CSE,Female,IT
1464,CSE,Female,2146,IT,Associate Analyst,Susmita Sanjay Jadhav,2021-22,10,Ugam Solutions,CSE,Female,IT
1465,CSE,Female,2150,IT,Trainee Engineer,Vidya Rajendra Kamble,2021-22,3.8,Qspider,CSE,Female,IT
1466,CSE,Female,2151,IT,Trainee Engineer,Dipti  Dattatray Patil,2021-22,3.8,Qspider,CSE,Female,IT
1467,CSE,Female,2153,IT,Trainee Engineer,Neha Pradip Babar,2021-22,3.8,Qspider,CSE,Female,IT
1468,CSE,Female,2172,IT,Project Engineer,Aboli Jadhav,2021-22,4.5,Wipro,CSE,Female,IT
1469,CSE,Female,2176,IT,SAP Consultant,Sakshi Pathak,2021-22,6.5,KAAR Technologies,CSE,Female,IT
1470,CSE,Female,2191,IT,Software Engineer,Komal Mulik,2021-22,4.71,Persistent Systems,CSE,Female,IT
1471,CSE,Female,2194,IT,Software Engineer,Kadambari Ranjeet Sutar,2021-22,4.5,Agiliad Technologies Private Ltd.,CSE,Female,IT
1472,CSE,Female,2195,IT,Software Engineer,Neha Pradip Babar,2021-22,4.5,Agiliad Technologies Private Ltd.,CSE,Female,IT
1473,CSE,Female,2196,IT,Software Engineer,Yashashri Giradhari Sonwane,2021-22,4.5,Agiliad Technologies Private Ltd.,CSE,Female,IT
1474,CSE,Female,2201,IT,Software Engineer,Ankita Vitthal Patil,2021-22,4,EuroNet Worldwide,CSE,Female,IT
1475,CSE,Female,2204,IT,Associate Engineer – Technology,Rajeshwari Miraje,2021-22,4.5,Virtusa,CSE,Female,IT
1476,CSE,Female,2205,IT,Associate Engineer – Technology,Manasi Hemant Shinde,2021-22,4.5,Virtusa,CSE,Female,IT
1477,CSE,Female,2207,IT,Associate Engineer – Technology,SABA SALIM MHABAR,2021-22,4.5,Virtusa,CSE,Female,IT
1478,CSE,Female,2214,IT,Software Engineer,Vanshika S Deshpande,2021-22,4.5,Cybage Software,CSE,Female,IT
1479,CSE,Female,2215,IT,Software Engineer,Vidya Rajendra Kamble,2021-22,4.5,Cybage Software,CSE,Female,IT
1480,CSE,Female,2236,IT,GenC - Select,Sampada Purushottam Kawale,2021-22,4,Cognizant,CSE,Female,IT
1481,CSE,Female,2238,IT,GenC - Select,Aboli Chandrakant Jadhav,2021-22,4,Cognizant,CSE,Female,IT
1482,CSE,Female,2239,IT,GenC - Select,Triveni Krishnat Barkale,2021-22,4,Cognizant,CSE,Female,IT
1483,CSE,Female,2241,IT,GenC - Select,Apurva Balasaheb Patil,2021-22,4,Cognizant,CSE,Female,IT
1484,CSE,Female,2243,IT,GenC - Select,Susmita Sanjay Jadhav,2021-22,4,Cognizant,CSE,Female,IT
1485,CSE,Female,2245,IT,GenC - Select,Malaika Nisar Momin,2021-22,4,Cognizant,CSE,Female,IT
1486,CSE,Female,2248,IT,GenC Elevate - Select,Vaishnavi Rajendra Ayarekar,2021-22,4.5,Cognizant,CSE,Female,IT
1487,CSE,Female,2250,IT,GenC Elevate - Select,Pradnya Arjunrao Patil,2021-22,4.5,Cognizant,CSE,Female,IT
1488,CSE,Female,2251,IT,GenC Elevate - Select,Pragati Prakash Sutar,2021-22,4.5,Cognizant,CSE,Female,IT
1489,CSE,Female,2252,IT,GenC Elevate - Select,Ankita Vitthal Patil,2021-22,4.5,Cognizant,CSE,Female,IT
1490,CSE,Female,2253,IT,GenC Elevate - Select,Vaishnavi Vijay Lohar,2021-22,4.5,Cognizant,CSE,Female,IT
1491,CSE,Female,2254,IT,GenC Elevate - Select,Yashashri Girdhari Sonwane,2021-22,4.5,Cognizant,CSE,Female,IT
1492,CSE,Female,2255,IT,GenC Next - Select,Arpita Ravindra Ghorpade,2021-22,6.75,Cognizant,CSE,Female,IT
1493,CSE,Female,2256,IT,GenC Next - Select,Manasi Hemant Shinde,2021-22,6.75,Cognizant,CSE,Female,IT
1494,CSE,Female,2257,IT,GenC Next - Select,NEEL RAJEEV HUZURBAZAR,2021-22,6.75,Cognizant,CSE,Female,IT
1495,CSE,Female,2297,IT,Software Engineer,Srushti Varekar,2021-22,3.25,TechMahindra,CSE,Female,IT
1496,CSE,Female,2298,IT,Software Engineer,Rajavi Sankpal,2021-22,3.25,TechMahindra,CSE,Female,IT
1497,CSE,Female,2300,IT,Software Engineer,Albina Wahid Attar,2021-22,5.73,FIS Global,CSE,Female,IT
1498,CSE,Female,2306,Non-IT,Management Trainee,Utkarsha N.Vadgaonkar,2021-22,4.5,Square Yards,CSE,Female,Non-IT
1499,CSE,Female,2307,Non-IT,Management Trainee,Akshata Sudam Kamble,2021-22,4.5,Square Yards,CSE,Female,Non-IT
1500,CSE,Female,2312,Non-IT,Management Trainee,Yukta Sunil bookshet,2021-22,4.5,Square Yards,CSE,Female,Non-IT
1501,CSE,Female,2315,IT,System Analyst,Snehal Vishal Das,2021-22,3.8,CAPGEMINI,CSE,Female,IT
1502,CSE,Female,2317,IT,System Analyst,Sakshi Narayandas Dembra,2021-22,3.8,CAPGEMINI,CSE,Female,IT
1503,CSE,Female,2318,IT,System Analyst,Manasi Hemant Shinde,2021-22,3.8,CAPGEMINI,CSE,Female,IT
1504,CSE,Female,2320,IT,System Analyst,Susmita Sanjay Jadhav,2021-22,3.8,CAPGEMINI,CSE,Female,IT
1505,CSE,Female,2321,IT,System Analyst,Manasi Mahadev Patil,2021-22,3.8,CAPGEMINI,CSE,Female,IT
1506,CSE,Female,2322,IT,Software Engineer,Saloni Mansing Padwal,2021-22,4,Zensar Technologies,CSE,Female,IT
1507,CSE,Female,2324,IT,Software Engineer,Apurva Kelkar,2021-22,4,Msys Tech Pvt Ltd,CSE,Female,IT
1508,CSE,Female,2325,IT,Software Engineer,Bhakti Bhaskar Bhat,2021-22,4,Msys Tech Pvt Ltd,CSE,Female,IT
1509,CSE,Female,2330,IT,Software Engineer,Shruti Ramesh Kamble,2021-22,4,Msys Tech Pvt Ltd,CSE,Female,IT
1510,CSE,Female,2336,IT,Associate Engineer,Pratibha Prakash Sutar,2021-22,3.5,Atos Syntel,CSE,Female,IT
1511,CSE,Female,2337,IT,Associate Engineer,Sakshi Dembra,2021-22,3.5,Atos Syntel,CSE,Female,IT
1512,CSE,Female,2338,IT,Software Engineer,Arpita Ghorpade,2021-22,5,NTT Data,CSE,Female,IT
1513,CSE,Female,2351,IT,System Analyst,Rutuja Sanjay Mane,2021-22,3.8,CAPGEMINI,CSE,Female,IT
1514,CSE,Female,2383,IT,Trainee Engineer (PPO),Vaishnavi Ashok Phadake,2021-22,3,Palle Technology,CSE,Female,IT
1515,CSE,Female,2401,IT,Software Engineer,Dipali Sanjay Mane,2021-22,1.8,"MeshBA Solutions,Kolhapur",CSE,Female,IT
1516,CSE,Female,2425,IT,System Engineer,Shreenidhi K,2021-22,3.6,Infosys,CSE,Female,IT
1517,CSE,Female,2426,IT,Software Engineer,Anuja Chandane,2021-22,3,Cyber Success,CSE,Female,IT
1518,CSE,Female,2429,IT,System Engineer,Priyanka Bhikaji Chougule,2021-22,3.6,Infosys,CSE,Female,IT
1519,CSE,Female,2435,IT,Digital Engineer,Pooja Suresh Ghodke,2021-22,3.5,Quality Kiosk,CSE,Female,IT
1520,CSE,Female,2438,IT,Project Engineer,Rasika Anil Kulkarni,2021-22,3.5,Wipro,CSE,Female,IT
1521,CSE,Female,2439,IT,Project Engineer,Sayali Chougule,2021-22,3.5,Wipro,CSE,Female,IT
1522,CSE,Female,2456,IT,Digital Engineer,Anuja Chandane,2021-22,3.5,Quality Kiosk,CSE,Female,IT
1523,CSE,Female,2457,IT,Project Engineer,Tejashri Jayawant Patil,2021-22,3.5,Wipro,CSE,Female,IT
1524,CSE,Female,2460,IT,Program Senior Associate II,Vaishnavi Ashok Phadake,2021-22,5,NTT Data,CSE,Female,IT
1525,CSE,Female,2461,IT,Junior Software Engineer,Sanjivani Bhimgonda Desai,2021-22,5.5,Indegene Private Limited,CSE,Female,IT
1526,CSE,Female,2471,IT,System Engineer, Dipti Dattatray Patil,2021-22,3.6,Infosys,CSE,Female,IT
1527,CSE,Female,2473,IT,IT Trainee,Rajeshwari Miraje,2021-22,5.35,FIS Global,CSE,Female,IT
1528,CSE,Female,2474,IT,IT Trainee,Vaishnavi Vijay Lohar,2021-22,5.35,FIS Global,CSE,Female,IT
1529,CSE,Female,2475,IT,IT Trainee,Tejashri Jaywant Patil,2021-22,5.35,FIS Global,CSE,Female,IT
1530,CSE,Female,2503,IT,Sytem Engineer,Rajlaxmi Sanjay Ghatge,2022-23,7,Tata Consultancy Services,CSE,Female,IT
1531,CSE,Female,2507,IT,Member of Technical Staff,Anamika Dakare,2022-23,64,Adobe,CSE,Female,IT
1532,CSE,Female,2522,IT,Associate Professional,Maithili Mansing Patil,2022-23,4.2,DXC Technology,CSE,Female,IT
1533,CSE,Female,2524,IT,Associate Professional,Snehanjali Pramod Patil,2022-23,4.2,DXC Technology,CSE,Female,IT
1534,CSE,Female,2525,IT,Associate Professional,Gayatri Maruti Patole,2022-23,4.2,DXC Technology,CSE,Female,IT
1535,CSE,Female,2526,IT,Associate Professional,PRAJAKTA PRAKASH PATIL,2022-23,4.2,DXC Technology,CSE,Female,IT
1536,CSE,Female,2527,IT,Associate Professional,Prerna Prakash Daphale,2022-23,4.2,DXC Technology,CSE,Female,IT
1537,CSE,Female,2529,IT,Associate Professional,Snehal Ajit Patil,2022-23,4.2,DXC Technology,CSE,Female,IT
1538,CSE,Female,2534,IT,Associate Professional,Disha Dinesh Malgavi,2022-23,4.2,DXC Technology,CSE,Female,IT
1539,CSE,Female,2535,IT,Associate Professional,Mousami Sanjay Pawar,2022-23,4.2,DXC Technology,CSE,Female,IT
1540,CSE,Female,2536,IT,Associate Professional,Chaitanya Sajjanrao Jagdale,2022-23,4.2,DXC Technology,CSE,Female,IT
1541,CSE,Female,2538,IT,Associate Professional,Pallavi Padmakar Patil,2022-23,4.2,DXC Technology,CSE,Female,IT
1542,CSE,Female,2539,IT,Associate Professional,Rajkunwar Pratapsinh Nalawade,2022-23,4.2,DXC Technology,CSE,Female,IT
1543,CSE,Female,2541,IT,Associate Professional,Aishwarya Shantinath Kamat,2022-23,4.2,DXC Technology,CSE,Female,IT
1544,CSE,Female,2544,IT,Associate Professional,Pranoti Sanjay Jadhav,2022-23,4.2,DXC Technology,CSE,Female,IT
1545,CSE,Female,2545,IT,Associate Professional,sakshi sanjay bedage,2022-23,4.2,DXC Technology,CSE,Female,IT
1546,CSE,Female,2547,IT,Associate Professional,Akanksha Rahul Patil,2022-23,4.2,DXC Technology,CSE,Female,IT
1547,CSE,Female,2549,IT,Associate Professional,Afrin Mukhtar Ambekari,2022-23,4.2,DXC Technology,CSE,Female,IT
1548,CSE,Female,2550,IT,Associate Professional,Samrudhi Rajkumar Kokate,2022-23,4.2,DXC Technology,CSE,Female,IT
1549,CSE,Female,2552,IT,Associate Professional,ADITI ARVIND KADAM,2022-23,4.2,DXC Technology,CSE,Female,IT
1550,CSE,Female,2555,IT,Associate Professional,Rhunali Dhanaji Desai,2022-23,4.2,DXC Technology,CSE,Female,IT
1551,CSE,Female,2556,IT,Associate Professional,Pratiksha Pandit Ghorpade,2022-23,4.2,DXC Technology,CSE,Female,IT
1552,CSE,Female,2557,IT,Associate Professional,Rutika Tanaji Chaugale,2022-23,4.2,DXC Technology,CSE,Female,IT
1553,CSE,Female,2558,IT,Associate Professional,Bhagyashree Kedar Patil,2022-23,4.2,DXC Technology,CSE,Female,IT
1554,CSE,Female,2559,IT,Associate Professional,Anjali Anand Yadav,2022-23,4.2,DXC Technology,CSE,Female,IT
1555,CSE,Female,2561,IT,Associate Professional,Pradnya Prasad Mahadik,2022-23,4.2,DXC Technology,CSE,Female,IT
1556,CSE,Female,2603,IT,Software Engineer,Rajkunwar Nalawade,2022-23,10,Brillieo,CSE,Female,IT
1557,CSE,Female,2604,IT,Software Engineer,Soniya Pol,2022-23,10,Brillieo,CSE,Female,IT
1558,CSE,Female,2609,IT,Project Engineer,Chaitanya Anand Joshi,2022-23,4,KPIT,CSE,Female,IT
1559,CSE,Female,2614,IT,Project Engineer,Sakshi Swapnil Shaha,2022-23,4,KPIT,CSE,Female,IT
1560,CSE,Female,2615,IT,Project Engineer,Pranali Vikas Patil,2022-23,4,KPIT,CSE,Female,IT
1561,CSE,Female,2616,IT,Project Engineer,Bhagyashree Kedar Patil,2022-23,4,KPIT,CSE,Female,IT
1562,CSE,Female,2619,IT,Project Engineer,Purva Pitambar Khandagale,2022-23,4,KPIT,CSE,Female,IT
1563,CSE,Female,2624,IT,Project Engineer,Rajkunwar Pratapsinh Nalawade,2022-23,4,KPIT,CSE,Female,IT
1564,CSE,Female,2625,IT,Project Engineer,Pratiksha Prakash Suryavanshi,2022-23,4,KPIT,CSE,Female,IT
1565,CSE,Female,2626,IT,Project Engineer,Manasi Bharat Mandlik,2022-23,4,KPIT,CSE,Female,IT
1566,CSE,Female,2629,IT,Software Engineer,Manasi Bharat Mandlik,2022-23,6.5,Hitachi vantara,CSE,Female,IT
1567,CSE,Female,2634,IT,System Engineer,Payal Sanjay Sawal,2022-23,3.36,Tata Consultancy Services,CSE,Female,IT
1568,CSE,Female,2635,IT,System Engineer,Sarika Namadev Pharakate,2022-23,3.36,Tata Consultancy Services,CSE,Female,IT
1569,CSE,Female,2636,IT,System Engineer,Punam Namdev Patil,2022-23,3.36,Tata Consultancy Services,CSE,Female,IT
1570,CSE,Female,2640,IT,System Engineer,Kalyani Anil Chavan,2022-23,3.36,Tata Consultancy Services,CSE,Female,IT
1571,CSE,Female,2642,IT,System Engineer,Prajakta Dinkar Bansode,2022-23,3.36,Tata Consultancy Services,CSE,Female,IT
1572,CSE,Female,2649,IT,GET,Aarya Jaysing Chougule,2022-23,5,VOIS,CSE,Female,IT
1573,CSE,Female,2651,IT,GET,Afrin Mukhtar Ambekari,2022-23,5,VOIS,CSE,Female,IT
1574,CSE,Female,2652,IT,GET,Anjali Anand Yadav,2022-23,5,VOIS,CSE,Female,IT
1575,CSE,Female,2655,IT,GET,Disha Dinesh Malgavi,2022-23,5,VOIS,CSE,Female,IT
1576,CSE,Female,2656,IT,GET,Kusumika Krishnat Patil,2022-23,5,VOIS,CSE,Female,IT
1577,CSE,Female,2657,IT,GET,Manasi Bharat Mandlik,2022-23,5,VOIS,CSE,Female,IT
1578,CSE,Female,2658,IT,GET,Manasi Jitendra Prabhavalkar,2022-23,5,VOIS,CSE,Female,IT
1579,CSE,Female,2662,IT,GET,Payal Sanjay Sawal,2022-23,5,VOIS,CSE,Female,IT
1580,CSE,Female,2663,IT,GET,Poonam Gundaji Khatkale,2022-23,5,VOIS,CSE,Female,IT
1581,CSE,Female,2664,IT,GET,Pradnya Prasad Mahadik,2022-23,5,VOIS,CSE,Female,IT
1582,CSE,Female,2666,IT,GET,Pranoti Sanjay Jadhav,2022-23,5,VOIS,CSE,Female,IT
1583,CSE,Female,2670,IT,GET,Sakshi Nandkumar Gavali,2022-23,5,VOIS,CSE,Female,IT
1584,CSE,Female,2671,IT,GET,Sakshi Swapnil Shaha,2022-23,5,VOIS,CSE,Female,IT
1585,CSE,Female,2675,IT,GET,Shreya Vinodkumar Wankhade,2022-23,5,VOIS,CSE,Female,IT
1586,CSE,Female,2678,IT,GET,Snehanjali Pramod Patil,2022-23,5,VOIS,CSE,Female,IT
1587,CSE,Female,2693,IT,GET,Chaitanya Anand Joshi,2022-23,5,VOIS,CSE,Female,IT
1588,CSE,Female,2695,IT,GET,Tanaya Anil Jadhav,2022-23,5,VOIS,CSE,Female,IT
1589,CSE,Female,2696,IT,GET,Suchita Sudhakar Somwanshi,2022-23,5,VOIS,CSE,Female,IT
1590,CSE,Female,2699,IT,GET,Geetanjali Sachin Sultane,2022-23,5,Agiliad Technologies,CSE,Female,IT
1591,CSE,Female,2702,IT,GET,Priyanka Babaso Sodage,2022-23,5,Agiliad Technologies,CSE,Female,IT
1592,CSE,Female,2711,IT,Software Engineer,Poonam Gundaji Khatkale,2022-23,4,Qspider,CSE,Female,IT
1593,CSE,Female,2714,IT,Software Engineer,Supriya Ishwar Koli,2022-23,4,Qspider,CSE,Female,IT
1594,CSE,Female,2716,IT,Software Engineer,Poonam Kartik Mali,2022-23,4,Qspider,CSE,Female,IT
1595,CSE,Female,2717,IT,Software Engineer,Kalyani sampat bhamtekar,2022-23,4,Qspider,CSE,Female,IT
1596,CSE,Female,2718,IT,Software Engineer,Sushama Vishnu Nadavade,2022-23,4,Qspider,CSE,Female,IT
1597,CSE,Female,2728,IT,GET,Achal Dhanaji Mali,2022-23,3.5,TATA ELXI,CSE,Female,IT
1598,CSE,Female,2730,IT,GET,Akshata Annaso Kavthekar,2022-23,3.5,TATA ELXI,CSE,Female,IT
1599,CSE,Female,2731,IT,GET,Kalyani sampat bhamtekar,2022-23,3.5,TATA ELXI,CSE,Female,IT
1600,CSE,Female,2732,IT,GET,Megha Manohar Patil,2022-23,3.5,TATA ELXI,CSE,Female,IT
1601,CSE,Female,2735,IT,GET,Sakshi Shahaji Patil,2022-23,3.5,TATA ELXI,CSE,Female,IT
1602,CSE,Female,2738,IT,GET,Sushama Vishnu Nadavade,2022-23,3.5,TATA ELXI,CSE,Female,IT
1603,CSE,Female,2749,IT,GET,Utkarsha Bharat Kolgavkar,2022-23,3.25,TechMahindra,CSE,Female,IT
1604,CSE,Female,2753,IT,Software Engineer,Harsha Deepak Shinde,2022-23,3.5,T-Cognition,CSE,Female,IT
1605,CSE,Female,2754,IT,Software Engineer,Pranali Goraksh Kale,2022-23,3.5,T-Cognition,CSE,Female,IT
1606,CSE,Female,2756,IT,Software Engineer,Rhunali Dhanaji Desai,2022-23,3.5,T-Cognition,CSE,Female,IT
1607,CSE,Female,2758,Non-IT,Subject Matter Expert,Poonam Gundaji Khatkale,2022-23,3,Chegg,CSE,Female,Non-IT
1608,CSE,Female,2759,Non-IT,Subject Matter Expert,Suchita Sudhakar Somwanshi,2022-23,3,Chegg,CSE,Female,Non-IT
1609,CSE,Female,2763,Non-IT,Subject Matter Expert,Prerna Prakash Daphale,2022-23,3,Chegg,CSE,Female,Non-IT
1610,CSE,Female,2777,Non-IT,Subject Matter Expert,Samruddhi Rajaram Mohite,2022-23,3,Chegg,CSE,Female,Non-IT
1611,CSE,Female,2788,Non-IT,Subject Matter Expert,Rutika Tanaji Chaugale,2022-23,3,Chegg,CSE,Female,Non-IT
1612,CSE,Female,2789,Non-IT,Subject Matter Expert,Shruti Purushottam Vankudre,2022-23,3,Chegg,CSE,Female,Non-IT
1613,CSE,Female,2791,Non-IT,Subject Matter Expert,sweta suryakant kadam,2022-23,3,Chegg,CSE,Female,Non-IT
1614,CSE,Female,2792,Non-IT,Subject Matter Expert,Punam Namdev Patil,2022-23,3,Chegg,CSE,Female,Non-IT
1615,CSE,Female,2802,Non-IT,Subject Matter Expert,Gauri Rajendra Kate,2022-23,3,Chegg,CSE,Female,Non-IT
1616,CSE,Female,2805,Non-IT,Subject Matter Expert,Sakshi Nandkumar Gavali,2022-23,3,Chegg,CSE,Female,Non-IT
1617,CSE,Female,2828,Non-IT,Subject Matter Expert,Swati Bhanudas Bagal,2022-23,3,Chegg,CSE,Female,Non-IT
1618,CSE,Female,2839,Non-IT,Subject Matter Expert,PREETI AVINASH JADHAV,2022-23,3,Chegg,CSE,Female,Non-IT
1619,CSE,Female,2840,Non-IT,Subject Matter Expert,Pranali Vikas Patil,2022-23,3,Chegg,CSE,Female,Non-IT
1620,CSE,Female,2843,Non-IT,Subject Matter Expert,Vaishnavi Nitin Saudagar,2022-23,3,Chegg,CSE,Female,Non-IT
1621,CSE,Female,2861,Non-IT,Subject Matter Expert,Pratiksha Pandit Ghorpade,2022-23,3,Chegg,CSE,Female,Non-IT
1622,CSE,Female,2862,Non-IT,Subject Matter Expert,Akshata Annaso Kavthekar,2022-23,3,Chegg,CSE,Female,Non-IT
1623,CSE,Female,2863,Non-IT,Subject Matter Expert,Utkarsha Bharat Kolgavkar,2022-23,3,Chegg,CSE,Female,Non-IT
1624,CSE,Female,2869,Non-IT,Subject Matter Expert,Aishwarya Ashok Kadav,2022-23,3,Chegg,CSE,Female,Non-IT
1625,CSE,Female,2871,Non-IT,Subject Matter Expert,Chaitanya Anand Joshi,2022-23,3,Chegg,CSE,Female,Non-IT
1626,CSE,Female,2876,Non-IT,Subject Matter Expert,Afrin Mukhtar Ambekari,2022-23,3,Chegg,CSE,Female,Non-IT
1627,CSE,Female,2884,Non-IT,Subject Matter Expert,Bhagyashree Kedar Patil,2022-23,3,Chegg,CSE,Female,Non-IT
1628,CSE,Female,2891,Non-IT,Subject Matter Expert,Pallavi Padmakar Patil,2022-23,3,Chegg,CSE,Female,Non-IT
1629,CSE,Female,2897,Non-IT,Subject Matter Expert,Shraddha Shankar Swami,2022-23,3,Chegg,CSE,Female,Non-IT
1630,CSE,Female,2902,Non-IT,Subject Matter Expert,Manasi Bharat Mandlik,2022-23,3,Chegg,CSE,Female,Non-IT
1631,CSE,Female,2904,Non-IT,Subject Matter Expert,Gayatri Maruti Patole,2022-23,3,Chegg,CSE,Female,Non-IT
1632,CSE,Female,2911,Non-IT,Subject Matter Expert,Sakshi Swapnil Shaha,2022-23,3,Chegg,CSE,Female,Non-IT
1633,CSE,Female,2926,Non-IT,Subject Matter Expert,Smita Shamrao Patil,2022-23,3,Chegg,CSE,Female,Non-IT
1634,CSE,Female,2927,Non-IT,Subject Matter Expert,Poonam Kartik Mali,2022-23,3,Chegg,CSE,Female,Non-IT
1635,CSE,Female,2935,Non-IT,Subject Matter Expert,Sakshi Sanjay Pujari,2022-23,3,Chegg,CSE,Female,Non-IT
1636,CSE,Female,2946,Non-IT,Subject Matter Expert,PRAJAKTA PRAKASH PATIL,2022-23,3,Chegg,CSE,Female,Non-IT
1637,CSE,Female,2948,Non-IT,Subject Matter Expert,Gayatri Shivaji Salokhe,2022-23,3,Chegg,CSE,Female,Non-IT
1638,CSE,Female,2951,Non-IT,Subject Matter Expert,Smita Prakash Patil,2022-23,3,Chegg,CSE,Female,Non-IT
1639,CSE,Female,2952,Non-IT,Subject Matter Expert,Sakshi Shahaji Patil,2022-23,3,Chegg,CSE,Female,Non-IT
1640,CSE,Female,2964,Non-IT,Subject Matter Expert,Kalyani sampat bhamtekar,2022-23,3,Chegg,CSE,Female,Non-IT
1641,CSE,Female,2969,Non-IT,Subject Matter Expert,Tejaswini Lalasaheb Salunkhe,2022-23,3,Chegg,CSE,Female,Non-IT
1642,CSE,Female,2970,Non-IT,Subject Matter Expert,Snehal Ajit Patil,2022-23,3,Chegg,CSE,Female,Non-IT
1643,CSE,Female,2971,Non-IT,Subject Matter Expert,Supriya Ishwar Koli,2022-23,3,Chegg,CSE,Female,Non-IT
1644,CSE,Female,2976,Non-IT,Subject Matter Expert,Mayuri Mahadev Jadhav,2022-23,3,Chegg,CSE,Female,Non-IT
1645,CSE,Female,2981,Non-IT,Subject Matter Expert,Bhagyashri Tanaji Patil,2022-23,3,Chegg,CSE,Female,Non-IT
1646,CSE,Female,2986,Non-IT,Subject Matter Expert,Kalyani sampat bhamtekar,2022-23,3,Chegg,CSE,Female,Non-IT
1647,CSE,Female,2987,Non-IT,Subject Matter Expert,Pranali Goraksh Kale,2022-23,3,Chegg,CSE,Female,Non-IT
1648,CSE,Female,2988,Non-IT,Subject Matter Expert,Vrushali Prashant Sangar,2022-23,3,Chegg,CSE,Female,Non-IT
1649,CSE,Female,2989,Non-IT,Subject Matter Expert,Smita Prakash Patil,2022-23,3,Chegg,CSE,Female,Non-IT
1650,CSE,Female,2990,Non-IT,Subject Matter Expert,Shivani Dhanaji Farakate,2022-23,3,Chegg,CSE,Female,Non-IT
1651,CSE,Female,2996,Non-IT,Subject Matter Expert,Smita Shamrao Patil,2022-23,3,Chegg,CSE,Female,Non-IT
1652,CSE,Female,3001,Non-IT,Subject Matter Expert,Pratiksha Dinkar Khandekar,2022-23,3,Chegg,CSE,Female,Non-IT
1653,CSE,Female,3005,Non-IT,Subject Matter Expert,Harsha Deepak Shinde,2022-23,3,Chegg,CSE,Female,Non-IT
1654,CSE,Female,3006,IT,System Engineer,Tanaya Jadhav,2022-23,7,Tata Consultancy Services,CSE,Female,IT
1655,CSE,Female,3007,IT,System Engineer,Chaitanya Anand Joshi,2022-23,3.36,Tata Consultancy Services,CSE,Female,IT
1656,CSE,Female,3008,IT,System Engineer,Disha Dinesh Malgavi,2022-23,3.36,Tata Consultancy Services,CSE,Female,IT
1657,CSE,Female,3030,IT,Software Engineer,Mansi Deepak kamble,2022-23,3,ExcelR,CSE,Female,IT
1658,CSE,Female,3032,IT,Software Engineer,Poonam Gundaji Khatkale,2022-23,3,ExcelR,CSE,Female,IT
1659,CSE,Female,3033,IT,Software Engineer,Krupa Manik Gandhi,2022-23,3,ExcelR,CSE,Female,IT
1660,CSE,Female,3035,IT,Software Engineer,Avantika Pramod Patil,2022-23,3,ExcelR,CSE,Female,IT
1661,CSE,Female,3036,IT,Software Engineer,Anushri Sharanbasappa Vhanmane,2022-23,3,ExcelR,CSE,Female,IT
1662,CSE,Female,3037,IT,Software Engineer,Anusha Sharad Shinde,2022-23,3,ExcelR,CSE,Female,IT
1663,CSE,Female,3039,IT,Software Engineer,Vaishnavi Prashant Ghatage,2022-23,3,ExcelR,CSE,Female,IT
1664,CSE,Female,3040,IT,Software Engineer,Rhunali Dhanaji Desai,2022-23,3.5,T-Cognition,CSE,Female,IT
1665,CSE,Female,3043,IT,Software Engineer,Komal Rajendra Yadav,2022-23,3.1,Atos global,CSE,Female,IT
1666,CSE,Female,3044,IT,Software Engineer,Shivani Ramesh Maskar,2022-23,3.1,Atos global,CSE,Female,IT
1667,CSE,Female,3046,IT,Software Engineer,Pratiksha Dinkar Khandekar,2022-23,3.1,Atos global,CSE,Female,IT
1668,CSE,Female,3047,IT,Software Engineer,Vaishnavi Nitin Saudagar,2022-23,3.1,Atos global,CSE,Female,IT
1669,CSE,Female,3052,IT,Software Tester,Sakshi Pujari,2022-23,4,Cyber Success,CSE,Female,IT
1670,CSE,Female,3053,IT,Software Tester,Mansi Kamble,2022-23,4,Cyber Success,CSE,Female,IT
1671,CSE,Female,3054,IT,Software Tester,Avantika Patil,2022-23,4,Cyber Success,CSE,Female,IT
1672,CSE,Female,3055,IT,Java Developer,Kajal Bhamtekar,2022-23,4,Cyber Success,CSE,Female,IT
1673,CSE,Female,3061,IT,Business DC,Anusha Sharad Shinde,2022-23,6.5,Planet Spark,CSE,Female,IT
1674,CSE,Female,3062,IT,Business DC,PREETI AVINASH JADHAV,2022-23,6.5,Planet Spark,CSE,Female,IT
1675,CSE,Female,3101,IT,Automation Tester,Purnashree Prakash Buddhe,2022-23,2.75,QualityKiosk,CSE,Female,IT
1676,CSE,Female,3116,IT,Trainee Engineer,Gauri Rajendra Kate,2022-23,2.5,DataMoto,CSE,Female,IT
1677,CSE,Female,3117,IT,Trainee Engineer,sweta suryakant kadam,2022-23,3.5,Kiran Academy,CSE,Female,IT
1678,CSE,Female,3118,IT,Trainee Engineer,Smita Shamrao Patil,2022-23,3.5,Kiran Academy,CSE,Female,IT
1679,CSE,Female,3126,IT,Trainee Engineer,Supriya Ishwar Koli,2022-23,2.4,Akron Systems,CSE,Female,IT
1680,CSE,Female,3138,Non-IT,Business Development Associate,Anusha Sharad Shinde,2022-23,7,BYJU's,CSE,Female,Non-IT
1681,CSE,Female,3139,Non-IT,Business Development Associate,Hrutika Vijay Patole,2022-23,7,BYJU's,CSE,Female,Non-IT
1682,CSE,Female,3140,Non-IT,Business Development Associate,Maithili Mansing Patil,2022-23,7,BYJU's,CSE,Female,Non-IT
1683,CSE,Female,3141,Non-IT,Business Development Associate,Pranali Vikas Patil,2022-23,7,BYJU's,CSE,Female,Non-IT
1684,CSE,Female,3143,Non-IT,Business Development Associate,Shraddha Shankar Swami,2022-23,7,BYJU's,CSE,Female,Non-IT
1685,CSE,Female,3144,Non-IT,Business Development Associate,Supriya Ishwar Koli,2022-23,7,BYJU's,CSE,Female,Non-IT
1686,CSE,Female,3151,Non-IT,Business Development Associate, Shreya Vinodkumar Wankhade,2022-23,7,BYJU's,CSE,Female,Non-IT
1687,CSE,Female,3202,IT,GET,Rutuja Yuvraj Patil,2023-24,6,CtrlS,CSE,Female,IT
1688,CSE,Female,3205,IT,GET,Shruti Ramesh Gujar,2023-24,6,CtrlS,CSE,Female,IT
1689,CSE,Female,3206,IT,GET,Snehal Ravindra Chikane,2023-24,6,CtrlS,CSE,Female,IT
1690,CSE,Female,3207,IT,GET,Tanvi Vinodkumar Chavan,2023-24,6,CtrlS,CSE,Female,IT
1691,CSE,Female,3219,IT,GET,Rutuja Bapurao Yadav,2023-24,3.5,TechMahindra,CSE,Female,IT
1692,CSE,Female,3224,IT,GET,Vaishnavi Amit Patil,2023-24,3.5,TechMahindra,CSE,Female,IT
1693,CSE,Female,3235,IT,GET,Aditi Jaydeep Shelke,2023-24,4,Hexaware,CSE,Female,IT
1694,CSE,Female,3237,IT,GET,Apeksha Ashok Jangam,2023-24,4,Hexaware,CSE,Female,IT
1695,CSE,Female,3238,IT,GET,Mrunalinee Mansinghrao Desai,2023-24,4,Hexaware,CSE,Female,IT
1696,CSE,Female,3240,IT,GET,Riya Riyaz Pathan,2023-24,4,Hexaware,CSE,Female,IT
1697,CSE,Female,3243,IT,GET,Sanika Sandip Patil,2023-24,4,Hexaware,CSE,Female,IT
1698,CSE,Female,3246,IT,GET,Smita Surendra Patil,2023-24,4,Hexaware,CSE,Female,IT
1699,CSE,Female,3254,IT,Software Developer,Savani Vivek Limbekar,2023-24,7.8,Dassault Systems,CSE,Female,IT
1700,CSE,Female,3255,IT,Software Developer,Shreya Sunil Redekar,2023-24,7.8,Dassault Systems,CSE,Female,IT
1701,CSE,Female,3306,IT,Subject Matter Expert,Akshata Ananda Chougale,2023-24,3,Chegg India,CSE,Female,IT
1702,CSE,Female,3309,IT,Subject Matter Expert,Diya Dipak Shetty,2023-24,3,Chegg India,CSE,Female,IT
1703,CSE,Female,3310,IT,Subject Matter Expert,Janhavi Sunil Sakate,2023-24,3,Chegg India,CSE,Female,IT
1704,CSE,Female,3311,IT,Subject Matter Expert,Madhura Suhas Mokashi,2023-24,3,Chegg India,CSE,Female,IT
1705,CSE,Female,3312,IT,Subject Matter Expert,Manasi Udayraj Patil,2023-24,3,Chegg India,CSE,Female,IT
1706,CSE,Female,3313,IT,Subject Matter Expert,Mitali Krushnat Pai,2023-24,3,Chegg India,CSE,Female,IT
1707,CSE,Female,3314,IT,Subject Matter Expert,Mohini Vivekanand Bhojkar,2023-24,3,Chegg India,CSE,Female,IT
1708,CSE,Female,3315,IT,Subject Matter Expert,Namita Milind Kerlekar,2023-24,3,Chegg India,CSE,Female,IT
1709,CSE,Female,3318,IT,Subject Matter Expert,Prajakta Satish Patil,2023-24,3,Chegg India,CSE,Female,IT
1710,CSE,Female,3319,IT,Subject Matter Expert,Pratiksha Nagnath Bhalke,2023-24,3,Chegg India,CSE,Female,IT
1711,CSE,Female,3321,IT,Subject Matter Expert,Rasika Rajkumar Yadav,2023-24,3,Chegg India,CSE,Female,IT
1712,CSE,Female,3322,IT,Subject Matter Expert,Rutuja Yuvraj Patil,2023-24,3,Chegg India,CSE,Female,IT
1713,CSE,Female,3323,IT,Subject Matter Expert,Sai Sanjay Khurd,2023-24,3,Chegg India,CSE,Female,IT
1714,CSE,Female,3324,IT,Subject Matter Expert,Sakshi Ranjit Shenavi,2023-24,3,Chegg India,CSE,Female,IT
1715,CSE,Female,3325,IT,Subject Matter Expert,Sakshi Sachin Shah,2023-24,3,Chegg India,CSE,Female,IT
1716,CSE,Female,3326,IT,Subject Matter Expert,Sakshi Sanjay Karajgar,2023-24,3,Chegg India,CSE,Female,IT
1717,CSE,Female,3327,IT,Subject Matter Expert,Sakshi Sanjay Potdar,2023-24,3,Chegg India,CSE,Female,IT
1718,CSE,Female,3330,IT,Subject Matter Expert,Sayali Kiran Patil,2023-24,3,Chegg India,CSE,Female,IT
1719,CSE,Female,3430,IT,Trainee Engineer, Shreya Uttam Patil,2023-24,4,Cyber Success,CSE,Female,IT
1720,CSE,Female,3431,IT,Trainee Engineer,Anushka Shrikant Patil,2023-24,4,Cyber Success,CSE,Female,IT
1721,CSE,Female,3471,IT,Automation Engineer,Sayali Kiran Patil,2023-24,5,Quality Kiosk,CSE,Female,IT
1722,CSE,Female,3475,IT,Trainee Engineer,Harshada Hitendra Kolhapure,2023-24,3,DevAngles Software Pvt Ltd.,CSE,Female,IT
1723,CSE,Female,3484,IT,Digital Marketing, Misbah Munir Momin,2023-24,3,"Numetry Technologies, Pune",CSE,Female,IT
1724,CSE,Female,3485,IT,Trainee Engineer,Akshata Ananda Chougale,2023-24,3,Pentagon Space Pvt Ltd,CSE,Female,IT
1725,CSE,Female,3486,IT,Trainee Engineer, Misbah Munir Momin,2023-24,3,Pentagon Space Pvt Ltd,CSE,Female,IT
1726,CSE,Female,3490,IT,Trainee Engineer, Apurva Dhananjay Nalawade,2023-24,3,Pentagon Space Pvt Ltd,CSE,Female,IT
1727,CSE,Female,3491,IT,Trainee Engineer,Janhavi Rajendra Sawant,2023-24,3,Pentagon Space Pvt Ltd,CSE,Female,IT
1728,CSE,Female,3498,IT,Trainee Engineer, Snehal Shantaram Shinde,2023-24,3,Qspider,CSE,Female,IT
1729,CSE,Female,3503,IT,Trainee Engineer,Mitali Krushnat Pai,2023-24,3,Qspider,CSE,Female,IT
1730,CSE,Female,3511,IT,Trainee Engineer,Ashwini Ashok Chaugule,2023-24,3,Qspider,CSE,Female,IT
1731,CSE,Female,3517,Non-IT,Management Trainee,Janhavi Sunil Sakate,2023-24,3,BVG Group,CSE,Female,Non-IT
1732,CSE,Female,3531,IT,Project Engineer,Amruta Mahipati Sathe,2023-24,3.25,Tech Mahindra,CSE,Female,IT
1733,CSE,Female,3532,IT,Project Engineer,Harshada Ashok Patil,2023-24,3.25,Tech Mahindra,CSE,Female,IT
1734,CSE,Female,3536,IT,Project Engineer,Rasika Rajkumar Yadav,2023-24,3.25,Tech Mahindra,CSE,Female,IT
1735,CSE,Female,3538,IT,Project Engineer,Shrushti Amar Ghatge,2023-24,3.25,Tech Mahindra,CSE,Female,IT
1736,CSE,Female,3540,IT,Project Engineer,Snehal Sambhaji Patil,2023-24,3.25,Tech Mahindra,CSE,Female,IT
1737,CSE,Female,3550,IT,Software Engineer,Shravani Chougule,2023-24,4.42,Persistent,CSE,Female,IT
1738,CSE,Female,3551,IT,Software Engineer,Ashwini Gundala,2023-24,4.42,Persistent,CSE,Female,IT
1739,CSE,Female,3552,IT,Software Engineer,Prerana Kumbhar,2023-24,4.42,Persistent,CSE,Female,IT
1740,CSE,Female,3553,IT,Software Engineer,Sakshi Potdar,2023-24,4.42,Persistent,CSE,Female,IT
1741,CSE,Female,3557,IT,Trainee Engineer,Sakshi Adhav,2023-24,3,Kiran Academy,CSE,Female,IT
1742,CSE,Female,3562,IT,Trainee Programmer,Mitali Pai,2023-24,3,EScan,CSE,Female,IT
1743,CSE,Female,3576,IT,Software Engineer,Madhura Suhas Mokashi,2023-24,4,EXCELR Solutions,CSE,Female,IT
1744,CSE,Female,3588,IT,Software Engineer,Sakshi Potdar,2023-24,7,Tata Consultancy Service,CSE,Female,IT
1745,CSE,Female,3606,IT,Trainee Engineer,Saloni Mahavir Magdum,2023-24,3,"Technolearn,Pune",CSE,Female,IT
1746,CSE,Female,3607,IT,Trainee Engineer, Shreya Keshav Patil,2023-24,3,"Technolearn,Pune",CSE,Female,IT
1747,CSE,Female,3629,Non-IT,Business Development Associate,Mohini Vivekanand Bhojkar,2023-24,6.5,Corizo,CSE,Female,Non-IT
1748,CSE,Female,3630,Non-IT,Business Development Associate,Arya Makrand Kulkarni,2023-24,6.5,Corizo,CSE,Female,Non-IT
1749,CSE,Female,3650,IT,Ninja,Smita Surendra Patil,2023-24,3.38,TCS,CSE,Female,IT
1750,CSE,Female,3678,Non-IT,BDA,Abhilasha Arjun Patil,2023-24,6,Edustation,CSE,Female,Non-IT
1751,CSE,Female,3684,Non-IT,BDA,Roshani Shatrunjay Magdum,2023-24,6,Edustation,CSE,Female,Non-IT
1752,CSE,Female,3686,Non-IT,BDA,Saloni Mahavir Magdum,2023-24,6,Edustation,CSE,Female,Non-IT
1753,CSE,Female,3693,IT,Trainee Engineer,Roshani Shatrunjay Magdum,2023-24,3,"Altus Health Tech, Mumbai",CSE,Female,IT
1754,CSE,Female,3694,IT,Trainee Engineer,Saloni Mahavir Magdum,2023-24,3,"Altus Health Tech, Mumbai",CSE,Female,IT
1755,CSE,Female,3706,IT,Trainee Engineer,Bhakti Umesh Bandhavadekar,2024-25,3.5,Global Quest Technologies,CSE,Female,IT
1756,CSE,Female,3707,IT,Trainee Engineer,Nayan Chandrakanat Tambave,2024-25,3.5,Global Quest Technologies,CSE,Female,IT
1757,CSE,Female,3708,IT,Trainee Engineer,Nikita Ashruba Gite,2024-25,3.5,Global Quest Technologies,CSE,Female,IT
1758,CSE,Female,3712,IT,Trainee Engineer,Rutuja Jitendra Choudhari,2024-25,3.5,Global Quest Technologies,CSE,Female,IT
1759,CSE,Female,3718,IT,Trainee Engineer,Siddhi Dheeraj Randive,2024-25,3.5,Global Quest Technologies,CSE,Female,IT
1760,CSE,Female,3728,IT,Trainee Engineer,Dhanashri Shrirang Dhekale,2024-25,3.5,Numetry Technologies,CSE,Female,IT
1761,CSE,Female,3730,IT,Trainee Engineer,Kashish Kiran Jadhav,2024-25,3.5,Numetry Technologies,CSE,Female,IT
1762,CSE,Female,3734,IT,Trainee Engineer,Siddhi Vishal Raut,2024-25,3.5,Numetry Technologies,CSE,Female,IT
1763,CSE,Female,3737,IT,Trainee Engineer,Vasundhara Rajendra Laykar,2024-25,3.5,Numetry Technologies,CSE,Female,IT
1764,CSE,Female,3739,IT,Trainee Engineer,Aarya Sandip Patil,2024-25,3.5,QSpiders,CSE,Female,IT
1765,CSE,Female,3750,IT,Trainee Engineer,Arya Ajit Kulkarni,2024-25,3.5,QSpiders,CSE,Female,IT
1766,CSE,Female,3755,IT,Trainee Engineer,Chetana Sachin More,2024-25,3.5,QSpiders,CSE,Female,IT
1767,CSE,Female,3773,IT,Trainee Engineer,Sakshi Balaso Patil,2024-25,3.5,QSpiders,CSE,Female,IT
1768,CSE,Female,3778,IT,Trainee Engineer,Siddhi Pravin Awasare,2024-25,3.5,QSpiders,CSE,Female,IT
1769,CSE,Female,3779,IT,Trainee Engineer,Sneha Sanjay Pawar,2024-25,3.5,QSpiders,CSE,Female,IT
1770,CSE,Female,3786,IT,Trainee Engineer,Vedantika Kumar Desawale,2024-25,3.5,QSpiders,CSE,Female,IT
1771,CSE,Female,3790,IT,Software Engineer,Aarya Ajay Khedekar,2024-25,4,Hexaware Technologies Pvt. Ltd.,CSE,Female,IT
1772,CSE,Female,3797,IT,Software Engineer,Arya Ajit Kulkarni,2024-25,4,Hexaware Technologies Pvt. Ltd.,CSE,Female,IT
1773,CSE,Female,3803,IT,Software Engineer,Bhakti Umesh Bandhavadekar,2024-25,4,Hexaware Technologies Pvt. Ltd.,CSE,Female,IT
1774,CSE,Female,3806,IT,Software Engineer,Effat Faruk Mujawar,2024-25,4,Hexaware Technologies Pvt. Ltd.,CSE,Female,IT
1775,CSE,Female,3811,IT,Software Engineer,Kashish Kiran Jadhav,2024-25,4,Hexaware Technologies Pvt. Ltd.,CSE,Female,IT
1776,CSE,Female,3819,IT,Software Engineer,Sai Harshal Jog,2024-25,4,Hexaware Technologies Pvt. Ltd.,CSE,Female,IT
1777,CSE,Female,3820,IT,Software Engineer,Sakshi Dhananjay Mane,2024-25,4,Hexaware Technologies Pvt. Ltd.,CSE,Female,IT
1778,CSE,Female,3821,IT,Software Engineer,Sakshi Shivaji Jadhav,2024-25,4,Hexaware Technologies Pvt. Ltd.,CSE,Female,IT
1779,CSE,Female,3822,IT,Software Engineer,Sakshi Vilas Kadam,2024-25,4,Hexaware Technologies Pvt. Ltd.,CSE,Female,IT
1780,CSE,Female,3824,IT,Software Engineer,Samruddhi Kiran Patil,2024-25,4,Hexaware Technologies Pvt. Ltd.,CSE,Female,IT
1781,CSE,Female,3830,IT,Software Engineer,Shravani Sambhaji Shinde,2024-25,4,Hexaware Technologies Pvt. Ltd.,CSE,Female,IT
1782,CSE,Female,3836,IT,Software Engineer,Shweta Appasaheb Jadhav,2024-25,4,Hexaware Technologies Pvt. Ltd.,CSE,Female,IT
1783,CSE,Female,3840,IT,Software Engineer,Sneha Sanjay Pawar,2024-25,4,Hexaware Technologies Pvt. Ltd.,CSE,Female,IT
1784,CSE,Female,3849,IT,Software Engineer,Vasundhara Rajendra Laykar,2024-25,4,Hexaware Technologies Pvt. Ltd.,CSE,Female,IT
1785,CSE,Female,3851,IT,Software Engineer,Vedantika Kumar Desawale,2024-25,4,Hexaware Technologies Pvt. Ltd.,CSE,Female,IT
1786,CSE,Female,3871,IT,Trainee Engineer,Priti Madhukar Gaikwad,2024-25,4,Pentagon,CSE,Female,IT
1787,CSE,Female,3885,IT,Project Trainee,Kashish Kiran Jadhav,2024-25,3.25,TechMahindra,CSE,Female,IT
1788,CSE,Female,3886,IT,Project Trainee,Kusum Sudhir Lohar,2024-25,3.25,TechMahindra,CSE,Female,IT
1789,CSE,Female,3889,IT,Project Trainee,Sakshi Balaso Patil,2024-25,3.25,TechMahindra,CSE,Female,IT
1790,CSE,Female,3891,IT,Project Trainee,Sneha Sanjay Pawar,2024-25,3.25,TechMahindra,CSE,Female,IT
1791,CSE,Female,3901,IT,Trainee Engineer,Shruti Pandurang Ugale,2024-25,2.4,DevAngles,CSE,Female,IT
1792,CSE,Female,3909,IT,Project Engineer,Sakshi Pise,2024-25,21,JusPay,CSE,Female,IT
1793,CSE,Female,3915,IT,Software Engineer Trainee,Kusum Sudhir Lohar,2024-25,4,ApMoSys Technologies Pvt. Ltd.,CSE,Female,IT
1794,CSE,Female,3916,IT,Software Engineer Trainee,Maithili Sanjaykumar Ghatage,2024-25,4,ApMoSys Technologies Pvt. Ltd.,CSE,Female,IT
1795,CSE,Female,3918,IT,Software Engineer Trainee,Rasika Bhikaji Vadangekar,2024-25,6,ApMoSys Technologies Pvt. Ltd.,CSE,Female,IT
1796,CSE,Female,3933,IT,Functional Engineer,Sakshi Vikrant Pise,2024-25,2.5,Qualitykiosk Technologies Pvt Ltd,CSE,Female,IT
1797,CSE,Female,3944,IT,Trainee Engineer,Sai Madhukar Patil,2024-25,3.6,Sahas Labs,CSE,Female,IT
1798,CSE,Female,3952,IT,Technical Sales,Rahel Gangaram Palakhe,2024-25,3.5,Dialogues Media,CSE,Female,IT
1799,CSE,Female,3953,IT,Web Development,Nayan Chandrakanat Tambave,2024-25,3.5,Dialogues Media,CSE,Female,IT
1800,CSE,Female,3961,IT,Java/Full stack UI Angular Developer,Dhanashri Shrirang Dhekale,2024-25,5,Vision Waves,CSE,Female,IT
1801,CSE,Female,3963,IT,Java/Full stack UI Angular Developer,Mansi Shashikant Shivade,2024-25,5,Vision Waves,CSE,Female,IT
1802,CSE,Female,4001,IT,Software Engineer,Nikita Ashruba Gite,2024-25,4.2,Infosys,CSE,Female,IT
1803,CSE,Female,4002,IT,Software Engineer,Rutuja Mahadev Hattikote,2024-25,4.2,Infosys,CSE,Female,IT
1804,CSE,Female,4007,IT,Software Engineer,Sakshi Shivaji Jadhav,2024-25,4.2,Infosys,CSE,Female,IT
1805,CSE,Female,4008,IT,Software Engineer,Sakshi Balaso Patil,2024-25,4.2,Infosys,CSE,Female,IT
1806,CSE,Female,4023,IT,Trainee Engineer,Aditi Atul Mirajkar,2024-25,1.8,Alta Futuris Solutions,CSE,Female,IT
1807,CSE,Female,4035,IT,Trainee Engineer,Sakshi Sangram Kopardekar,2024-25,3,Enzigma Solutions LLP,CSE,Female,IT
1808,CSE,Female,4036,IT,Trainee Engineer,Kamakshi Sangameshwar Jamage,2024-25,3,Enzigma Solutions LLP,CSE,Female,IT
1809,CSE,Female,4038,IT,Trainee Engineer,Rutuja Jitendra Choudhari,2024-25,3, Betwob Infoserv Pvt Ltd,CSE,Female,IT
1810,CSE,Female,4066,IT,FULL STACK DEVELOPER,Shivai Ravtale,2024-25,4,ExcelR,CSE,Female,IT
1811,CSE,Female,4067,IT,FULL STACK DEVELOPER,Kajal Mali,2024-25,4,ExcelR,CSE,Female,IT
1812,CSE,Female,4068,IT,FULL STACK DEVELOPER,Shruti Ugale,2024-25,4,ExcelR,CSE,Female,IT
1813,CSE,Female,4069,IT,FULL STACK DEVELOPER,Tejaswini Bharade,2024-25,4,ExcelR,CSE,Female,IT
1814,CSE,Female,4122,IT,GET,Rutuja Jitendra Choudhari,2024-25,4,Cognizant,CSE,Female,IT
1815,CSE,Female,4124,IT,GET,Sakshi Balaso Patil,2024-25,6,Sopra steria,CSE,Female,IT
1816,CSE,Female,4128,IT,Programmer Analyst,Tejaswini Bajirao Bharade,2024-25,4,Cognizant,CSE,Female,IT
1817,CSE,Female,4131,IT,ProgrammerAnalyst,Neeta Mahantesh Kole,2024-25,4,Cognizent,CSE,Female,IT
1818,CSE,Female,4137,IT,Programmer Analyst,Sakshi Balaso Patil,2024-25,4,Cognizant,CSE,Female,IT
1819,CSE,Female,4143,IT,Software Engineer,Devayani Dagadu Shenavi,2024-25,3.35,TCS,CSE,Female,IT
1820,CSE,Female,4178,IT,Software Engineer Trainee,Samruddhi Patil,2025-26,4,Hexaware Technologies,CSE,Female,IT
1821,CSE,Female,4192,IT,Full Stack,Shubhda Vijay Katkar,2025-26,3.5,ExcelR,CSE,Female,IT
1822,CSE,Female,4200,IT,Web Developer,Indraja Patil,2025-26,3,Walstar Technologies Pvt. Ltd,CSE,Female,IT
1823,CSE,Female,4201,IT,Web Developer,Apurva Sudhir Jadhav,2025-26,3,Walstar Technologies Pvt. Ltd,CSE,Female,IT
1824,CSE,Female,4202,IT,React Developer,Yash Sanjyot Ainapure,2025-26,3,Walstar Technologies Pvt. Ltd,CSE,Female,IT
1825,CSE,Female,4209,IT,Trainee Engineer,Ganesh Ramchandra Byagalli,2025-26,3,Walstar Technologies Pvt. Ltd,CSE,Female,IT
1826,CSE,Female,4215,IT,Trainee Engineer,Rucha Ranjit Chavan,2025-26,3,Walstar Technologies Pvt. Ltd,CSE,Female,IT
1827,CSE,Female,4216,IT,Trainee Engineer,Sakshi Patil,2025-26,3,Walstar Technologies Pvt. Ltd,CSE,Female,IT
1828,CSE,Female,4217,IT,Trainee Engineer,Shravani Uday Patil,2025-26,3,Walstar Technologies Pvt. Ltd,CSE,Female,IT
1829,CSE,Female,4218,IT,Trainee Engineer,Tanvi Pravin Patil,2025-26,3,Walstar Technologies Pvt. Ltd,CSE,Female,IT
1830,CSE,Female,4224,IT,Trainee Engineer,Sejal Navale,2025-26,3.5,Cyber Success,CSE,Female,IT
1831,CSE,Female,4225,IT,Trainee Engineer,Diksha Manjunath Sambrekar,2025-26,3.5,Cyber Success,CSE,Female,IT
1832,CSE,Female,4226,IT,Trainee Engineer,Anushka Vikramsingh Patil,2025-26,3.5,Cyber Success,CSE,Female,IT
1833,CSE,Female,4227,IT,Trainee Engineer,Prajakta Dipak Kadam,2025-26,3.5,Cyber Success,CSE,Female,IT
1834,CSE,Female,4229,IT,Trainee Engineer,Soundrya Dipak Patil,2025-26,3.5,Cyber Success,CSE,Female,IT
1835,CSE,Female,4242,IT,System Engineer,Afiyah Asif Modak,2025-26,3.6,Infosys,CSE,Female,IT
1836,CSE,Female,4245,IT,System Engineer,Diksha Manjunath Sambrekar,2025-26,3.6,Infosys,CSE,Female,IT
1837,CSE,Female,4246,IT,System Engineer,Gayatri Pramod Mungarwadi,2025-26,3.6,Infosys,CSE,Female,IT
1838,CSE,Female,4247,IT,System Engineer,Mrunal Bhosale,2025-26,3.6,Infosys,CSE,Female,IT
1839,CSE,Female,4250,IT,System Engineer,Sakshi Jitesh Malde,2025-26,3.6,Infosys,CSE,Female,IT
1840,CSE,Female,4251,IT,System Engineer,Sakshi Patil,2025-26,3.6,Infosys,CSE,Female,IT
1841,CSE,Female,4252,IT,System Engineer,Sanika Ashok Patil,2025-26,3.6,Infosys,CSE,Female,IT
1842,CSE,Female,4253,IT,System Engineer,Sanika Vijay Godase,2025-26,3.6,Infosys,CSE,Female,IT
1843,CSE,Female,4256,IT,System Engineer,Shravani Uday Patil,2025-26,3.6,Infosys,CSE,Female,IT
1844,CSE,Female,4257,IT,System Engineer,Sneha Gopalrao Jadhav,2025-26,3.6,Infosys,CSE,Female,IT
1845,CSE,Female,4258,IT,System Engineer,Tanvi Pravin Patil,2025-26,3.6,Infosys,CSE,Female,IT
1846,CSE,Female,4259,IT,System Engineer,Vaidehi Nilesh Jadhav,2025-26,3.6,Infosys,CSE,Female,IT
1847,CSE,Female,4260,IT,System Engineer,Vaishnavi Pandurang Bhosale,2025-26,3.6,Infosys,CSE,Female,IT
1848,CSE,Female,4265,Non-IT,Business Development Executive,Aditi Mahesh Zende,2025-26,7,Launched Global ,CSE,Female,Non-IT
1849,CSE,Female,4270,Non-IT,Business Development Executive,Anushka Vikramsingh Patil,2025-26,7,Launched Global ,CSE,Female,Non-IT
1850,CSE,Female,4271,Non-IT,Business Development Executive,Arya Manohar Hulwan,2025-26,7,Launched Global ,CSE,Female,Non-IT
1851,CSE,Female,4274,Non-IT,Business Development Executive,Diksha Ramesh Magdum,2025-26,7,Launched Global ,CSE,Female,Non-IT
1852,CSE,Female,4278,Non-IT,Business Development Executive,Shruti Suresh Surve,2025-26,7,Launched Global ,CSE,Female,Non-IT
1853,CSE,Female,4279,Non-IT,Business Development Executive,Shubhda Vijay Katkar,2025-26,7,Launched Global ,CSE,Female,Non-IT
1854,CSE,Female,4280,Non-IT,Business Development Executive,Shweta Panditrao Davari,2025-26,7,Launched Global ,CSE,Female,Non-IT
1855,CSE,Female,4281,Non-IT,Business Development Executive,Sneha Gopalrao Jadhav,2025-26,7,Launched Global ,CSE,Female,Non-IT
1856,CSE,Female,4282,Non-IT,Business Development Executive,Sneha Suryakant Powar,2025-26,7,Launched Global ,CSE,Female,Non-IT
1857,CSE,Female,4283,Non-IT,Business Development Executive,Swarangi Umesh Sawant,2025-26,7,Launched Global ,CSE,Female,Non-IT
1858,CSE,Female,4284,Non-IT,Business Development Executive,Tanishka Rajesh Dake,2025-26,7,Launched Global ,CSE,Female,Non-IT
1859,CSE,Female,4286,Non-IT,Business Development Executive,Vaidehi Nilesh Jadhav,2025-26,7,Launched Global ,CSE,Female,Non-IT
1860,CSE,Female,4287,Non-IT,Business Development Executive,Vaishnavi Pandurang Bhosale,2025-26,7,Launched Global ,CSE,Female,Non-IT
1861,CSE,Female,4289,Non-IT,Business Development Executive,Indraja Patil,2025-26,7,Launched Global ,CSE,Female,Non-IT
1862,CSE,Female,4292,Non-IT,Business Development Executive,Nakshatra Koustubh Ghorpade,2025-26,7,Launched Global ,CSE,Female,Non-IT
1863,CSE,Female,4294,Non-IT,Business Development Executive,Neha Nitin Dalal,2025-26,7,Launched Global ,CSE,Female,Non-IT
1864,CSE,Female,4311,Non-IT,Business Development Executive,Rucha Ranjit Chavan,2025-26,7,Launched Global ,CSE,Female,Non-IT
1865,CSE,Female,4314,Non-IT,Business Development Executive,Samiksha Shankar Magdum,2025-26,7,Launched Global ,CSE,Female,Non-IT
1866,CSE,Female,4315,Non-IT,Business Development Executive,Samruddhi Deepak Mithari,2025-26,7,Launched Global ,CSE,Female,Non-IT
1867,CSE,Female,4371,Non-IT,Business Development Associate,Aditi Deepaksinh Patil,2025-26,6,Unlox Academy,CSE,Female,Non-IT
1868,CSE,Female,4372,Non-IT,Business Development Associate,Aditi Mahesh Zende,2025-26,6,Unlox Academy,CSE,Female,Non-IT
1869,CSE,Female,4374,Non-IT,Business Development Associate,Anushka Patil,2025-26,6,Unlox Academy,CSE,Female,Non-IT
1870,CSE,Female,4377,Non-IT,Business Development Associate,Mrunal Bhosale,2025-26,6,Unlox Academy,CSE,Female,Non-IT
1871,CSE,Female,4378,Non-IT,Business Development Associate,Nandini Kuldeep Babar,2025-26,6,Unlox Academy,CSE,Female,Non-IT
1872,CSE,Female,4381,Non-IT,Business Development Associate,Sejal Navale,2025-26,6,Unlox Academy,CSE,Female,Non-IT
1873,CSE,Female,4382,Non-IT,Business Development Associate,Shravani Kumbhar,2025-26,6,Unlox Academy,CSE,Female,Non-IT
1874,CSE,Female,4383,Non-IT,Business Development Associate,Srujana Toukare,2025-26,6,Unlox Academy,CSE,Female,Non-IT
1875,CSE,Female,4384,Non-IT,Business Development Associate,Tanvi Pravin Patil,2025-26,6,Unlox Academy,CSE,Female,Non-IT
1876,CSE,Female,4417,IT,Software Engineer Trainee,Diksha Manjunath Sambrekar,2025-26,2.5,"Greamio Technolgies, Pune",CSE,Female,IT
1877,CSE,Female,4420,IT,Software Engineer Trainee,Sakshi Sachin Kalyankar,2025-26,2.5,"Greamio Technolgies, Pune",CSE,Female,IT
1878,CSE,Female,4446,Non-IT,Business Operations Intern,Samruddhi Sunil Shinde,2025-26,3.5,Corizo Edutech,CSE,Female,Non-IT
1879,CSE,Female,4473,IT,Software Engineer Trainee,Namrata Vyankatesh Daphale,2025-26,3,"Ekam Invento,Pune",CSE,Female,IT
1880,CSE,Female,4475,IT,Software Engineer Trainee,Anushka Vikramsingh Patil,2025-26,3,"Ekam Invento,Pune",CSE,Female,IT
1881,CSE,Female,4481,Intern,React,Saloni Navnath Phale,2025-26,2.5,Walstar Techologies,CSE,Female,Intern
1882,CSE,Female,4492,Intern,Software Engineer Trainee,Jaee Sanjay Shelar,2025-26,4,TestYantra Software Solutions,CSE,Female,Intern
1883,CSE,Female,4496,Intern,Software Engineer Trainee,Shamal Suryakant Gaykwad,2025-26,4,TestYantra Software Solutions,CSE,Female,Intern
1884,CSE,Female,4503,Intern,Software Engineer Trainee,Sejal Navale,2025-26,4,TestYantra Software Solutions,CSE,Female,Intern
1885,CSE,Female,4508,Non-IT,BDE,Swarangi Umesh Sawant,2025-26,8,"Edu Versity,Banglore",CSE,Female,Non-IT
1886,CSE,Female,4509,Non-IT,BDE,Sakshi Sanjay Patil,2025-26,8,"Edu Versity,Banglore",CSE,Female,Non-IT
1887,CSE,Female,4513,Non-IT,BDE,Sakshi Patil,2025-26,8,"Edu Versity,Banglore",CSE,Female,Non-IT
1888,CSE,Female,4548,IT,Software Engineer Trainee,Arya Manohar Hulwan,2025-26,2.5,ApMoSys Techologies,CSE,Female,IT
1889,CSE,Female,4574,IT,Software Engineer,Aditi Deepaksinh Patil,2025-26,8.5,Hewlett Packard (HP),CSE,Female,IT
1890,CSE,Female,4592,Non-IT,Inside Sales Executive,Diksha Ramesh Magdum,2025-26,7.2,GlowLogics Solutions Pvt Ltd,CSE,Female,Non-IT
1891,CSE,Female,4625,IT,Trainee Engineer,Samrudhhi Dipak Mithari,2025-26,3.5,Dhee Coding Club,CSE,Female,IT
1892,CSE,Male,13,IT,CRM,Ninad Shinde,2016-17,8.8,Amazon India,CSE,Male,IT
1893,CSE,Male,21,IT,Trainee Engineer,Shreyas Shirolkar,2016-17,2.4,CMS IT Services,CSE,Male,IT
1894,CSE,Male,24,IT,Trainee Engineer,Nayan Komejwar,2016-17,2.4,CMS IT Services,CSE,Male,IT
1895,CSE,Male,26,IT,Trainee Engineer,Pratik,2016-17,2.4,CMS IT Services,CSE,Male,IT
1896,CSE,Male,85,IT,Trainee Engineer,Preshit Shah,2017-18,2.1,"ACS International Resources, Inc.",CSE,Male,IT
1897,CSE,Male,86,IT,Trainee Engineer,Lekhraj Panjwani,2017-18,2.1,"ACS International Resources, Inc.",CSE,Male,IT
1898,CSE,Male,87,IT,Trainee Engineer,Dhairyashil Patil,2017-18,2.1,"ACS International Resources, Inc.",CSE,Male,IT
1899,CSE,Male,88,IT,Trainee Engineer,Ameer Z Pathan,2017-18,3.5,"Avalara,Pune",CSE,Male,IT
1900,CSE,Male,95,IT,Software Engineer,Akshay Parale,2017-18,3.31,"KPIT,Pune",CSE,Male,IT
1901,CSE,Male,97,IT,Software Engineer,Patil Dhairyashil,2017-18,4,Network 18,CSE,Male,IT
1902,CSE,Male,99,IT,Software Engineer,Pathan Ameer Z.,2017-18,2.4,"QSPIDER ,Pune",CSE,Male,IT
1903,CSE,Male,100,IT,Software Engineer,Pingale Akshay A.,2017-18,2.4,"QSPIDER ,Pune",CSE,Male,IT
1904,CSE,Male,101,IT,Software Engineer,Pingale Akshay A.,2017-18,3.4,"Bitwise,Pune",CSE,Male,IT
1905,CSE,Male,102,IT,Software Engineer,Satpute Keshav T.,2017-18,2.4,"QSPIDER ,Pune",CSE,Male,IT
1906,CSE,Male,103,IT,Software Engineer,Patil Dhairyashil,2017-18,2.4,"QSPIDER ,Pune",CSE,Male,IT
1907,CSE,Male,112,IT,Software Engineer,Randive Aditya R.,2017-18,2.4,"QSPIDER ,Pune",CSE,Male,IT
1908,CSE,Male,113,IT,CRM,Keshav Satpute,2017-18,1.8,Amazon India,CSE,Male,IT
1909,CSE,Male,114,IT,Software Engineer,Vaibhav Solanke,2017-18,3.5,"Just Dial,Pune",CSE,Male,IT
1910,CSE,Male,115,IT,Software Engineer,Ruturaj Randive,2017-18,3.5,"Just Dial,Pune",CSE,Male,IT
1911,CSE,Male,325,IT,System Engineer,ShivrajPattanshetti,2018-19,3.5,"TCS, Pune",CSE,Male,IT
1912,CSE,Male,327,IT,System Engineer,Omkar Patil,2018-19,3.5,"TCS, Pune",CSE,Male,IT
1913,CSE,Male,328,IT,System Engineer,PrathmeshKulkarni,2018-19,3.5,"TCS, Pune",CSE,Male,IT
1914,CSE,Male,330,IT,Software Engineer,Sumit Dinde,2018-19,3.8,"Bitwise, Pune",CSE,Male,IT
1915,CSE,Male,331,IT,Software Engineer,Paul Panhalkar,2018-19,3.8,"Sciative Solutions, Pune",CSE,Male,IT
1916,CSE,Male,332,IT,Software Engineer,Shivraj Pattanshetti,2018-19,4.5,"Persistent, Pune",CSE,Male,IT
1917,CSE,Male,333,IT,Software Engineer,Omkar Patil,2018-19,4.5,"Persistent, Pune",CSE,Male,IT
1918,CSE,Male,334,IT,Software Engineer,Ashish Ghodake,2018-19,4.5,"Persistent, Pune",CSE,Male,IT
1919,CSE,Male,339,IT,Software Engineer,Daumalik Mujawar,2018-19,3,"Paramatrix, Mumbai",CSE,Male,IT
1920,CSE,Male,341,IT,Software Engineer,Omkar Sadashiv Patil,2018-19,3,"Paramatrix, Mumbai",CSE,Male,IT
1921,CSE,Male,342,IT,Support Engineer,Akash Jadhav,2018-19,3,Mhaphsis,CSE,Male,IT
1922,CSE,Male,345,IT,System Engineer,Vipul Gaikwad,2018-19,3,Wipro Pune,CSE,Male,IT
1923,CSE,Male,348,IT,Software Engineer,Omkar Patil,2018-19,3.5,"Atos Syntel., Pune",CSE,Male,IT
1924,CSE,Male,349,IT,Software Engineer,Pushkar Saraf,2018-19,3.5,"Atos Syntel., Pune",CSE,Male,IT
1925,CSE,Male,352,IT,Software Engineer,Kaustubh Sawant,2018-19,3.5,"Atos Syntel., Pune",CSE,Male,IT
1926,CSE,Male,353,IT,Software Engineer,Rajesh Chavan,2018-19,3.5,"Atos Syntel., Pune",CSE,Male,IT
1927,CSE,Male,355,IT,Software Engineer,Akash Jadhav,2018-19,3.5,"Atos Syntel., Pune",CSE,Male,IT
1928,CSE,Male,356,IT,System Engineer,Vishwajeet Dabholkar,2018-19,4,"TCS, Pune",CSE,Male,IT
1929,CSE,Male,357,IT,Software Engineer,Uddhav Ghodake,2018-19,3.31,"KPIT, Pune",CSE,Male,IT
1930,CSE,Male,361,IT,Software Engineer,Vishwajeet Dabholkar,2018-19,3,"Webonise labs, Pune",CSE,Male,IT
1931,CSE,Male,367,IT,Trainee Engineer,Pavan Pratap Patil,2018-19,2.4,"
Network Lab, Banglore",CSE,Male,IT
1932,CSE,Male,368,IT,Trainee Engineer,Rijvan Shakil Shaikh,2018-19,2.4,"
Network Lab, Banglore",CSE,Male,IT
1933,CSE,Male,373,IT,Trainee Engineer,Akash Balasaheb Navgan,2018-19,2.4,"
Network Lab, Banglore",CSE,Male,IT
1934,CSE,Male,374,IT,Trainee Engineer,Sammed Dilip Shedbale,2018-19,2.4,"
Network Lab, Banglore",CSE,Male,IT
1935,CSE,Male,376,IT,Trainee Engineer,Pranav Jadhav,2018-19,2.4,"
Network Lab, Banglore",CSE,Male,IT
1936,CSE,Male,377,IT,Trainee Engineer,Aniket Mangalekar,2018-19,2.4,"
Network Lab, Banglore",CSE,Male,IT
1937,CSE,Male,379,IT,Trainee Engineer,Akshay Ashok Waychal,2018-19,2.4,"
Network Lab, Banglore",CSE,Male,IT
1938,CSE,Male,380,IT,Trainee Engineer,Shubham Nandkumar More,2018-19,2.4,"
Network Lab, Banglore",CSE,Male,IT
1939,CSE,Male,381,IT,Trainee Engineer,Pravin hadpad,2018-19,2.4,"
Network Lab, Banglore",CSE,Male,IT
1940,CSE,Male,387,IT,Trainee Engineer,Prathmesh Satish Kusumbe,2018-19,2.4,"
Network Lab, Banglore",CSE,Male,IT
1941,CSE,Male,388,IT,Trainee Engineer,Shubham Nandkumar More,2018-19,2.4,"
Network Lab, Banglore",CSE,Male,IT
1942,CSE,Male,393,IT,Trainee Engineer,Sushant Shivaji Magdum,2018-19,2.4,"
Network Lab, Banglore",CSE,Male,IT
1943,CSE,Male,394,IT,Trainee Engineer,Sagar Pachkhande,2018-19,2.4,"
Network Lab, Banglore",CSE,Male,IT
1944,CSE,Male,396,IT,Trainee Engineer,Amey Shetye,2018-19,2.4,"
Network Lab, Banglore",CSE,Male,IT
1945,CSE,Male,399,IT,Trainee Engineer,Sangram Sunil Shinde,2018-19,2.4,"
Network Lab, Banglore",CSE,Male,IT
1946,CSE,Male,400,IT,Trainee Engineer,Kaustubh Shirish Sawant,2018-19,2.4,"
Network Lab, Banglore",CSE,Male,IT
1947,CSE,Male,401,IT,Trainee Engineer,Ananda shinde,2018-19,2.4,"
Network Lab, Banglore",CSE,Male,IT
1948,CSE,Male,402,IT,Trainee Engineer,Vishwajeet Vijay Dabholkar,2018-19,2.4,"
Network Lab, Banglore",CSE,Male,IT
1949,CSE,Male,404,IT,Trainee Engineer,SHUBHAM DATTATRAYA PANHALKAR,2018-19,2.4,"
Network Lab, Banglore",CSE,Male,IT
1950,CSE,Male,407,IT,Trainee Engineer,Akshay Ashok Waychal,2018-19,2.4,"
Network Lab, Banglore",CSE,Male,IT
1951,CSE,Male,408,IT,Trainee Engineer,Amol Govindrao Shinde,2018-19,2.4,"
Network Lab, Banglore",CSE,Male,IT
1952,CSE,Male,415,IT,Trainee Engineer,Digambar Dayanand Redekar,2018-19,2.4,"
Network Lab, Banglore",CSE,Male,IT
1953,CSE,Male,416,IT,Trainee Engineer,Prashant Ashok Gore,2018-19,2.4,"
Network Lab, Banglore",CSE,Male,IT
1954,CSE,Male,417,IT,Trainee Engineer,Prithviraj Prakash Badiger,2018-19,2.4,"
Network Lab, Banglore",CSE,Male,IT
1955,CSE,Male,418,IT,Trainee Engineer,Akshay Rajaram Methe,2018-19,2.4,"
Network Lab, Banglore",CSE,Male,IT
1956,CSE,Male,423,IT,Trainee Engineer,Kedar Kulkarni,2018-19,2.4,"
Network Lab, Banglore",CSE,Male,IT
1957,CSE,Male,424,IT,Trainee Engineer,Sajjan Dhananjay Choudhari,2018-19,2.4,"
Network Lab, Banglore",CSE,Male,IT
1958,CSE,Male,428,IT,Trainee Engineer,Vishal Nandkumar Bhoi,2018-19,2.4,"
Network Lab, Banglore",CSE,Male,IT
1959,CSE,Male,557,IT,Software Engineer,Harshwardhan Patil,2019-20,4.5,Agiliad Technology,CSE,Male,IT
1960,CSE,Male,558,IT,Software Engineer,Vaibhav Shinde,2019-20,4,AnaylticalFox  Software,CSE,Male,IT
1961,CSE,Male,559,IT,Associate Consultant,Shubham Suhas Ghatage,2019-20,3.6,Atos Syntel,CSE,Male,IT
1962,CSE,Male,562,IT,Associate Consultant,Vishal Kumbhar,2019-20,3.6,Atos Syntel,CSE,Male,IT
1963,CSE,Male,564,IT,Associate Consultant,Omkar Shrinivas Bhate,2019-20,3.6,Atos Syntel,CSE,Male,IT
1964,CSE,Male,565,IT,Associate Consultant,Prajwal Prashant salunkhe,2019-20,3.6,Atos Syntel,CSE,Male,IT
1965,CSE,Male,566,IT,Associate Consultant,NihalKumar Sharma,2019-20,3.6,Atos Syntel,CSE,Male,IT
1966,CSE,Male,568,IT,Clan Fellow,Shubham Bodake,2019-20,4.2,Blazeclan Technologies,CSE,Male,IT
1967,CSE,Male,569,IT,Engineer trainee,Mudasar Firoj Mulla,2019-20,4.25,CAPGEMINI,CSE,Male,IT
1968,CSE,Male,573,IT,Infra-Analyst,Yugal manwani,2019-20,3.8,CAPGEMINI,CSE,Male,IT
1969,CSE,Male,578,IT,Analyst,Sourabh Pawar,2019-20,3.8,CAPGEMINI,CSE,Male,IT
1970,CSE,Male,581,IT,Programmer Analyst,"Digvijay Anilsingh Rajput,",2019-20,4,Cognizant,CSE,Male,IT
1971,CSE,Male,588,IT,Software Developer,Saquib Awate,2019-20,1.8,DX Info System Sangli,CSE,Male,IT
1972,CSE,Male,589,IT,Software Developer,Hrushabh pandhare,2019-20,1.8,DX Info System Sangli,CSE,Male,IT
1973,CSE,Male,590,IT,Software Developer,Vaibhav Shinde,2019-20,1.8,DX Info System Sangli,CSE,Male,IT
1974,CSE,Male,591,IT,Software Developer,Karan Kenjale,2019-20,1.8,DX Info System Sangli,CSE,Male,IT
1975,CSE,Male,595,IT,Associate Software Engineeer,Ruturaj Desai,2019-20,3.5,E-Emphaysis,CSE,Male,IT
1976,CSE,Male,596,IT,Software Engineer,NihalKumar Sharma,2019-20,3.8,Eternus Solutions,CSE,Male,IT
1977,CSE,Male,597,IT,Software Engineer,Omkar Bhate,2019-20,3.8,Eternus Solutions,CSE,Male,IT
1978,CSE,Male,601,IT,Front end developer,Digvijay rajput,2019-20,4,GreyAtom,CSE,Male,IT
1979,CSE,Male,603,IT,Front end developer,Vishal Kumbhar,2019-20,4,GreyAtom,CSE,Male,IT
1980,CSE,Male,605,IT,Front end developer,Rishikesh Uday Vanjare,2019-20,4,GreyAtom,CSE,Male,IT
1981,CSE,Male,608,IT,Front end developer,Harshwardhan Patil,2019-20,4,GreyAtom,CSE,Male,IT
1982,CSE,Male,614,IT,Front end developer,Sushant Lad,2019-20,4,GreyAtom,CSE,Male,IT
1983,CSE,Male,616,IT,Front end developer,Ganesha Yadav,2019-20,4,GreyAtom,CSE,Male,IT
1984,CSE,Male,617,IT,Front end developer,Vaibhav Shinde,2019-20,4,GreyAtom,CSE,Male,IT
1985,CSE,Male,619,IT,Front end developer,Mudasar Firoj Mulla,2019-20,4,GreyAtom,CSE,Male,IT
1986,CSE,Male,621,IT,Security analyst,Akshay Phalake,2019-20,2.4,"Hackersera cyber security
Con.&Training",CSE,Male,IT
1987,CSE,Male,622,IT,Tech Support,Sushant Vijaysinh Lad,2019-20,2,Hexaware,CSE,Male,IT
1988,CSE,Male,623,IT,Tech Support,Nikhil Ghatage,2019-20,2,Hexaware,CSE,Male,IT
1989,CSE,Male,625,IT,System Engineer,Dhondiba Fadatare,2019-20,3.4,"Infosys,Pune",CSE,Male,IT
1990,CSE,Male,630,IT,Business Development Manager,Ruturaj Desai,2019-20,12,Jaro Education Mumbai,CSE,Male,IT
1991,CSE,Male,634,IT,Software Engineer,Sanket Patil,2019-20,4,MindTree,CSE,Male,IT
1992,CSE,Male,635,IT,Software Engineer,Shubham Suhas Ghatage,2019-20,4,MindTree,CSE,Male,IT
1993,CSE,Male,638,IT,Software Engineer,Rushikesh More,2019-20,1.8,Mouritech,CSE,Male,IT
1994,CSE,Male,640,IT,Software Engineer,Meetkumar Makadia,2019-20,1.8,Mouritech,CSE,Male,IT
1995,CSE,Male,641,IT,WEB DEVELOPER.,Saquib Sajid Aowte,2019-20,1.2,MuchMark BS,CSE,Male,IT
1996,CSE,Male,642,IT,Software Engineer,Prashant Hargude,2019-20,4.41,"Persistent Systems,Pune",CSE,Male,IT
1997,CSE,Male,643,IT,Software Engineer,Shailesh Talekar,2019-20,4,Primus Global,CSE,Male,IT
1998,CSE,Male,648,IT,Analyst,Ruturaj Desai,2019-20,2.75,Sales Force,CSE,Male,IT
1999,CSE,Male,650,IT,Software Engineer,Ganesha Yadav,2019-20,3.2,SLK Bangalore,CSE,Male,IT
2000,CSE,Male,653,IT,Software Engineer,Rishikesh Vanjare,2019-20,3.2,SLK Bangalore,CSE,Male,IT
2001,CSE,Male,663,IT,System Associate trainee,Karan Kulkarni,2019-20,3.36,"TCS, Pune",CSE,Male,IT
2002,CSE,Male,664,IT,System Associate trainee,Sandeep Menon,2019-20,3.36,"TCS, Pune",CSE,Male,IT
2003,CSE,Male,665,IT,System Associate trainee,Gulnar Khan,2019-20,3.36,"TCS, Pune",CSE,Male,IT
2004,CSE,Male,666,IT,System Associate trainee,Prathmesh Mangalvedhekar,2019-20,3.36,"TCS, Pune",CSE,Male,IT
2005,CSE,Male,667,IT,System Associate trainee,Siddhi Jadhav,2019-20,3.36,"TCS, Pune",CSE,Male,IT
2006,CSE,Male,668,IT,System Associate trainee,Dnyaneshwar raut,2019-20,3.36,"TCS, Pune",CSE,Male,IT
2007,CSE,Male,669,IT,System Associate trainee,Yashvardhan Yadav,2019-20,3.36,"TCS, Pune",CSE,Male,IT
2008,CSE,Male,672,IT,System Associate trainee,Ganesha Yadav,2019-20,3.36,"TCS, Pune",CSE,Male,IT
2009,CSE,Male,673,IT,System Associate trainee,Vishal Kumbhar,2019-20,3.36,"TCS, Pune",CSE,Male,IT
2010,CSE,Male,679,IT,Engineer trainee,Aniket karambalkar,2019-20,4.25,Vodafone,CSE,Male,IT
2011,CSE,Male,680,IT,Jr. Web Developer,Vaibhav Shinde,2019-20,1.8,Walstar Technologies,CSE,Male,IT
2012,CSE,Male,685,IT,System Engineer,Ruturaj Sawant,2019-20,3.5,Wipro,CSE,Male,IT
2013,CSE,Male,686,IT,System Engineer,Ruturaj Desai,2019-20,3.5,Wipro,CSE,Male,IT
2014,CSE,Male,688,IT,Java Developer,Pratik Ulhas Jogdande,2019-20,1.8,ReapMind Innovations,CSE,Male,IT
2015,CSE,Male,982,IT,Software Developer,Siddhesh Patil,2020-21,1.8,Menon and Menon,CSE,Male,IT
2016,CSE,Male,987,IT,System Analyst,Anand Machave,2020-21,3.8,CAPGEMINI,CSE,Male,IT
2017,CSE,Male,988,IT,System Analyst,Raunak Kulkarni,2020-21,3.8,CAPGEMINI,CSE,Male,IT
2018,CSE,Male,990,IT,System Analyst,Rohit Bhatt,2020-21,3.8,CAPGEMINI,CSE,Male,IT
2019,CSE,Male,991,IT,System Analyst,Vishvajeet Jadhav,2020-21,3.8,CAPGEMINI,CSE,Male,IT
2020,CSE,Male,992,IT,System Analyst,Siddharth Yogesh Nashikkar,2020-21,3.8,CAPGEMINI,CSE,Male,IT
2021,CSE,Male,993,IT,Trainee Engineer,Akash Dinakar Pathade,2020-21,3.6,Birlasoft,CSE,Male,IT
2022,CSE,Male,997,IT,Trainee Engineer,Raunaq Suhas Kulkarni,2020-21,3.6,Birlasoft,CSE,Male,IT
2023,CSE,Male,998,IT,Trainee Engineer,Rohit Raghavendra Bhatt,2020-21,3.6,Birlasoft,CSE,Male,IT
2024,CSE,Male,999,IT,Trainee Engineer,Rushikesh Uttam Maske,2020-21,3.6,Birlasoft,CSE,Male,IT
2025,CSE,Male,1002,IT,Trainee Engineer,Siddharth Yogesh Nashikkar,2020-21,3.6,Birlasoft,CSE,Male,IT
2026,CSE,Male,1003,IT,Trainee Engineer,Yugandhar Ardalkar,2020-21,3.6,Birlasoft,CSE,Male,IT
2027,CSE,Male,1006,IT,Software Engineer,Siddharth Nashikkar,2020-21,4.51,Persistent Systems,CSE,Male,IT
2028,CSE,Male,1007,IT,Software Engineer,ASHISH SAWANT,2020-21,4.51,Persistent Systems,CSE,Male,IT
2029,CSE,Male,1008,IT,Software Engineer,Vishwajeet Jadhav,2020-21,4.51,Persistent Systems,CSE,Male,IT
2030,CSE,Male,1009,IT,Software Engineer,Nikhil Varavadekar,2020-21,4.51,Persistent Systems,CSE,Male,IT
2031,CSE,Male,1010,IT,Associate System Engineer,Sourabh Kharose,2020-21,7.5,Tata Consultancy Services Digital,CSE,Male,IT
2032,CSE,Male,1011,IT,Associate System Engineer,Akash Dinakar Pathade,2020-21,3.36,Tata Consultancy Services - Ninja,CSE,Male,IT
2033,CSE,Male,1016,IT,Game Tester,Pruthviraj Mohite,2020-21,2.62,Ubisoft India,CSE,Male,IT
2034,CSE,Male,1017,IT,Game Tester,Yuvraj Otari,2020-21,2.62,Ubisoft India,CSE,Male,IT
2035,CSE,Male,1018,IT,Game Tester,Om Vaswani,2020-21,2.62,Ubisoft India,CSE,Male,IT
2036,CSE,Male,1019,IT,Game Tester,Sahil Jamadar,2020-21,2.62,Ubisoft India,CSE,Male,IT
2037,CSE,Male,1022,IT,Software Developer,Saurabh Kharose,2020-21,3.2,Evosys,CSE,Male,IT
2038,CSE,Male,1023,IT,SAP Consultant,Siddharth Yogesh Nashikkar,2020-21,6.5,KAAR Technologies,CSE,Male,IT
2039,CSE,Male,1025,IT,Associate System Engineer,Sourabh Kharose,2020-21,7.5,Tata Consultancy Services Digital,CSE,Male,IT
2040,CSE,Male,1027,IT,Associate System Engineer,Siddharth Nashikkar,2020-21,3.36,Tata Consultancy Services - Ninja,CSE,Male,IT
2041,CSE,Male,1029,IT,Associate System Engineer,Shusrut Kitture,2020-21,3.36,Tata Consultancy Services - Ninja,CSE,Male,IT
2042,CSE,Male,1030,IT,Associate System Engineer,Saurabh Kharose,2020-21,3.36,Tata Consultancy Services - Ninja,CSE,Male,IT
2043,CSE,Male,1032,IT,Software Developer,Sainath Nale,2020-21,2.4,Case point,CSE,Male,IT
2044,CSE,Male,1033,IT,Software Developer,Vishvajeet Shivraj Jadhav,2020-21,2.4,Case point,CSE,Male,IT
2045,CSE,Male,1034,IT,Software Engineer,Akshay Dargad,2020-21,3.5,Nihilent,CSE,Male,IT
2046,CSE,Male,1038,IT,Software Developer,Siddharth Nashikkar,2020-21,4.5,Accenture,CSE,Male,IT
2047,CSE,Male,1046,IT,Software Engineer,Vishwajeet Jadhav,2020-21,3.5,Wipro,CSE,Male,IT
2048,CSE,Male,1047,IT,Software Engineer,Vishwajeet Mane,2020-21,3.5,Wipro,CSE,Male,IT
2049,CSE,Male,1049,IT,Software Developer,Siddhesh Patil,2020-21,7.6,CondeNasta,CSE,Male,IT
2050,CSE,Male,1050,IT,Trainee Engineer,Sourav Kore,2020-21,3,Cyber Success,CSE,Male,IT
2051,CSE,Male,1051,IT,FULL STACK DEVELOPER,Mohammedaqib  taral,2020-21,3,"Ardent,USA",CSE,Male,IT
2052,CSE,Male,1053,Non-IT,Subject Matter Expert,Abhishek Mujumdar,2020-21,3.5,Chegg India,CSE,Male,Non-IT
2053,CSE,Male,1056,Non-IT,Subject Matter Expert,Sahil Jamadar,2020-21,3.5,Chegg India,CSE,Male,Non-IT
2054,CSE,Male,1060,Non-IT,Subject Matter Expert,Omkar Chavan,2020-21,3.5,Chegg India,CSE,Male,Non-IT
2055,CSE,Male,1063,Non-IT,Subject Matter Expert,Om Vaswani,2020-21,3.5,Chegg India,CSE,Male,Non-IT
2056,CSE,Male,1064,Non-IT,Subject Matter Expert,Mohammedaquib Taral,2020-21,3.5,Chegg India,CSE,Male,Non-IT
2057,CSE,Male,1068,Non-IT,Subject Matter Expert,Bhanudas Kulkarni,2020-21,3.5,Chegg India,CSE,Male,Non-IT
2058,CSE,Male,1069,Non-IT,Subject Matter Expert,Sourav Kore,2020-21,3.5,Chegg India,CSE,Male,Non-IT
2059,CSE,Male,1070,IT,Software Developer,Vishwajeet Jadhav,2020-21,3.5,E-zest,CSE,Male,IT
2060,CSE,Male,1072,IT,Software Engineer,Om Vaswani,2020-21,2.2,Mouritech,CSE,Male,IT
2061,CSE,Male,1073,IT,Software Engineer,Soham Harane,2020-21,2.2,Mouritech,CSE,Male,IT
2062,CSE,Male,1082,IT,Trainee Engineer,Kailas Gorade,2020-21,3.5,Qspider,CSE,Male,IT
2063,CSE,Male,1086,IT,Trainee Engineer,Nagaraj Talwar,2020-21,3.5,Qspider,CSE,Male,IT
2064,CSE,Male,1087,IT,Trainee Engineer,Poonam Chougule,2020-21,3.5,Qspider,CSE,Male,IT
2065,CSE,Male,1088,IT,Trainee Engineer,Prajakta Jadhav,2020-21,3.5,Qspider,CSE,Male,IT
2066,CSE,Male,1089,IT,Trainee Engineer,Pratik Sutar,2020-21,3.5,Qspider,CSE,Male,IT
2067,CSE,Male,1097,IT,Trainee Engineer,Swapnil Yadav,2020-21,3.5,Qspider,CSE,Male,IT
2068,CSE,Male,1098,IT,Trainee Engineer,Tanmay Yadav,2020-21,3.5,Qspider,CSE,Male,IT
2069,CSE,Male,1100,IT,SOFTWARE ANALYAST,Mohammedaqib  taral,2020-21,4.2,CYBAGE,CSE,Male,IT
2070,CSE,Male,1102,IT,SOFTWARE ANALYAST,Abhishek Mujumdar,2020-21,4.2,CYBAGE,CSE,Male,IT
2071,CSE,Male,1103,IT,SOFTWARE ANALYAST,Yash Patil,2020-21,4.2,CYBAGE,CSE,Male,IT
2072,CSE,Male,1104,IT,SOFTWARE ANALYAST,Yasar Desai,2020-21,4.2,CYBAGE,CSE,Male,IT
2073,CSE,Male,1105,IT,SOFTWARE ANALYAST,Shubham More,2020-21,4.2,CYBAGE,CSE,Male,IT
2074,CSE,Male,1106,Non-IT,CONTENT DEVELOPER,Mohammad Taral,2020-21,3.5,Doubtnut,CSE,Male,Non-IT
2075,CSE,Male,1107,Non-IT,CONTENT DEVELOPER,Tanmay C. Yadav,2020-21,3.5,Doubtnut,CSE,Male,Non-IT
2076,CSE,Male,1112,IT,Automation Engineer,Mohammedaqib Taral,2020-21,2.8,Quality Kiosk,CSE,Male,IT
2077,CSE,Male,1119,IT,Trainee (IT Infrastructure),Tanmay Yadav,2020-21,3.1,Atos global,CSE,Male,IT
2078,CSE,Male,1126,IT, Jr. Integration Developer,Kailas Gorade,2020-21,0,DbCom,CSE,Male,IT
2079,CSE,Male,1127,IT, Jr. Integration Developer,Akshay Dargad,2020-21,0,DbCom,CSE,Male,IT
2080,CSE,Male,1128,IT, Jr. Integration Developer,Ashwajeet Vijay Rajpal,2020-21,0,DbCom,CSE,Male,IT
2081,CSE,Male,1129,IT,Software Engineer,Vishwajeet Jadhav,2020-21,4,MindTree,CSE,Male,IT
2082,CSE,Male,1135,Non-IT,Businees Development Manager,Sahil Jamadar,2020-21,5,INMOVIDU TECHNOLOGIES,CSE,Male,Non-IT
2083,CSE,Male,1137,Non-IT,Businees Development Manager,Vishvajeet Shivraj Jadhav,2020-21,5,INMOVIDU TECHNOLOGIES,CSE,Male,Non-IT
2084,CSE,Male,1138,Non-IT,Businees Development Manager,Vishvajeet diliprao Mane,2020-21,5,INMOVIDU TECHNOLOGIES,CSE,Male,Non-IT
2085,CSE,Male,1139,IT,Deputy IT Manager,Siddesh Patil,2020-21,8,AXIS Bank,CSE,Male,IT
2086,CSE,Male,1141,IT,Software Engineer,Rohit Sandeep Bhat,2020-21,3,Stridely Solutions,CSE,Male,IT
2087,CSE,Male,1142,IT,Software Engineer,Vishwajeet Mane,2020-21,3,Stridely Solutions,CSE,Male,IT
2088,CSE,Male,1145,IT,Software Engineer,Sourav Kore,2020-21,3,Stridely Solutions,CSE,Male,IT
2089,CSE,Male,1148,IT,Software Engineer,Aniket Apate,2020-21,3,Stridely Solutions,CSE,Male,IT
2090,CSE,Male,1153,IT,Program Analyst,Vishwajeet Mane,2020-21,5.5,WNS Global,CSE,Male,IT
2091,CSE,Male,1156,IT,Software Engineer,Sahil Jamadar,2020-21,5.35,FIS Global,CSE,Male,IT
2092,CSE,Male,1157,IT,Software Engineer,Akshay Dargad,2020-21,5.35,FIS Global,CSE,Male,IT
2093,CSE,Male,1165,IT,Software Engineer,Omkar Gadgil,2020-21,7.52,Dassault Systems,CSE,Male,IT
2094,CSE,Male,1167,IT,Software Funicational Test Engineer,Aditya Mohan More,2020-21,4,Amdocs,CSE,Male,IT
2095,CSE,Male,1170,IT,Software Funicational Test Engineer,Sameer Sachin Shaligram,2020-21,4,Amdocs,CSE,Male,IT
2096,CSE,Male,1171,IT,Software Engineer,Aditya Mohan More,2020-21,5.35,FIS Global,CSE,Male,IT
2097,CSE,Male,1218,IT,Software Engineer,Tanmay Yadav,2020-21,4.65,Tata Technology,CSE,Male,IT
2098,CSE,Male,1223,IT,Software Engineer,Bhanudas Kulkarni,2020-21,3.5,Torry Harris Business Solutions (P) Ltd,CSE,Male,IT
2099,CSE,Male,1229,IT,Associate System Engineer,Aditya Zaware,2020-21,3.36,Tata Consultancy Services - Ninja,CSE,Male,IT
2100,CSE,Male,1235,IT,Gen C Developer,Shalan Gaikwad,2020-21,4,Cognizant,CSE,Male,IT
2101,CSE,Male,1237,IT,Performance Engineer,Shubham Mane,2020-21,3,QUALITYKIOSK TECHNOLOGIES,CSE,Male,IT
2102,CSE,Male,1238,IT,Performance Engineer,Ghanashyam Shingate,2020-21,3,QUALITYKIOSK TECHNOLOGIES,CSE,Male,IT
2103,CSE,Male,1243,IT,Associate System Engineer,Ajit Narayan Gavalkar,2020-21,3.36,Tata Consultancy Services - Ninja,CSE,Male,IT
2104,CSE,Male,1244,IT,SOFTWARE ANALYAST,Pratik Sutar,2020-21,4.2,CYBAGE,CSE,Male,IT
2105,CSE,Male,1255,IT,Associate Professional,Aditya Girish Sutar,2021-22,4,DXC Technology,CSE,Male,IT
2106,CSE,Male,1256,IT,Associate Professional,Ajinkya Sanjay Patil,2021-22,4,DXC Technology,CSE,Male,IT
2107,CSE,Male,1259,IT,Associate Professional,Dhananjay Makarand Sonar,2021-22,4,DXC Technology,CSE,Male,IT
2108,CSE,Male,1260,IT,Associate Professional,Gaurav Deepak Rahangdale,2021-22,4,DXC Technology,CSE,Male,IT
2109,CSE,Male,1261,IT,Associate Professional,Harshvardhan Sangram Patil,2021-22,4,DXC Technology,CSE,Male,IT
2110,CSE,Male,1262,IT,Associate Professional,Jayesh Atul Muley,2021-22,4,DXC Technology,CSE,Male,IT
2111,CSE,Male,1265,IT,Associate Professional,NEEL RAJEEV HUZURBAZAR,2021-22,4,DXC Technology,CSE,Male,IT
2112,CSE,Male,1267,IT,Associate Professional,Pritesh Prashant Jadhav,2021-22,4,DXC Technology,CSE,Male,IT
2113,CSE,Male,1269,IT,Associate Professional,RUTVIKA SUNIL SHINDE,2021-22,4,DXC Technology,CSE,Male,IT
2114,CSE,Male,1273,IT,Associate Professional,Satvasheel Narendra Powar,2021-22,4,DXC Technology,CSE,Male,IT
2115,CSE,Male,1274,IT,Associate Professional,Shreenidhi K,2021-22,4,DXC Technology,CSE,Male,IT
2116,CSE,Male,1275,IT,Associate Professional,Siddhanth Prafulla Pathak,2021-22,4,DXC Technology,CSE,Male,IT
2117,CSE,Male,1279,IT,Associate Professional,Tejas Deepak Pandit,2021-22,4,DXC Technology,CSE,Male,IT
2118,CSE,Male,1283,IT,Associate Professional,Varunraj Umesh Kanzar,2021-22,4,DXC Technology,CSE,Male,IT
2119,CSE,Male,1284,IT,Associate Professional,Aman Raju Maner,2021-22,4,DXC Technology,CSE,Male,IT
2120,CSE,Male,1310,IT,Software Engineer,Jay Powar,2021-22,3.8,Birlasoft,CSE,Male,IT
2121,CSE,Male,1313,IT,Power Programmer,Jay Powar,2021-22,3.5,Infosys,CSE,Male,IT
2122,CSE,Male,1314,IT,Oracle Functional Consultant,Nikhil Vharambale,2021-22,4,Evosys,CSE,Male,IT
2123,CSE,Male,1315,IT,Oracle Functional Consultant,Rohit Patil,2021-22,4,Evosys,CSE,Male,IT
2124,CSE,Male,1324,IT,Project Engineer,Atul Shivaji Suryawanshi,2021-22,3.6,KPIT,CSE,Male,IT
2125,CSE,Male,1325,IT,Programmer,Shubham Kiran Sutar,2021-22,3.6,Acty System,CSE,Male,IT
2126,CSE,Male,1327,IT,Software Engineer,Bhushan Kale,2021-22,3.6,BenchMark IT Solutions,CSE,Male,IT
2127,CSE,Male,1328,IT,Software Engineer,Omkar Ekal,2021-22,3.6,BenchMark IT Solutions,CSE,Male,IT
2128,CSE,Male,1334,Intern,Business Development Trainee,Vishwajeet Vijaykumar Jadhav,2021-22,5.5,SKOLER,CSE,Male,Intern
2129,CSE,Male,1335,Intern,Business Development Trainee,Rohan Ramesh Patil,2021-22,5.5,SKOLER,CSE,Male,Intern
2130,CSE,Male,1351,IT,Trainee Engineer,Sanket Sanjay Potdar,2021-22,3.1,Atos global,CSE,Male,IT
2131,CSE,Male,1354,IT,Trainee Engineer,Shivam Sanjay Raut,2021-22,3.1,Atos global,CSE,Male,IT
2132,CSE,Male,1357,IT,Trainee Engineer,Suchanta Babasaheb Ravan,2021-22,3.1,Atos global,CSE,Male,IT
2133,CSE,Male,1374,IT,Assistant System Engineer-Trainee,Samrudhi Sambhaji Jadhav,2021-22,3.36,Tata Consultancy Services,CSE,Male,IT
2134,CSE,Male,1376,IT,Assistant System Engineer-Trainee,Shivam Sanjay Raut,2021-22,3.36,Tata Consultancy Services,CSE,Male,IT
2135,CSE,Male,1378,IT,Assistant System Engineer-Trainee,Yash Ramesh Dalal,2021-22,3.36,Tata Consultancy Services,CSE,Male,IT
2136,CSE,Male,1379,IT,Assistant System Engineer-Trainee,Rushikesh Maruti Dinde,2021-22,3.36,Tata Consultancy Services,CSE,Male,IT
2137,CSE,Male,1382,IT,Assistant System Engineer-Trainee,Sandesh Ramesh Lambor,2021-22,3.36,Tata Consultancy Services,CSE,Male,IT
2138,CSE,Male,1386,IT,Assistant System Engineer-Trainee,Rajavi Sandeep Sankpal,2021-22,3.36,Tata Consultancy Services,CSE,Male,IT
2139,CSE,Male,1388,IT,Assistant System Engineer-Trainee,Muzaffer Faiyaz Mulla,2021-22,3.36,Tata Consultancy Services,CSE,Male,IT
2140,CSE,Male,1389,IT,Assistant System Engineer-Trainee,Ajay Avinash Powar,2021-22,3.36,Tata Consultancy Services,CSE,Male,IT
2141,CSE,Male,1390,IT,Assistant System Engineer-Trainee,Jay Avinash Powar,2021-22,3.36,Tata Consultancy Services,CSE,Male,IT
2142,CSE,Male,1391,IT,Assistant System Engineer-Trainee,Gaurav Deepak Rahangdale,2021-22,3.36,Tata Consultancy Services,CSE,Male,IT
2143,CSE,Male,1394,IT,Assistant System Engineer-Trainee,Bhushan Ramdas Kale,2021-22,3.36,Tata Consultancy Services,CSE,Male,IT
2144,CSE,Male,1396,IT,System Engineer,Harshvardhan Sangram Patil,2021-22,7.5,Tata Consultancy Services,CSE,Male,IT
2145,CSE,Male,1397,IT,System Engineer,Aditya Sutar,2021-22,7.5,Tata Consultancy Services,CSE,Male,IT
2146,CSE,Male,1398,IT,System Engineer,Shubham Kiran Sutar,2021-22,7.5,Tata Consultancy Services,CSE,Male,IT
2147,CSE,Male,1402,IT,Full Stack Engineer,Rakesh S. Sutar,2021-22,3,Extraprenuers Pvt. Ltd,CSE,Male,IT
2148,CSE,Male,1403,IT,Full Stack Engineer,Yash Sunil Kosamkar,2021-22,3,Extraprenuers Pvt. Ltd,CSE,Male,IT
2149,CSE,Male,1404,IT,Software Engineer,Harshvardhan Patil,2021-22,4.71,Persistent Systems,CSE,Male,IT
2150,CSE,Male,1406,Non-IT,Social Media Marketing,Aditya Sutar,2021-22,1.8,AdMyBrand,CSE,Male,Non-IT
2151,CSE,Male,1408,Non-IT,Community Influncer,Nayan Yadwad,2021-22,3,MentorBoxx,CSE,Male,Non-IT
2152,CSE,Male,1416,Non-IT,Community Influncer,Jeet Aryan,2021-22,3,MentorBoxx,CSE,Male,Non-IT
2153,CSE,Male,1417,Non-IT,Community Influncer,Shantanu Ghule,2021-22,3,MentorBoxx,CSE,Male,Non-IT
2154,CSE,Male,1422,Non-IT,Community Influncer,Arbaj Mangaonkar,2021-22,3,MentorBoxx,CSE,Male,Non-IT
2155,CSE,Male,1425,Non-IT,Community Influncer,Vishwajeet V Jadhav,2021-22,3,MentorBoxx,CSE,Male,Non-IT
2156,CSE,Male,1426,Non-IT,Community Influncer,Shadab Solapure,2021-22,3,MentorBoxx,CSE,Male,Non-IT
2157,CSE,Male,1427,Non-IT,Community Influncer,Shoib Mulla,2021-22,3,MentorBoxx,CSE,Male,Non-IT
2158,CSE,Male,1428,Non-IT,Community Influncer,Subhash Chavan,2021-22,3,MentorBoxx,CSE,Male,Non-IT
2159,CSE,Male,1429,Non-IT,Community Influncer,Vinay Buwa,2021-22,3,MentorBoxx,CSE,Male,Non-IT
2160,CSE,Male,1430,Non-IT,Community Influncer,Shahid Mujawar,2021-22,3,MentorBoxx,CSE,Male,Non-IT
2161,CSE,Male,1432,Non-IT,Community Influncer,Rutvika Shinde,2021-22,3,MentorBoxx,CSE,Male,Non-IT
2162,CSE,Male,1434,Non-IT,Community Influncer,Utkarsha Vadgaonkar,2021-22,3,MentorBoxx,CSE,Male,Non-IT
2163,CSE,Male,1474,IT,Software Developer,Rahul Paval,2021-22,3,Anubudh Edutech,CSE,Male,IT
2164,CSE,Male,1475,IT,Software Developer,Shrikant Khurd,2021-22,3,Anubudh Edutech,CSE,Male,IT
2165,CSE,Male,1479,IT,Project Engineer,Aniket Bajirao Patil,2021-22,3.5,Wipro,CSE,Male,IT
2166,CSE,Male,1480,IT,Project Engineer,Arbaj Akaram Mangaonkar,2021-22,3.5,Wipro,CSE,Male,IT
2167,CSE,Male,1481,IT,Project Engineer,Bhushan Ramdas Kale,2021-22,3.5,Wipro,CSE,Male,IT
2168,CSE,Male,1485,IT,Project Engineer,Pratik Mahadev More,2021-22,3.5,Wipro,CSE,Male,IT
2169,CSE,Male,1488,IT,Project Engineer,Rohan Maruti Mane,2021-22,3.5,Wipro,CSE,Male,IT
2170,CSE,Male,1489,IT,Project Engineer,Rushikesh Maruti Dinde,2021-22,3.5,Wipro,CSE,Male,IT
2171,CSE,Male,1514,IT,Associate Analyst,Muzaffer Faiyaz Mulla,2021-22,10,Ugam Solutions,CSE,Male,IT
2172,CSE,Male,1516,IT,Associate Analyst,Omkar Ekal,2021-22,10,Ugam Solutions,CSE,Male,IT
2173,CSE,Male,1517,IT,Associate Analyst, Rohit Ranjit Patil,2021-22,10,Ugam Solutions,CSE,Male,IT
2174,CSE,Male,1521,IT,Associate Analyst,Vinay Anilkumar Shinde,2021-22,10,Ugam Solutions,CSE,Male,IT
2175,CSE,Male,1522,IT,Trainee Engineer,Vishwajeet Vijaykumar Jadhav,2021-22,3.8,Qspider,CSE,Male,IT
2176,CSE,Male,1523,IT,Trainee Engineer,Shivam Rajesh Mandlik,2021-22,3.8,Qspider,CSE,Male,IT
2177,CSE,Male,1526,IT,Trainee Engineer,Vivek Shashikant Biradar,2021-22,3.8,Qspider,CSE,Male,IT
2178,CSE,Male,1528,IT,Trainee Engineer,Akash Arvind Kengar,2021-22,3.8,Qspider,CSE,Male,IT
2179,CSE,Male,1529,IT,Trainee Engineer,Shrikant Suresh Khurd,2021-22,3.8,Qspider,CSE,Male,IT
2180,CSE,Male,1530,IT,Trainee Engineer,Akshay Shamrao Baleshgol,2021-22,3.8,Qspider,CSE,Male,IT
2181,CSE,Male,1531,IT,Trainee Engineer,Vinay Anil Buva,2021-22,3.8,Qspider,CSE,Male,IT
2182,CSE,Male,1532,IT,Trainee Engineer,shahid akbar mujawar,2021-22,3.8,Qspider,CSE,Male,IT
2183,CSE,Male,1543,IT,Project Engineer,Rakesh Sutar,2021-22,3.5,Wipro,CSE,Male,IT
2184,CSE,Male,1545,IT,Project Engineer,Saad Makandar,2021-22,3.5,Wipro,CSE,Male,IT
2185,CSE,Male,1547,IT,Project Engineer,Yash Dalal,2021-22,5.5,Wipro,CSE,Male,IT
2186,CSE,Male,1548,IT,SAP Consultant,Dhananjay Sonar,2021-22,8,KAAR Technologies,CSE,Male,IT
2187,CSE,Male,1549,IT,SAP Consultant,Jayesh Muley,2021-22,8,KAAR Technologies,CSE,Male,IT
2188,CSE,Male,1553,IT,Software Engineer,Subhash Suresh Chavan,2021-22,3,Hidden Brains,CSE,Male,IT
2189,CSE,Male,1554,IT,Associate Software Consultant,Akash Arvind Kengar,2021-22,4.5,EY GDS,CSE,Male,IT
2190,CSE,Male,1555,IT,Associate Software Consultant,Vishwajeet Vijaykumar Jadhav,2021-22,4.5,EY GDS,CSE,Male,IT
2191,CSE,Male,1564,IT,Software Engineer,Aniket Bajirao Patil,2021-22,4.71,Persistent Systems,CSE,Male,IT
2192,CSE,Male,1566,IT,Software Engineer,Rahul Paval,2021-22,4.71,Persistent Systems,CSE,Male,IT
2193,CSE,Male,1567,IT,Software Engineer,Vedang Upadhye,2021-22,4.71,Persistent Systems,CSE,Male,IT
2194,CSE,Male,1580,IT,Associate Engineer – Technology,Vedang Upadhye,2021-22,4.5,Virtusa,CSE,Male,IT
2195,CSE,Male,1582,IT,Software Engineer,Rahul Sadashiv Paval,2021-22,4.5,"Inexture, Ahmedabad",CSE,Male,IT
2196,CSE,Male,1583,IT,Software Engineer,Aditya Pramod Bote,2021-22,4.5,Cybage Software,CSE,Male,IT
2197,CSE,Male,1584,IT,Software Engineer,Muzaffer Faiyaz Mulla,2021-22,4.5,Cybage Software,CSE,Male,IT
2198,CSE,Male,1585,IT,Software Engineer,RAVI KUMAR,2021-22,4.5,Cybage Software,CSE,Male,IT
2199,CSE,Male,1586,IT,Software Engineer,Shrikant Suresh Khurd,2021-22,4.5,Cybage Software,CSE,Male,IT
2200,CSE,Male,1587,IT,Software Engineer,Uddhav Anant Powar,2021-22,4.5,Cybage Software,CSE,Male,IT
2201,CSE,Male,1590,IT,Software Engineer,Avadhut Tanugade,2021-22,8,SenSen Networks Limited,CSE,Male,IT
2202,CSE,Male,1609,IT,GenC - Select,Satvasheel Narendra Powar,2021-22,4,Cognizant,CSE,Male,IT
2203,CSE,Male,1611,IT,GenC - Select,Utsav Umesh Salokhe,2021-22,4,Cognizant,CSE,Male,IT
2204,CSE,Male,1614,IT,GenC - Select,Vivek Shashikant Biradar,2021-22,4,Cognizant,CSE,Male,IT
2205,CSE,Male,1616,IT,GenC - Select,Vedang Dattatray Upadhye,2021-22,4,Cognizant,CSE,Male,IT
2206,CSE,Male,1618,IT,GenC - Select,Sourabh Sudhir Shinde,2021-22,4,Cognizant,CSE,Male,IT
2207,CSE,Male,1620,IT,GenC - Select,Pratik Shantinath Jadhav,2021-22,4,Cognizant,CSE,Male,IT
2208,CSE,Male,1621,IT,GenC - Select,Satyajeet Vidyadhar Vhanbatte,2021-22,4,Cognizant,CSE,Male,IT
2209,CSE,Male,1623,IT,GenC Elevate - Select,Shrikant Suresh Khurd,2021-22,4.5,Cognizant,CSE,Male,IT
2210,CSE,Male,1632,IT,GenC Next - Select,Rakesh Sakharam Sutar,2021-22,6.75,Cognizant,CSE,Male,IT
2211,CSE,Male,1669,IT,Software Engineer,Gaurav Rahangdale,2021-22,4,Mind Tree,CSE,Male,IT
2212,CSE,Male,1673,IT,Software Engineer,Yash Dalal,2021-22,3.25,TechMahindra,CSE,Male,IT
2213,CSE,Male,1675,IT,Software Engineer,Siddhant Phatak,2021-22,5.73,FIS Global,CSE,Male,IT
2214,CSE,Male,1676,Non-IT,Management Trainee,Akshay S Baleshgol,2021-22,4.5,Square Yards,CSE,Male,Non-IT
2215,CSE,Male,1677,Non-IT,Management Trainee,Yash Vijay Phagare,2021-22,4.5,Square Yards,CSE,Male,Non-IT
2216,CSE,Male,1678,Non-IT,Management Trainee,Nikhil N Mudhale,2021-22,4.5,Square Yards,CSE,Male,Non-IT
2217,CSE,Male,1679,Non-IT,Management Trainee,Jeet Aryan,2021-22,4.5,Square Yards,CSE,Male,Non-IT
2218,CSE,Male,1690,IT,System Analyst,Tejas Deepak Pandit,2021-22,3.8,CAPGEMINI,CSE,Male,IT
2219,CSE,Male,1693,IT,System Analyst,SABA SALIM MHABAR,2021-22,3.8,CAPGEMINI,CSE,Male,IT
2220,CSE,Male,1697,IT,Software Engineer,Akshay Shamrao Baleshgol,2021-22,4,Msys Tech Pvt Ltd,CSE,Male,IT
2221,CSE,Male,1700,IT,Software Engineer,Nikhil Narendra Mudhale,2021-22,4,Msys Tech Pvt Ltd,CSE,Male,IT
2222,CSE,Male,1701,IT,Software Engineer,Pankaj Mahipati Sutar,2021-22,4,Msys Tech Pvt Ltd,CSE,Male,IT
2223,CSE,Male,1702,IT,Software Engineer,Shantanu Balaji Ghule,2021-22,4,Msys Tech Pvt Ltd,CSE,Male,IT
2224,CSE,Male,1703,IT,Software Engineer,Shantanu Jayvant Sapkal,2021-22,4,Msys Tech Pvt Ltd,CSE,Male,IT
2225,CSE,Male,1708,IT,Software Developer,Saba Mhabar,2021-22,3.5,Wiley-mthree,CSE,Male,IT
2226,CSE,Male,1767,IT,Analyst Trainee,Saba Mhabar,2021-22,4.5,Deloitte Consulting India Pvt Ltd,CSE,Male,IT
2227,CSE,Male,1772,IT,Analyst Trainee,Gaurav Deepak Rahangdale,2021-22,4.5,Deloitte Consulting India Pvt Ltd,CSE,Male,IT
2228,CSE,Male,1774,IT,Software Engineer,Shubham A. Sutar,2021-22,1.8,"MeshBA Solutions,Kolhapur",CSE,Male,IT
2229,CSE,Male,1778,IT,System Engineer, Siddhiraj Madhukar Telwekar,2021-22,3.6,Infosys,CSE,Male,IT
2230,CSE,Male,1780,IT,System Engineer,Shubham Arun Sutar,2021-22,3.6,Infosys,CSE,Male,IT
2231,CSE,Male,1787,IT,System Engineer,Pankaj Sutar,2021-22,3.6,Infosys,CSE,Male,IT
2232,CSE,Male,1807,IT,Project Engineer,Shahid Mujawar,2021-22,3.5,Wipro,CSE,Male,IT
2233,CSE,Male,1808,IT,System Analyst,Arbaj Mangaokar,2021-22,4,CAPGEMINI,CSE,Male,IT
2234,CSE,Male,1827,IT,Software Developer,Saba Mhabar,2021-22,7,Morgan Stanley,CSE,Male,IT
2235,CSE,Male,1832,IT,IT Trainee,Sandesh Lambor,2021-22,8.22,FIS Global,CSE,Male,IT
2236,CSE,Male,1836,IT,Junior Software Engineer,shahid akbar mujawar,2021-22,5.5,Indegene Private Limited,CSE,Male,IT
2237,CSE,Male,1844,IT,IT Trainee,Arbaj Mangaonkar,2021-22,5.35,FIS Global,CSE,Male,IT
2238,CSE,Male,1846,IT,IT Trainee,Tejas Pandit,2021-22,5.35,FIS Global,CSE,Male,IT
2239,CSE,Male,1850,IT,IT Trainee,Sourabh Sudhir Shinde,2021-22,5.35,FIS Global,CSE,Male,IT
2240,CSE,Male,1861,IT,Software Engineer, Vinay Anil Buva,2021-22,8.5, Akamai Technologies India Pvt Ltd,CSE,Male,IT
2241,CSE,Male,1881,IT,Associate Professional,Aditya Girish Sutar,2021-22,4,DXC Technology,CSE,Male,IT
2242,CSE,Male,1882,IT,Associate Professional,Ajinkya Sanjay Patil,2021-22,4,DXC Technology,CSE,Male,IT
2243,CSE,Male,1885,IT,Associate Professional,Dhananjay Makarand Sonar,2021-22,4,DXC Technology,CSE,Male,IT
2244,CSE,Male,1886,IT,Associate Professional,Gaurav Deepak Rahangdale,2021-22,4,DXC Technology,CSE,Male,IT
2245,CSE,Male,1887,IT,Associate Professional,Harshvardhan Sangram Patil,2021-22,4,DXC Technology,CSE,Male,IT
2246,CSE,Male,1888,IT,Associate Professional,Jayesh Atul Muley,2021-22,4,DXC Technology,CSE,Male,IT
2247,CSE,Male,1891,IT,Associate Professional,NEEL RAJEEV HUZURBAZAR,2021-22,4,DXC Technology,CSE,Male,IT
2248,CSE,Male,1893,IT,Associate Professional,Pritesh Prashant Jadhav,2021-22,4,DXC Technology,CSE,Male,IT
2249,CSE,Male,1895,IT,Associate Professional,RUTVIKA SUNIL SHINDE,2021-22,4,DXC Technology,CSE,Male,IT
2250,CSE,Male,1899,IT,Associate Professional,Satvasheel Narendra Powar,2021-22,4,DXC Technology,CSE,Male,IT
2251,CSE,Male,1900,IT,Associate Professional,Shreenidhi K,2021-22,4,DXC Technology,CSE,Male,IT
2252,CSE,Male,1901,IT,Associate Professional,Siddhanth Prafulla Pathak,2021-22,4,DXC Technology,CSE,Male,IT
2253,CSE,Male,1905,IT,Associate Professional,Tejas Deepak Pandit,2021-22,4,DXC Technology,CSE,Male,IT
2254,CSE,Male,1909,IT,Associate Professional,Varunraj Umesh Kanzar,2021-22,4,DXC Technology,CSE,Male,IT
2255,CSE,Male,1910,IT,Associate Professional,Aman Raju Maner,2021-22,4,DXC Technology,CSE,Male,IT
2256,CSE,Male,1936,IT,Software Engineer,Jay Powar,2021-22,3.8,Birlasoft,CSE,Male,IT
2257,CSE,Male,1939,IT,Power Programmer,Jay Powar,2021-22,3.5,Infosys,CSE,Male,IT
2258,CSE,Male,1940,IT,Oracle Functional Consultant,Nikhil Vharambale,2021-22,4,Evosys,CSE,Male,IT
2259,CSE,Male,1941,IT,Oracle Functional Consultant,Rohit Patil,2021-22,4,Evosys,CSE,Male,IT
2260,CSE,Male,1950,IT,Project Engineer,Atul Shivaji Suryawanshi,2021-22,3.6,KPIT,CSE,Male,IT
2261,CSE,Male,1951,IT,Programmer,Shubham Kiran Sutar,2021-22,3.6,Acty System,CSE,Male,IT
2262,CSE,Male,1953,IT,Software Engineer,Bhushan Kale,2021-22,3.6,BenchMark IT Solutions,CSE,Male,IT
2263,CSE,Male,1954,IT,Software Engineer,Omkar Ekal,2021-22,3.6,BenchMark IT Solutions,CSE,Male,IT
2264,CSE,Male,1960,Intern,Business Development Trainee,Vishwajeet Vijaykumar Jadhav,2021-22,5.5,SKOLER,CSE,Male,Intern
2265,CSE,Male,1961,Intern,Business Development Trainee,Rohan Ramesh Patil,2021-22,5.5,SKOLER,CSE,Male,Intern
2266,CSE,Male,1977,IT,Trainee Engineer,Sanket Sanjay Potdar,2021-22,3.1,Atos global,CSE,Male,IT
2267,CSE,Male,1980,IT,Trainee Engineer,Shivam Sanjay Raut,2021-22,3.1,Atos global,CSE,Male,IT
2268,CSE,Male,1983,IT,Trainee Engineer,Suchanta Babasaheb Ravan,2021-22,3.1,Atos global,CSE,Male,IT
2269,CSE,Male,2000,IT,Assistant System Engineer-Trainee,Samrudhi Sambhaji Jadhav,2021-22,3.36,Tata Consultancy Services,CSE,Male,IT
2270,CSE,Male,2002,IT,Assistant System Engineer-Trainee,Shivam Sanjay Raut,2021-22,3.36,Tata Consultancy Services,CSE,Male,IT
2271,CSE,Male,2004,IT,Assistant System Engineer-Trainee,Yash Ramesh Dalal,2021-22,3.36,Tata Consultancy Services,CSE,Male,IT
2272,CSE,Male,2005,IT,Assistant System Engineer-Trainee,Rushikesh Maruti Dinde,2021-22,3.36,Tata Consultancy Services,CSE,Male,IT
2273,CSE,Male,2008,IT,Assistant System Engineer-Trainee,Sandesh Ramesh Lambor,2021-22,3.36,Tata Consultancy Services,CSE,Male,IT
2274,CSE,Male,2012,IT,Assistant System Engineer-Trainee,Rajavi Sandeep Sankpal,2021-22,3.36,Tata Consultancy Services,CSE,Male,IT
2275,CSE,Male,2014,IT,Assistant System Engineer-Trainee,Muzaffer Faiyaz Mulla,2021-22,3.36,Tata Consultancy Services,CSE,Male,IT
2276,CSE,Male,2015,IT,Assistant System Engineer-Trainee,Ajay Avinash Powar,2021-22,3.36,Tata Consultancy Services,CSE,Male,IT
2277,CSE,Male,2016,IT,Assistant System Engineer-Trainee,Jay Avinash Powar,2021-22,3.36,Tata Consultancy Services,CSE,Male,IT
2278,CSE,Male,2017,IT,Assistant System Engineer-Trainee,Gaurav Deepak Rahangdale,2021-22,3.36,Tata Consultancy Services,CSE,Male,IT
2279,CSE,Male,2020,IT,Assistant System Engineer-Trainee,Bhushan Ramdas Kale,2021-22,3.36,Tata Consultancy Services,CSE,Male,IT
2280,CSE,Male,2022,IT,System Engineer,Harshvardhan Sangram Patil,2021-22,7.5,Tata Consultancy Services,CSE,Male,IT
2281,CSE,Male,2023,IT,System Engineer,Aditya Sutar,2021-22,7.5,Tata Consultancy Services,CSE,Male,IT
2282,CSE,Male,2024,IT,System Engineer,Shubham Kiran Sutar,2021-22,7.5,Tata Consultancy Services,CSE,Male,IT
2283,CSE,Male,2028,IT,Full Stack Engineer,Rakesh S. Sutar,2021-22,3,Extraprenuers Pvt. Ltd,CSE,Male,IT
2284,CSE,Male,2029,IT,Full Stack Engineer,Yash Sunil Kosamkar,2021-22,3,Extraprenuers Pvt. Ltd,CSE,Male,IT
2285,CSE,Male,2030,IT,Software Engineer,Harshvardhan Patil,2021-22,4.71,Persistent Systems,CSE,Male,IT
2286,CSE,Male,2032,Non-IT,Social Media Marketing,Aditya Sutar,2021-22,1.8,AdMyBrand,CSE,Male,Non-IT
2287,CSE,Male,2034,Non-IT,Community Influncer,Nayan Yadwad,2021-22,3,MentorBoxx,CSE,Male,Non-IT
2288,CSE,Male,2042,Non-IT,Community Influncer,Jeet Aryan,2021-22,3,MentorBoxx,CSE,Male,Non-IT
2289,CSE,Male,2043,Non-IT,Community Influncer,Shantanu Ghule,2021-22,3,MentorBoxx,CSE,Male,Non-IT
2290,CSE,Male,2048,Non-IT,Community Influncer,Arbaj Mangaonkar,2021-22,3,MentorBoxx,CSE,Male,Non-IT
2291,CSE,Male,2051,Non-IT,Community Influncer,Vishwajeet V Jadhav,2021-22,3,MentorBoxx,CSE,Male,Non-IT
2292,CSE,Male,2052,Non-IT,Community Influncer,Shadab Solapure,2021-22,3,MentorBoxx,CSE,Male,Non-IT
2293,CSE,Male,2053,Non-IT,Community Influncer,Shoib Mulla,2021-22,3,MentorBoxx,CSE,Male,Non-IT
2294,CSE,Male,2054,Non-IT,Community Influncer,Subhash Chavan,2021-22,3,MentorBoxx,CSE,Male,Non-IT
2295,CSE,Male,2055,Non-IT,Community Influncer,Vinay Buwa,2021-22,3,MentorBoxx,CSE,Male,Non-IT
2296,CSE,Male,2056,Non-IT,Community Influncer,Shahid Mujawar,2021-22,3,MentorBoxx,CSE,Male,Non-IT
2297,CSE,Male,2058,Non-IT,Community Influncer,Rutvika Shinde,2021-22,3,MentorBoxx,CSE,Male,Non-IT
2298,CSE,Male,2060,Non-IT,Community Influncer,Utkarsha Vadgaonkar,2021-22,3,MentorBoxx,CSE,Male,Non-IT
2299,CSE,Male,2100,IT,Software Developer,Rahul Paval,2021-22,3,Anubudh Edutech,CSE,Male,IT
2300,CSE,Male,2101,IT,Software Developer,Shrikant Khurd,2021-22,3,Anubudh Edutech,CSE,Male,IT
2301,CSE,Male,2105,IT,Project Engineer,Aniket Bajirao Patil,2021-22,3.5,Wipro,CSE,Male,IT
2302,CSE,Male,2106,IT,Project Engineer,Arbaj Akaram Mangaonkar,2021-22,3.5,Wipro,CSE,Male,IT
2303,CSE,Male,2107,IT,Project Engineer,Bhushan Ramdas Kale,2021-22,3.5,Wipro,CSE,Male,IT
2304,CSE,Male,2111,IT,Project Engineer,Pratik Mahadev More,2021-22,3.5,Wipro,CSE,Male,IT
2305,CSE,Male,2114,IT,Project Engineer,Rohan Maruti Mane,2021-22,3.5,Wipro,CSE,Male,IT
2306,CSE,Male,2115,IT,Project Engineer,Rushikesh Maruti Dinde,2021-22,3.5,Wipro,CSE,Male,IT
2307,CSE,Male,2140,IT,Associate Analyst,Muzaffer Faiyaz Mulla,2021-22,10,Ugam Solutions,CSE,Male,IT
2308,CSE,Male,2142,IT,Associate Analyst,Omkar Ekal,2021-22,10,Ugam Solutions,CSE,Male,IT
2309,CSE,Male,2143,IT,Associate Analyst, Rohit Ranjit Patil,2021-22,10,Ugam Solutions,CSE,Male,IT
2310,CSE,Male,2147,IT,Associate Analyst,Vinay Anilkumar Shinde,2021-22,10,Ugam Solutions,CSE,Male,IT
2311,CSE,Male,2148,IT,Trainee Engineer,Vishwajeet Vijaykumar Jadhav,2021-22,3.8,Qspider,CSE,Male,IT
2312,CSE,Male,2149,IT,Trainee Engineer,Shivam Rajesh Mandlik,2021-22,3.8,Qspider,CSE,Male,IT
2313,CSE,Male,2152,IT,Trainee Engineer,Vivek Shashikant Biradar,2021-22,3.8,Qspider,CSE,Male,IT
2314,CSE,Male,2154,IT,Trainee Engineer,Akash Arvind Kengar,2021-22,3.8,Qspider,CSE,Male,IT
2315,CSE,Male,2155,IT,Trainee Engineer,Shrikant Suresh Khurd,2021-22,3.8,Qspider,CSE,Male,IT
2316,CSE,Male,2156,IT,Trainee Engineer,Akshay Shamrao Baleshgol,2021-22,3.8,Qspider,CSE,Male,IT
2317,CSE,Male,2157,IT,Trainee Engineer,Vinay Anil Buva,2021-22,3.8,Qspider,CSE,Male,IT
2318,CSE,Male,2158,IT,Trainee Engineer,shahid akbar mujawar,2021-22,3.8,Qspider,CSE,Male,IT
2319,CSE,Male,2169,IT,Project Engineer,Rakesh Sutar,2021-22,3.5,Wipro,CSE,Male,IT
2320,CSE,Male,2171,IT,Project Engineer,Saad Makandar,2021-22,3.5,Wipro,CSE,Male,IT
2321,CSE,Male,2173,IT,Project Engineer,Yash Dalal,2021-22,5.5,Wipro,CSE,Male,IT
2322,CSE,Male,2174,IT,SAP Consultant,Dhananjay Sonar,2021-22,8,KAAR Technologies,CSE,Male,IT
2323,CSE,Male,2175,IT,SAP Consultant,Jayesh Muley,2021-22,8,KAAR Technologies,CSE,Male,IT
2324,CSE,Male,2179,IT,Software Engineer,Subhash Suresh Chavan,2021-22,3,Hidden Brains,CSE,Male,IT
2325,CSE,Male,2180,IT,Associate Software Consultant,Akash Arvind Kengar,2021-22,4.5,EY GDS,CSE,Male,IT
2326,CSE,Male,2181,IT,Associate Software Consultant,Vishwajeet Vijaykumar Jadhav,2021-22,4.5,EY GDS,CSE,Male,IT
2327,CSE,Male,2190,IT,Software Engineer,Aniket Bajirao Patil,2021-22,4.71,Persistent Systems,CSE,Male,IT
2328,CSE,Male,2192,IT,Software Engineer,Rahul Paval,2021-22,4.71,Persistent Systems,CSE,Male,IT
2329,CSE,Male,2193,IT,Software Engineer,Vedang Upadhye,2021-22,4.71,Persistent Systems,CSE,Male,IT
2330,CSE,Male,2206,IT,Associate Engineer – Technology,Vedang Upadhye,2021-22,4.5,Virtusa,CSE,Male,IT
2331,CSE,Male,2208,IT,Software Engineer,Rahul Sadashiv Paval,2021-22,4.5,"Inexture, Ahmedabad",CSE,Male,IT
2332,CSE,Male,2209,IT,Software Engineer,Aditya Pramod Bote,2021-22,4.5,Cybage Software,CSE,Male,IT
2333,CSE,Male,2210,IT,Software Engineer,Muzaffer Faiyaz Mulla,2021-22,4.5,Cybage Software,CSE,Male,IT
2334,CSE,Male,2211,IT,Software Engineer,RAVI KUMAR,2021-22,4.5,Cybage Software,CSE,Male,IT
2335,CSE,Male,2212,IT,Software Engineer,Shrikant Suresh Khurd,2021-22,4.5,Cybage Software,CSE,Male,IT
2336,CSE,Male,2213,IT,Software Engineer,Uddhav Anant Powar,2021-22,4.5,Cybage Software,CSE,Male,IT
2337,CSE,Male,2216,IT,Software Engineer,Avadhut Tanugade,2021-22,8,SenSen Networks Limited,CSE,Male,IT
2338,CSE,Male,2235,IT,GenC - Select,Satvasheel Narendra Powar,2021-22,4,Cognizant,CSE,Male,IT
2339,CSE,Male,2237,IT,GenC - Select,Utsav Umesh Salokhe,2021-22,4,Cognizant,CSE,Male,IT
2340,CSE,Male,2240,IT,GenC - Select,Vivek Shashikant Biradar,2021-22,4,Cognizant,CSE,Male,IT
2341,CSE,Male,2242,IT,GenC - Select,Vedang Dattatray Upadhye,2021-22,4,Cognizant,CSE,Male,IT
2342,CSE,Male,2244,IT,GenC - Select,Sourabh Sudhir Shinde,2021-22,4,Cognizant,CSE,Male,IT
2343,CSE,Male,2246,IT,GenC - Select,Pratik Shantinath Jadhav,2021-22,4,Cognizant,CSE,Male,IT
2344,CSE,Male,2247,IT,GenC - Select,Satyajeet Vidyadhar Vhanbatte,2021-22,4,Cognizant,CSE,Male,IT
2345,CSE,Male,2249,IT,GenC Elevate - Select,Shrikant Suresh Khurd,2021-22,4.5,Cognizant,CSE,Male,IT
2346,CSE,Male,2258,IT,GenC Next - Select,Rakesh Sakharam Sutar,2021-22,6.75,Cognizant,CSE,Male,IT
2347,CSE,Male,2295,IT,Software Engineer,Gaurav Rahangdale,2021-22,4,Mind Tree,CSE,Male,IT
2348,CSE,Male,2299,IT,Software Engineer,Yash Dalal,2021-22,3.25,TechMahindra,CSE,Male,IT
2349,CSE,Male,2301,IT,Software Engineer,Siddhant Phatak,2021-22,5.73,FIS Global,CSE,Male,IT
2350,CSE,Male,2302,Non-IT,Management Trainee,Akshay S Baleshgol,2021-22,4.5,Square Yards,CSE,Male,Non-IT
2351,CSE,Male,2303,Non-IT,Management Trainee,Yash Vijay Phagare,2021-22,4.5,Square Yards,CSE,Male,Non-IT
2352,CSE,Male,2304,Non-IT,Management Trainee,Nikhil N Mudhale,2021-22,4.5,Square Yards,CSE,Male,Non-IT
2353,CSE,Male,2305,Non-IT,Management Trainee,Jeet Aryan,2021-22,4.5,Square Yards,CSE,Male,Non-IT
2354,CSE,Male,2316,IT,System Analyst,Tejas Deepak Pandit,2021-22,3.8,CAPGEMINI,CSE,Male,IT
2355,CSE,Male,2319,IT,System Analyst,SABA SALIM MHABAR,2021-22,3.8,CAPGEMINI,CSE,Male,IT
2356,CSE,Male,2323,IT,Software Engineer,Akshay Shamrao Baleshgol,2021-22,4,Msys Tech Pvt Ltd,CSE,Male,IT
2357,CSE,Male,2326,IT,Software Engineer,Nikhil Narendra Mudhale,2021-22,4,Msys Tech Pvt Ltd,CSE,Male,IT
2358,CSE,Male,2327,IT,Software Engineer,Pankaj Mahipati Sutar,2021-22,4,Msys Tech Pvt Ltd,CSE,Male,IT
2359,CSE,Male,2328,IT,Software Engineer,Shantanu Balaji Ghule,2021-22,4,Msys Tech Pvt Ltd,CSE,Male,IT
2360,CSE,Male,2329,IT,Software Engineer,Shantanu Jayvant Sapkal,2021-22,4,Msys Tech Pvt Ltd,CSE,Male,IT
2361,CSE,Male,2334,IT,Software Developer,Saba Mhabar,2021-22,3.5,Wiley-mthree,CSE,Male,IT
2362,CSE,Male,2393,IT,Analyst Trainee,Saba Mhabar,2021-22,4.5,Deloitte Consulting India Pvt Ltd,CSE,Male,IT
2363,CSE,Male,2398,IT,Analyst Trainee,Gaurav Deepak Rahangdale,2021-22,4.5,Deloitte Consulting India Pvt Ltd,CSE,Male,IT
2364,CSE,Male,2400,IT,Software Engineer,Shubham A. Sutar,2021-22,1.8,"MeshBA Solutions,Kolhapur",CSE,Male,IT
2365,CSE,Male,2404,IT,System Engineer, Siddhiraj Madhukar Telwekar,2021-22,3.6,Infosys,CSE,Male,IT
2366,CSE,Male,2406,IT,System Engineer,Shubham Arun Sutar,2021-22,3.6,Infosys,CSE,Male,IT
2367,CSE,Male,2413,IT,System Engineer,Pankaj Sutar,2021-22,3.6,Infosys,CSE,Male,IT
2368,CSE,Male,2433,IT,Project Engineer,Shahid Mujawar,2021-22,3.5,Wipro,CSE,Male,IT
2369,CSE,Male,2434,IT,System Analyst,Arbaj Mangaokar,2021-22,4,CAPGEMINI,CSE,Male,IT
2370,CSE,Male,2453,IT,Software Developer,Saba Mhabar,2021-22,7,Morgan Stanley,CSE,Male,IT
2371,CSE,Male,2458,IT,IT Trainee,Sandesh Lambor,2021-22,8.22,FIS Global,CSE,Male,IT
2372,CSE,Male,2462,IT,Junior Software Engineer,shahid akbar mujawar,2021-22,5.5,Indegene Private Limited,CSE,Male,IT
2373,CSE,Male,2470,IT,IT Trainee,Arbaj Mangaonkar,2021-22,5.35,FIS Global,CSE,Male,IT
2374,CSE,Male,2472,IT,IT Trainee,Tejas Pandit,2021-22,5.35,FIS Global,CSE,Male,IT
2375,CSE,Male,2476,IT,IT Trainee,Sourabh Sudhir Shinde,2021-22,5.35,FIS Global,CSE,Male,IT
2376,CSE,Male,2487,IT,Software Engineer, Vinay Anil Buva,2021-22,8.5, Akamai Technologies India Pvt Ltd,CSE,Male,IT
2377,CSE,Male,2504,IT,Software Developer,Shivtej Dipak Gulave,2022-23,4,Streebo,CSE,Male,IT
2378,CSE,Male,2505,IT,Software Developer,Sahil Prasad Dixit,2022-23,4,Streebo,CSE,Male,IT
2379,CSE,Male,2506,IT,Software Developer,Shreyash Deepak Patil,2022-23,4,Streebo,CSE,Male,IT
2380,CSE,Male,2523,IT,Associate Professional,Omkar Raju Kulkarni,2022-23,4.2,DXC Technology,CSE,Male,IT
2381,CSE,Male,2528,IT,Associate Professional,Nilesh Dattatray Salokhe,2022-23,4.2,DXC Technology,CSE,Male,IT
2382,CSE,Male,2530,IT,Associate Professional,Shreyash Balasaheb Chavan,2022-23,4.2,DXC Technology,CSE,Male,IT
2383,CSE,Male,2531,IT,Associate Professional,Daidipya Ashok Mane,2022-23,4.2,DXC Technology,CSE,Male,IT
2384,CSE,Male,2532,IT,Associate Professional,Shashikant Gajanan Mane,2022-23,4.2,DXC Technology,CSE,Male,IT
2385,CSE,Male,2533,IT,Associate Professional,Rohit Yashavant Pachakar,2022-23,4.2,DXC Technology,CSE,Male,IT
2386,CSE,Male,2537,IT,Associate Professional,Rutik Ashok Bhat,2022-23,4.2,DXC Technology,CSE,Male,IT
2387,CSE,Male,2540,IT,Associate Professional,Pranav Suresh Bagi,2022-23,4.2,DXC Technology,CSE,Male,IT
2388,CSE,Male,2542,IT,Associate Professional,HARSHVARDHAN RAMESH NIGAVEKAR,2022-23,4.2,DXC Technology,CSE,Male,IT
2389,CSE,Male,2543,IT,Associate Professional,sidhant laxman buchade,2022-23,4.2,DXC Technology,CSE,Male,IT
2390,CSE,Male,2546,IT,Associate Professional,Siddharth Sanjay Gharage,2022-23,4.2,DXC Technology,CSE,Male,IT
2391,CSE,Male,2548,IT,Associate Professional,Abhishek Ashok Kamble,2022-23,4.2,DXC Technology,CSE,Male,IT
2392,CSE,Male,2551,IT,Associate Professional,Pramod Chanabasu Bagali,2022-23,4.2,DXC Technology,CSE,Male,IT
2393,CSE,Male,2553,IT,Associate Professional,Avishkar Suresh Khot,2022-23,4.2,DXC Technology,CSE,Male,IT
2394,CSE,Male,2554,IT,Associate Professional,Shreyash Deepak Patil,2022-23,4.2,DXC Technology,CSE,Male,IT
2395,CSE,Male,2560,IT,Associate Professional,Vijay Bharamappa Ganiger,2022-23,4.2,DXC Technology,CSE,Male,IT
2396,CSE,Male,2605,IT,Software Engineer,Shreyash Patil,2022-23,10,Brillieo,CSE,Male,IT
2397,CSE,Male,2606,IT,Software Engineer,Pratham Korade,2022-23,10,Brillieo,CSE,Male,IT
2398,CSE,Male,2607,IT,Software Engineer,Sahil Dixit,2022-23,10,Brillieo,CSE,Male,IT
2399,CSE,Male,2608,IT,Project Engineer,Sanket Rajendra Patil,2022-23,4,KPIT,CSE,Male,IT
2400,CSE,Male,2610,IT,Project Engineer,Avishkar Suresh Khot,2022-23,4,KPIT,CSE,Male,IT
2401,CSE,Male,2611,IT,Project Engineer,Tarikanwar Balasaheb Nadaf,2022-23,4,KPIT,CSE,Male,IT
2402,CSE,Male,2612,IT,Project Engineer,Sadik Amir Fakir,2022-23,4,KPIT,CSE,Male,IT
2403,CSE,Male,2617,IT,Project Engineer,PRITAM PARTHA DEY,2022-23,4,KPIT,CSE,Male,IT
2404,CSE,Male,2618,IT,Project Engineer,Guruprasad Prabhakar Desai,2022-23,4,KPIT,CSE,Male,IT
2405,CSE,Male,2620,IT,Project Engineer,Tanish Sunil Shinde,2022-23,4,KPIT,CSE,Male,IT
2406,CSE,Male,2621,IT,Project Engineer,Siddharth Sanjay Gharage,2022-23,4,KPIT,CSE,Male,IT
2407,CSE,Male,2622,IT,Project Engineer,Sohail Nazir Shaikh,2022-23,4,KPIT,CSE,Male,IT
2408,CSE,Male,2623,IT,Project Engineer,Shreyash Deepak Patil,2022-23,4,KPIT,CSE,Male,IT
2409,CSE,Male,2627,IT,Project Engineer,RAHUL RAJENDRA HASOLKAR,2022-23,4,KPIT,CSE,Male,IT
2410,CSE,Male,2628,IT,Project Engineer,Shashikant Gajanan Mane,2022-23,4,KPIT,CSE,Male,IT
2411,CSE,Male,2630,IT,Software Engineer,Sadik Amir Fakir,2022-23,6.5,Hitachi vantara,CSE,Male,IT
2412,CSE,Male,2631,IT,System Engineer,Nihal Musaali Mulani,2022-23,7,Tata Consultancy Services,CSE,Male,IT
2413,CSE,Male,2632,IT,System Engineer,Guruprasad Prabhakar Desai,2022-23,3.36,Tata Consultancy Services,CSE,Male,IT
2414,CSE,Male,2637,IT,System Engineer,Nihal Rafik Khan,2022-23,3.36,Tata Consultancy Services,CSE,Male,IT
2415,CSE,Male,2643,IT,System Engineer,Pranav Suresh Bagi,2022-23,3.36,Tata Consultancy Services,CSE,Male,IT
2416,CSE,Male,2644,IT,System Engineer,Hrishikesh Tukaram Patil,2022-23,3.36,Tata Consultancy Services,CSE,Male,IT
2417,CSE,Male,2645,IT,System Engineer,Tarikanwar Balasaheb Nadaf,2022-23,3.36,Tata Consultancy Services,CSE,Male,IT
2418,CSE,Male,2650,IT,GET,Abhishek Ashok Kamble,2022-23,5,VOIS,CSE,Male,IT
2419,CSE,Male,2653,IT,GET,Atharv Uday Lad,2022-23,5,VOIS,CSE,Male,IT
2420,CSE,Male,2654,IT,GET,Avishkar Suresh Khot,2022-23,5,VOIS,CSE,Male,IT
2421,CSE,Male,2659,IT,GET,Mansing Gangaram Patil,2022-23,5,VOIS,CSE,Male,IT
2422,CSE,Male,2660,IT,GET,Mayank Madhukar Kurade,2022-23,5,VOIS,CSE,Male,IT
2423,CSE,Male,2661,IT,GET,Nihal Rafik Khan,2022-23,5,VOIS,CSE,Male,IT
2424,CSE,Male,2665,IT,GET,Pranav Suresh Bagi,2022-23,5,VOIS,CSE,Male,IT
2425,CSE,Male,2667,IT,GET,PRITAM PARTHA DEY,2022-23,5,VOIS,CSE,Male,IT
2426,CSE,Male,2668,IT,GET,Sadik Amir Fakir,2022-23,5,VOIS,CSE,Male,IT
2427,CSE,Male,2669,IT,GET,Sahil Prasad Dixit,2022-23,5,VOIS,CSE,Male,IT
2428,CSE,Male,2672,IT,GET,Sanket Rajendra Patil,2022-23,5,VOIS,CSE,Male,IT
2429,CSE,Male,2673,IT,GET,Shashikant Gajanan Mane,2022-23,5,VOIS,CSE,Male,IT
2430,CSE,Male,2674,IT,GET,Shivtej Dipak Gulave,2022-23,5,VOIS,CSE,Male,IT
2431,CSE,Male,2676,IT,GET,Shreyash Balasaheb Chavan,2022-23,5,VOIS,CSE,Male,IT
2432,CSE,Male,2677,IT,GET,Shreyash Deepak Patil,2022-23,5,VOIS,CSE,Male,IT
2433,CSE,Male,2679,IT,GET,Soham Ramchandra Walke,2022-23,5,VOIS,CSE,Male,IT
2434,CSE,Male,2680,IT,GET,Varad Sanjay Khot,2022-23,5,VOIS,CSE,Male,IT
2435,CSE,Male,2681,IT,GET,Vijay Bharamappa Ganiger,2022-23,5,VOIS,CSE,Male,IT
2436,CSE,Male,2694,IT,GET,Nihal Musaali Mulani,2022-23,5,VOIS,CSE,Male,IT
2437,CSE,Male,2697,IT,Data Science Analyst, Altmash Azad Nadaf,2022-23,4.85,EY GDS,CSE,Male,IT
2438,CSE,Male,2698,IT,GET,Atharv Uday Lad,2022-23,5,Agiliad Technologies,CSE,Male,IT
2439,CSE,Male,2700,IT,GET,Poonam Gundaji Khatkale,2022-23,5,Agiliad Technologies,CSE,Male,IT
2440,CSE,Male,2701,IT,GET,Prathmesh Ramesh Sutar,2022-23,5,Agiliad Technologies,CSE,Male,IT
2441,CSE,Male,2703,IT,GET,siddheshwar krushnanath vetale,2022-23,5,Agiliad Technologies,CSE,Male,IT
2442,CSE,Male,2704,IT,GET,Soham Ramchandra Walke,2022-23,5,Agiliad Technologies,CSE,Male,IT
2443,CSE,Male,2710,IT,Software Engineer,Bhausaheb Shivaji Shingade,2022-23,4,Qspider,CSE,Male,IT
2444,CSE,Male,2712,IT,Software Engineer,Shivam Katale,2022-23,4,Qspider,CSE,Male,IT
2445,CSE,Male,2713,IT,Software Engineer,Ashutosh Nagesh Konewadkar,2022-23,4,Qspider,CSE,Male,IT
2446,CSE,Male,2715,IT,Software Engineer,Prathamesh Santosh Mahadik,2022-23,4,Qspider,CSE,Male,IT
2447,CSE,Male,2729,IT,GET,Ajit Chandrashekhar Kalburgi,2022-23,3.5,TATA ELXI,CSE,Male,IT
2448,CSE,Male,2733,IT,GET,Nikhil Murlidhar Sutar,2022-23,3.5,TATA ELXI,CSE,Male,IT
2449,CSE,Male,2734,IT,GET,Prasanna Jayvant Patil,2022-23,3.5,TATA ELXI,CSE,Male,IT
2450,CSE,Male,2736,IT,GET,Shardul Shrikant Shinde,2022-23,3.5,TATA ELXI,CSE,Male,IT
2451,CSE,Male,2737,IT,GET,Shubham Balkrishna Bhosale,2022-23,3.5,TATA ELXI,CSE,Male,IT
2452,CSE,Male,2742,IT,Software Engineer,Sudarshan Doke,2022-23,4,Sankey Solutions,CSE,Male,IT
2453,CSE,Male,2743,IT,Gen C,Soham Ramchandra Walke,2022-23,4.2,Cognizant,CSE,Male,IT
2454,CSE,Male,2744,IT,Gen C,Rutik Ashok Bhat,2022-23,4.2,Cognizant,CSE,Male,IT
2455,CSE,Male,2745,IT,Gen C,Shubham Balkrishna Bhosale,2022-23,4.2,Cognizant,CSE,Male,IT
2456,CSE,Male,2746,IT,Gen C,Guruprasad Prabhakar Desai,2022-23,4.2,Cognizant,CSE,Male,IT
2457,CSE,Male,2747,IT,GET,Shubham Ashok Jadhav,2022-23,3.25,TechMahindra,CSE,Male,IT
2458,CSE,Male,2748,IT,GET,Prasanna Jayvant Patil,2022-23,3.25,TechMahindra,CSE,Male,IT
2459,CSE,Male,2755,IT,Software Engineer, Rohit Rajaram Mohite,2022-23,3.5,T-Cognition,CSE,Male,IT
2460,CSE,Male,2761,Non-IT,Subject Matter Expert,Prathamesh Santosh Mahadik,2022-23,3,Chegg,CSE,Male,Non-IT
2461,CSE,Male,2762,Non-IT,Subject Matter Expert,Jeehan Iqbal Sanglikar,2022-23,3,Chegg,CSE,Male,Non-IT
2462,CSE,Male,2772,Non-IT,Subject Matter Expert,Raj Ravindrakumar Bhore,2022-23,3,Chegg,CSE,Male,Non-IT
2463,CSE,Male,2778,Non-IT,Subject Matter Expert,Ratnadeep Krushna Kamble,2022-23,3,Chegg,CSE,Male,Non-IT
2464,CSE,Male,2780,Non-IT,Subject Matter Expert,Onkar Balvant Kumbhar,2022-23,3,Chegg,CSE,Male,Non-IT
2465,CSE,Male,2794,Non-IT,Subject Matter Expert,Vishal Dattatray Pakhare,2022-23,3,Chegg,CSE,Male,Non-IT
2466,CSE,Male,2796,Non-IT,Subject Matter Expert,Nilesh Dattatray Salokhe,2022-23,3,Chegg,CSE,Male,Non-IT
2467,CSE,Male,2799,Non-IT,Subject Matter Expert,Swajeet Dattatray Dharmadhikari,2022-23,3,Chegg,CSE,Male,Non-IT
2468,CSE,Male,2801,Non-IT,Subject Matter Expert,Swapnil Jitendra Khambayat,2022-23,3,Chegg,CSE,Male,Non-IT
2469,CSE,Male,2806,Non-IT,Subject Matter Expert,Shivam Amrutrao Katale,2022-23,3,Chegg,CSE,Male,Non-IT
2470,CSE,Male,2810,Non-IT,Subject Matter Expert,Vishal Tanaji Gavasekar,2022-23,3,Chegg,CSE,Male,Non-IT
2471,CSE,Male,2813,Non-IT,Subject Matter Expert,Nikhil Murlidhar Sutar,2022-23,3,Chegg,CSE,Male,Non-IT
2472,CSE,Male,2816,Non-IT,Subject Matter Expert,Ravindra Govardhan Thorat,2022-23,3,Chegg,CSE,Male,Non-IT
2473,CSE,Male,2817,Non-IT,Subject Matter Expert,Shivanand Subhash Talewadikar,2022-23,3,Chegg,CSE,Male,Non-IT
2474,CSE,Male,2820,Non-IT,Subject Matter Expert,Stalin Sandip Tondale,2022-23,3,Chegg,CSE,Male,Non-IT
2475,CSE,Male,2824,Non-IT,Subject Matter Expert,Soham Ramchandra Walke,2022-23,3,Chegg,CSE,Male,Non-IT
2476,CSE,Male,2827,Non-IT,Subject Matter Expert,Sanket Ravindra Mane,2022-23,3,Chegg,CSE,Male,Non-IT
2477,CSE,Male,2833,Non-IT,Subject Matter Expert,Durgesh Yuwraj Patil,2022-23,3,Chegg,CSE,Male,Non-IT
2478,CSE,Male,2845,Non-IT,Subject Matter Expert,Shreyash Balasaheb Chavan,2022-23,3,Chegg,CSE,Male,Non-IT
2479,CSE,Male,2846,Non-IT,Subject Matter Expert,Aishwarya Shantinath Kamat,2022-23,3,Chegg,CSE,Male,Non-IT
2480,CSE,Male,2847,Non-IT,Subject Matter Expert,Shubham Balkrishna Bhosale,2022-23,3,Chegg,CSE,Male,Non-IT
2481,CSE,Male,2849,Non-IT,Subject Matter Expert,Rushikesh Shivaji Khavare,2022-23,3,Chegg,CSE,Male,Non-IT
2482,CSE,Male,2858,Non-IT,Subject Matter Expert,Guruprasad Prabhakar Desai,2022-23,3,Chegg,CSE,Male,Non-IT
2483,CSE,Male,2864,Non-IT,Subject Matter Expert,Yash Ramprasad Dahake,2022-23,3,Chegg,CSE,Male,Non-IT
2484,CSE,Male,2878,Non-IT,Subject Matter Expert,Susham Dhanaji Jagdale,2022-23,3,Chegg,CSE,Male,Non-IT
2485,CSE,Male,2880,Non-IT,Subject Matter Expert,Hrishikesh Tukaram Patil,2022-23,3,Chegg,CSE,Male,Non-IT
2486,CSE,Male,2883,Non-IT,Subject Matter Expert,Ashutosh Nagesh Konewadkar,2022-23,3,Chegg,CSE,Male,Non-IT
2487,CSE,Male,2889,Non-IT,Subject Matter Expert,Aditya Satish Bagadi,2022-23,3,Chegg,CSE,Male,Non-IT
2488,CSE,Male,2895,Non-IT,Subject Matter Expert,Sudarshan Ishwar Doke,2022-23,3,Chegg,CSE,Male,Non-IT
2489,CSE,Male,2905,Non-IT,Subject Matter Expert,Akash Prakash Murchite,2022-23,3,Chegg,CSE,Male,Non-IT
2490,CSE,Male,2912,Non-IT,Subject Matter Expert,Adarsh Sunil Singh,2022-23,3,Chegg,CSE,Male,Non-IT
2491,CSE,Male,2914,Non-IT,Subject Matter Expert,Sohail Nazir Shaikh,2022-23,3,Chegg,CSE,Male,Non-IT
2492,CSE,Male,2917,Non-IT,Subject Matter Expert,Omkar Jeevan Kotamire,2022-23,3,Chegg,CSE,Male,Non-IT
2493,CSE,Male,2925,Non-IT,Subject Matter Expert,Pranav Uday Pise,2022-23,3,Chegg,CSE,Male,Non-IT
2494,CSE,Male,2930,Non-IT,Subject Matter Expert,Rohit Rajaram Mohite,2022-23,3,Chegg,CSE,Male,Non-IT
2495,CSE,Male,2932,Non-IT,Subject Matter Expert,Tejas Mahadev Hogade,2022-23,3,Chegg,CSE,Male,Non-IT
2496,CSE,Male,2938,Non-IT,Subject Matter Expert,Ashish Ashok Sangar,2022-23,3,Chegg,CSE,Male,Non-IT
2497,CSE,Male,2944,Non-IT,Subject Matter Expert,Vaibhav Vilas Nagane,2022-23,3,Chegg,CSE,Male,Non-IT
2498,CSE,Male,2954,Non-IT,Subject Matter Expert,Sanket Sakharam Patil,2022-23,3,Chegg,CSE,Male,Non-IT
2499,CSE,Male,2967,Non-IT,Subject Matter Expert,Hrishikesh Tukaram Patil,2022-23,3,Chegg,CSE,Male,Non-IT
2500,CSE,Male,2985,Non-IT,Subject Matter Expert,Prathamesh Sanjay Patil,2022-23,3,Chegg,CSE,Male,Non-IT
2501,CSE,Male,2993,Non-IT,Subject Matter Expert,Pranav Chandrakant Mane,2022-23,3,Chegg,CSE,Male,Non-IT
2502,CSE,Male,2994,Non-IT,Subject Matter Expert,Saurabh Shrikant Sonalakar,2022-23,3,Chegg,CSE,Male,Non-IT
2503,CSE,Male,3002,Non-IT,Subject Matter Expert,Stalin Sandip Tondale,2022-23,3,Chegg,CSE,Male,Non-IT
2504,CSE,Male,3029,IT,Software Engineer,Akash Nandkumar Bhosale,2022-23,3,ExcelR,CSE,Male,IT
2505,CSE,Male,3031,IT,Software Engineer,Ranjeet Dadaso Bawache,2022-23,3,ExcelR,CSE,Male,IT
2506,CSE,Male,3041,IT,Software Engineer,PRITAM PARTHA DEY,2022-23,3.6,"Acty System,Pune",CSE,Male,IT
2507,CSE,Male,3042,IT,Software Engineer,Nikhil Sanjay Gurav,2022-23,3.6,"Acty System,Pune",CSE,Male,IT
2508,CSE,Male,3045,IT,Software Engineer,Vishal Tanaji Gavasekar,2022-23,3.1,Atos global,CSE,Male,IT
2509,CSE,Male,3049,IT,Premier GET,Atharv Uday Lad,2022-23,6,Hexaware,CSE,Male,IT
2510,CSE,Male,3050,IT,Software Tester,Sanket More,2022-23,4,Cyber Success,CSE,Male,IT
2511,CSE,Male,3051,IT,Software Tester,Muhammadaqib Shaikh,2022-23,4,Cyber Success,CSE,Male,IT
2512,CSE,Male,3056,IT,Java Developer,Saurabh Sonalkar,2022-23,4,Cyber Success,CSE,Male,IT
2513,CSE,Male,3084,IT,Trainee Engineer, Ravindra Govardhan Thorat,2022-23,3,Palle Technology,CSE,Male,IT
2514,CSE,Male,3085,IT,Trainee Engineer,Suraj Suhas Kamble,2022-23,3,Palle Technology,CSE,Male,IT
2515,CSE,Male,3100,IT,Automation Tester,Ranjeet Dadaso Bawache,2022-23,2.75,QualityKiosk,CSE,Male,IT
2516,CSE,Male,3119,IT,Trainee Engineer,Omkar Jeevan Kotamire,2022-23,3,Skandha Media Services Pvt Ltd,CSE,Male,IT
2517,CSE,Male,3120,IT,Trainee Engineer,Saurabh Shrikant Sonalakar,2022-23,3,Skandha Media Services Pvt Ltd,CSE,Male,IT
2518,CSE,Male,3142,Non-IT,Business Development Associate,Raj Ravindrakumar Bhore,2022-23,7,BYJU's,CSE,Male,Non-IT
2519,CSE,Male,3147,Non-IT,Business Development Associate,"
 Jeehan Iqbal Sanglikar",2022-23,7,BYJU's,CSE,Male,Non-IT
2520,CSE,Male,3196,IT,Software Developer,Sushant Appasaheb Shelake,2023-24,5,"Streebo,USA",CSE,Male,IT
2521,CSE,Male,3199,IT,GET,Aniket Shivaji Parale,2023-24,6,CtrlS,CSE,Male,IT
2522,CSE,Male,3200,IT,GET,Mayur Manik Gaikwad,2023-24,6,CtrlS,CSE,Male,IT
2523,CSE,Male,3201,IT,GET,Rupam Ravindra Jadhav,2023-24,6,CtrlS,CSE,Male,IT
2524,CSE,Male,3203,IT,GET,Shoukat Rasul Mulla,2023-24,6,CtrlS,CSE,Male,IT
2525,CSE,Male,3204,IT,GET,Shreyas Chandrashekhar Sawant,2023-24,6,CtrlS,CSE,Male,IT
2526,CSE,Male,3208,IT,GET,Yash Chandrakant Nalavade,2023-24,6,CtrlS,CSE,Male,IT
2527,CSE,Male,3214,IT,GET,Aditya Jitendra Kulkarni,2023-24,3.5,TechMahindra,CSE,Male,IT
2528,CSE,Male,3215,IT,GET,Alimurtuza Amin Pathan,2023-24,3.5,TechMahindra,CSE,Male,IT
2529,CSE,Male,3216,IT,GET,Parth Sriprasad Yadav,2023-24,3.5,TechMahindra,CSE,Male,IT
2530,CSE,Male,3217,IT,GET,Ramprasad Dattatray Bhat,2023-24,3.5,TechMahindra,CSE,Male,IT
2531,CSE,Male,3218,IT,GET,Rushikesh Shatrughna Bhosale,2023-24,3.5,TechMahindra,CSE,Male,IT
2532,CSE,Male,3220,IT,GET,Samanveet Shankarrao Kurulkar,2023-24,3.5,TechMahindra,CSE,Male,IT
2533,CSE,Male,3221,IT,GET,Sarfaraj Salim Shaikh,2023-24,3.5,TechMahindra,CSE,Male,IT
2534,CSE,Male,3222,IT,GET,Shrimant Arvind Chavan,2023-24,3.5,TechMahindra,CSE,Male,IT
2535,CSE,Male,3223,IT,GET,Swapnil Pralhad Patil,2023-24,3.5,TechMahindra,CSE,Male,IT
2536,CSE,Male,3225,IT,GET,Varad Prakash Belwalkar,2023-24,3.5,TechMahindra,CSE,Male,IT
2537,CSE,Male,3236,IT,GET,Aditya Mahesh Deshmukh,2023-24,4,Hexaware,CSE,Male,IT
2538,CSE,Male,3239,IT,GET,Parth Pravin Patil,2023-24,4,Hexaware,CSE,Male,IT
2539,CSE,Male,3241,IT,GET,Rohan Ashok Chougule,2023-24,4,Hexaware,CSE,Male,IT
2540,CSE,Male,3242,IT,GET,Rushikesh Shatrughna Bhosale,2023-24,4,Hexaware,CSE,Male,IT
2541,CSE,Male,3244,IT,GET,Shreyas Pravin Patil,2023-24,4,Hexaware,CSE,Male,IT
2542,CSE,Male,3245,IT,GET,Shubham Raju Patil,2023-24,4,Hexaware,CSE,Male,IT
2543,CSE,Male,3247,IT,GET,Vaibhav Nitin Patil,2023-24,4,Hexaware,CSE,Male,IT
2544,CSE,Male,3251,IT,Software Developer,Muhammadkhalid Alfaj Mujawar,2023-24,7.8,Dassault Systems,CSE,Male,IT
2545,CSE,Male,3252,IT,Software Developer,Om Suryakant Koli,2023-24,7.8,Dassault Systems,CSE,Male,IT
2546,CSE,Male,3253,IT,Software Developer,Satej Sanjay Kalebere,2023-24,7.8,Dassault Systems,CSE,Male,IT
2547,CSE,Male,3256,IT,Software Developer,Shubham Raju Patil,2023-24,7.8,Dassault Systems,CSE,Male,IT
2548,CSE,Male,3257,IT,Software Developer,Tushar Anil Kamble,2023-24,7.8,Dassault Systems,CSE,Male,IT
2549,CSE,Male,3258,IT,Software Developer,Vikas Vinod Patil,2023-24,7.8,Dassault Systems,CSE,Male,IT
2550,CSE,Male,3259,IT,Software Developer,Yash Ananda Nikam,2023-24,7.8,Dassault Systems,CSE,Male,IT
2551,CSE,Male,3305,IT,Subject Matter Expert,Adinath Bhagwan Mundhe,2023-24,3,Chegg India,CSE,Male,IT
2552,CSE,Male,3307,IT,Subject Matter Expert,Anant Purushottam Mulay,2023-24,3,Chegg India,CSE,Male,IT
2553,CSE,Male,3308,IT,Subject Matter Expert,Ankur Sanjaykumar Potdar,2023-24,3,Chegg India,CSE,Male,IT
2554,CSE,Male,3316,IT,Subject Matter Expert,Om Balvant Shinde,2023-24,3,Chegg India,CSE,Male,IT
2555,CSE,Male,3317,IT,Subject Matter Expert,Omkar Ramesh Gulambe,2023-24,3,Chegg India,CSE,Male,IT
2556,CSE,Male,3320,IT,Subject Matter Expert,Rameshwar Sanjay Patil,2023-24,3,Chegg India,CSE,Male,IT
2557,CSE,Male,3328,IT,Subject Matter Expert,Samir Jotiba Desai,2023-24,3,Chegg India,CSE,Male,IT
2558,CSE,Male,3329,IT,Subject Matter Expert,Sanket Ashok Salokhe,2023-24,3,Chegg India,CSE,Male,IT
2559,CSE,Male,3331,IT,Subject Matter Expert,Shatrughn Maruti Pinjari,2023-24,3,Chegg India,CSE,Male,IT
2560,CSE,Male,3332,IT,Subject Matter Expert,Shubham Vilas Mohod,2023-24,3,Chegg India,CSE,Male,IT
2561,CSE,Male,3333,IT,Subject Matter Expert,Siddhesh Makarand Dewalekar,2023-24,3,Chegg India,CSE,Male,IT
2562,CSE,Male,3334,IT,Subject Matter Expert,Sushant Appasaheb Shelake,2023-24,3,Chegg India,CSE,Male,IT
2563,CSE,Male,3335,IT,Subject Matter Expert,Swaroop Mahadev Sutar,2023-24,3,Chegg India,CSE,Male,IT
2564,CSE,Male,3336,IT,Subject Matter Expert,Tushar Anil Kamble,2023-24,3,Chegg India,CSE,Male,IT
2565,CSE,Male,3337,IT,Subject Matter Expert,Tushar Ravindra Patil,2023-24,3,Chegg India,CSE,Male,IT
2566,CSE,Male,3338,IT,Subject Matter Expert,Vaibhav Nitin Patil,2023-24,3,Chegg India,CSE,Male,IT
2567,CSE,Male,3339,IT,Subject Matter Expert,Viraj Arunrao Raut,2023-24,3,Chegg India,CSE,Male,IT
2568,CSE,Male,3340,IT,Subject Matter Expert,Yash Anil Kashid,2023-24,3,Chegg India,CSE,Male,IT
2569,CSE,Male,3383,Non-IT,Business Development Counsellar, Shubham Vilas Mohod,2023-24,6.5,PlanetSpark,CSE,Male,Non-IT
2570,CSE,Male,3402,IT,Software Engineer, Shubham Vilas Mohod,2023-24,4.5,Mastek,CSE,Male,IT
2571,CSE,Male,3414,IT,Software Engineer,Harshvardhan Sunil Solankure,2023-24,4,EXCELR Solutions,CSE,Male,IT
2572,CSE,Male,3415,IT,Software Engineer,Siddhesh Makarand Dewalekar,2023-24,4,EXCELR Solutions,CSE,Male,IT
2573,CSE,Male,3416,IT,Software Engineer,Saurabh Sanjay Patil,2023-24,4,EXCELR Solutions,CSE,Male,IT
2574,CSE,Male,3432,IT,Trainee Engineer,Yash Anil Kashid,2023-24,4,Cyber Success,CSE,Male,IT
2575,CSE,Male,3433,IT,Trainee Engineer,Jatin Jitendra Mhatre,2023-24,4,Cyber Success,CSE,Male,IT
2576,CSE,Male,3435,IT,Trainee Engineer,Sumit Mahadev Dhadam,2023-24,4,Cyber Success,CSE,Male,IT
2577,CSE,Male,3436,IT,Trainee Engineer,Swaroop Mahadev Sutar,2023-24,4,Cyber Success,CSE,Male,IT
2578,CSE,Male,3437,IT,Trainee Engineer,Rajvardhan Hanumant Kale,2023-24,4,Cyber Success,CSE,Male,IT
2579,CSE,Male,3439,IT,Trainee Engineer,Arun Rajendra Desai,2023-24,4,Cyber Success,CSE,Male,IT
2580,CSE,Male,3444,IT,Software Developer,Santosh Mane,2023-24,2.76,ArgyleEnigma Tech Labs,CSE,Male,IT
2581,CSE,Male,3470,IT,Automation Engineer,Om Balvant Shinde,2023-24,5,Quality Kiosk,CSE,Male,IT
2582,CSE,Male,3472,IT,Automation Engineer,Siddhesh Makarand Dewalekar,2023-24,5,Quality Kiosk,CSE,Male,IT
2583,CSE,Male,3480,IT,Technology Consultant,Allay Sukant Sahoo,2023-24,8,"Technogise,Pune",CSE,Male,IT
2584,CSE,Male,3482,IT,Software Developer (Traine),Viraj Arunrao Raut,2023-24,3,"Numetry Technologies, Pune",CSE,Male,IT
2585,CSE,Male,3488,IT,Trainee Engineer,Abhishek Vithoba Kawale,2023-24,3,Pentagon Space Pvt Ltd,CSE,Male,IT
2586,CSE,Male,3493,IT,Trainee Engineer,Prajwal Shivaji Latake,2023-24,3,Qspider,CSE,Male,IT
2587,CSE,Male,3497,IT,Trainee Engineer,Rutvik Subhash Galande,2023-24,3,Qspider,CSE,Male,IT
2588,CSE,Male,3512,IT,Trainee Engineer,Omkar Ramesh Gulambe,2023-24,3,Qspider,CSE,Male,IT
2589,CSE,Male,3533,IT,Project Engineer,Janhavi Rajendra Sawant,2023-24,3.25,Tech Mahindra,CSE,Male,IT
2590,CSE,Male,3534,IT,Project Engineer,Mayuresh Moreshwar Makote,2023-24,3.25,Tech Mahindra,CSE,Male,IT
2591,CSE,Male,3535,IT,Project Engineer,Prajwal Shivaji Latake,2023-24,3.25,Tech Mahindra,CSE,Male,IT
2592,CSE,Male,3537,IT,Project Engineer,Shatrughn Maruti Pinjari,2023-24,3.25,Tech Mahindra,CSE,Male,IT
2593,CSE,Male,3539,IT,Project Engineer,Siddhesh Makarand Dewalekar,2023-24,3.25,Tech Mahindra,CSE,Male,IT
2594,CSE,Male,3541,IT,Project Engineer,Vibhav Subodh Inamdar,2023-24,3.25,Tech Mahindra,CSE,Male,IT
2595,CSE,Male,3555,IT,Special Engineer, Gaurav Ajay Mane,2023-24,5.57,Fox Solutions,CSE,Male,IT
2596,CSE,Male,3561,IT,Trainee Programmer,Omkar Gulamber,2023-24,3,EScan,CSE,Male,IT
2597,CSE,Male,3575,IT,Software Engineer,Rajvardhan Kesarkar,2023-24,4,EXCELR Solutions,CSE,Male,IT
2598,CSE,Male,3608,IT,Trainee Engineer,Yash Anil Kashid,2023-24,3,"Technolearn,Pune",CSE,Male,IT
2599,CSE,Male,3628,Non-IT,Business Development Associate,Abhishek Vithoba Kawale,2023-24,6.5,Corizo,CSE,Male,Non-IT
2600,CSE,Male,3631,IT,Prime,Sushant Appasaheb Shelake,2023-24,9,TCS,CSE,Male,IT
2601,CSE,Male,3634,IT,Digital,Shlok Kiran Dubal,2023-24,7.5,TCS,CSE,Male,IT
2602,CSE,Male,3635,IT,Ninja,Varad Prakash Belvalkar,2023-24,3.38,TCS,CSE,Male,IT
2603,CSE,Male,3637,IT,Ninja,Abhishek Vithoba Kawale,2023-24,3.38,TCS,CSE,Male,IT
2604,CSE,Male,3638,IT,Ninja,Aditya Yogendra Marathe,2023-24,3.38,TCS,CSE,Male,IT
2605,CSE,Male,3639,IT,Ninja,Aishwarya Abhijit Patil,2023-24,3.38,TCS,CSE,Male,IT
2606,CSE,Male,3641,IT,Ninja,Atharv Shivaji Adsul,2023-24,3.38,TCS,CSE,Male,IT
2607,CSE,Male,3646,IT,Ninja,Sambhaji Bhimrao Gade,2023-24,3.38,TCS,CSE,Male,IT
2608,CSE,Male,3649,IT,Ninja,Shatrughn Maruti Pinjari,2023-24,3.38,TCS,CSE,Male,IT
2609,CSE,Male,3651,IT,Ninja,Snehal Shantaram Shinde,2023-24,3.38,TCS,CSE,Male,IT
2610,CSE,Male,3653,IT,Ninja,Swaroop Mahadev Sutar,2023-24,3.38,TCS,CSE,Male,IT
2611,CSE,Male,3654,IT,Ninja,Vibhav Subodh Inamdar,2023-24,3.38,TCS,CSE,Male,IT
2612,CSE,Male,3675,IT,Software Engineer,Akash lakambale,2023-24,10.36,Guangdong Lontian Smart Instrument Co. Ltd,CSE,Male,IT
2613,CSE,Male,3679,Non-IT,BDA,Adesh Rangnath Mali,2023-24,6,Edustation,CSE,Male,Non-IT
2614,CSE,Male,3680,Non-IT,BDA,Adinath Bhagwan Mundhe,2023-24,6,Edustation,CSE,Male,Non-IT
2615,CSE,Male,3682,Non-IT,BDA,Ayush Ajit Deolekar,2023-24,6,Edustation,CSE,Male,Non-IT
2616,CSE,Male,3683,Non-IT,BDA,Mukund Shivaji Konduskar,2023-24,6,Edustation,CSE,Male,Non-IT
2617,CSE,Male,3687,Non-IT,BDA,Seron Sachin Sakate,2023-24,6,Edustation,CSE,Male,Non-IT
2618,CSE,Male,3689,Non-IT,BDA,Sumit Mahadev Dhadam,2023-24,6,Edustation,CSE,Male,Non-IT
2619,CSE,Male,3696,IT,Trainee Engineer,Roshan Kesarkar,2023-24,3,"Altus Health Tech, Mumbai",CSE,Male,IT
2620,CSE,Male,3711,IT,Trainee Engineer,Pruthviraj Balasaheb Khot,2024-25,3.5,Global Quest Technologies,CSE,Male,IT
2621,CSE,Male,3717,IT,Trainee Engineer,Siddhant Rahul Kirte,2024-25,3.5,Global Quest Technologies,CSE,Male,IT
2622,CSE,Male,3726,IT,Trainee Engineer,Vivek Vinod Chougule,2024-25,3.5,Global Quest Technologies,CSE,Male,IT
2623,CSE,Male,3727,IT,Trainee Engineer,Amey Sagar Wale,2024-25,3.5,Numetry Technologies,CSE,Male,IT
2624,CSE,Male,3731,IT,Trainee Engineer,Lahu Shahadev Andhale,2024-25,3.5,Numetry Technologies,CSE,Male,IT
2625,CSE,Male,3732,IT,Trainee Engineer,Rohit Ajit Jadhav,2024-25,3.5,Numetry Technologies,CSE,Male,IT
2626,CSE,Male,3741,IT,Trainee Engineer,Aditya Avinash Jadhav,2024-25,3.5,QSpiders,CSE,Male,IT
2627,CSE,Male,3746,IT,Trainee Engineer,Aniket Maruti Talwar,2024-25,3.5,QSpiders,CSE,Male,IT
2628,CSE,Male,3754,IT,Trainee Engineer,Chaitanya Vishwas Chougule,2024-25,3.5,QSpiders,CSE,Male,IT
2629,CSE,Male,3759,IT,Trainee Engineer,Karan Ramchandra Patil,2024-25,3.5,QSpiders,CSE,Male,IT
2630,CSE,Male,3765,IT,Trainee Engineer,Omkar Sanjay Adagale,2024-25,3.5,QSpiders,CSE,Male,IT
2631,CSE,Male,3767,IT,Trainee Engineer,Rajat Ranjit Salokhe,2024-25,3.5,QSpiders,CSE,Male,IT
2632,CSE,Male,3769,IT,Trainee Engineer,Rohit Tukaram Patil,2024-25,3.5,QSpiders,CSE,Male,IT
2633,CSE,Male,3770,IT,Trainee Engineer,RUCHIR RAJENDRA CHOUGALE,2024-25,3.5,QSpiders,CSE,Male,IT
2634,CSE,Male,3772,IT,Trainee Engineer,Sahil Vishwas Chougale,2024-25,3.5,QSpiders,CSE,Male,IT
2635,CSE,Male,3775,IT,Trainee Engineer,Satej Sanjay Patil,2024-25,3.5,QSpiders,CSE,Male,IT
2636,CSE,Male,3780,IT,Trainee Engineer,Soham Anil Tapase,2024-25,3.5,QSpiders,CSE,Male,IT
2637,CSE,Male,3782,IT,Trainee Engineer,Sujal Manish Vadgave,2024-25,3.5,QSpiders,CSE,Male,IT
2638,CSE,Male,3784,IT,Trainee Engineer,Varad Nitin Kulkarni,2024-25,3.5,QSpiders,CSE,Male,IT
2639,CSE,Male,3788,IT,Trainee Engineer,Vivek Kushal Jadhav,2024-25,3.5,QSpiders,CSE,Male,IT
2640,CSE,Male,3789,IT,Trainee Engineer,Yogesh Gurunath Hitnalli,2024-25,3.5,QSpiders,CSE,Male,IT
2641,CSE,Male,3794,IT,Software Engineer,Anish Ajit Jarag,2024-25,4,Hexaware Technologies Pvt. Ltd.,CSE,Male,IT
2642,CSE,Male,3798,IT,Software Engineer,Aryan Prakash Gidde,2024-25,4,Hexaware Technologies Pvt. Ltd.,CSE,Male,IT
2643,CSE,Male,3801,IT,Software Engineer,Atharva Sachin Kale,2024-25,4,Hexaware Technologies Pvt. Ltd.,CSE,Male,IT
2644,CSE,Male,3805,IT,Software Engineer,Dhiraj Dattatray Kadam,2024-25,4,Hexaware Technologies Pvt. Ltd.,CSE,Male,IT
2645,CSE,Male,3809,IT,Software Engineer,Jaydeep Jitendra Kine,2024-25,4,Hexaware Technologies Pvt. Ltd.,CSE,Male,IT
2646,CSE,Male,3810,IT,Software Engineer,Kartik Vikram Gavali,2024-25,4,Hexaware Technologies Pvt. Ltd.,CSE,Male,IT
2647,CSE,Male,3817,IT,Software Engineer,Ranvir Milind Wankhede,2024-25,4,Hexaware Technologies Pvt. Ltd.,CSE,Male,IT
2648,CSE,Male,3829,IT,Software Engineer,Shivendrasinh Sanjay Ghatge,2024-25,4,Hexaware Technologies Pvt. Ltd.,CSE,Male,IT
2649,CSE,Male,3831,IT,Software Engineer,Shreyash Sahebrao Bhosale,2024-25,4,Hexaware Technologies Pvt. Ltd.,CSE,Male,IT
2650,CSE,Male,3837,IT,Software Engineer,Siddhant Rahul Kirte,2024-25,4,Hexaware Technologies Pvt. Ltd.,CSE,Male,IT
2651,CSE,Male,3838,IT,Software Engineer,SIDDHESH Sunil PATIL,2024-25,4,Hexaware Technologies Pvt. Ltd.,CSE,Male,IT
2652,CSE,Male,3842,IT,Software Engineer,Sujal Manish Vadgave,2024-25,4,Hexaware Technologies Pvt. Ltd.,CSE,Male,IT
2653,CSE,Male,3844,IT,Software Engineer,Sushant Prashant Hawaldar,2024-25,4,Hexaware Technologies Pvt. Ltd.,CSE,Male,IT
2654,CSE,Male,3846,IT,Software Engineer,Utkarsh Baburao Malav,2024-25,4,Hexaware Technologies Pvt. Ltd.,CSE,Male,IT
2655,CSE,Male,3853,IT,Software Engineer,Yogesh Gurunath Hitnalli,2024-25,4,Hexaware Technologies Pvt. Ltd.,CSE,Male,IT
2656,CSE,Male,3873,IT,Trainee Engineer,Shivba Bhaskar Banbale,2024-25,4,Pentagon,CSE,Male,IT
2657,CSE,Male,3874,IT,S/w Developement Engineer,Ameya Wale,2024-25,27,JusPay,CSE,Male,IT
2658,CSE,Male,3881,IT,Project Trainee,Aryan Prakash Gidde,2024-25,3.25,TechMahindra,CSE,Male,IT
2659,CSE,Male,3882,IT,Project Trainee,Ashwini Lalit Patil,2024-25,3.25,TechMahindra,CSE,Male,IT
2660,CSE,Male,3883,IT,Project Trainee,Jaydeep Jitendra Kine,2024-25,3.25,TechMahindra,CSE,Male,IT
2661,CSE,Male,3884,IT,Project Trainee,Kartik Vikram Gavali,2024-25,3.25,TechMahindra,CSE,Male,IT
2662,CSE,Male,3887,IT,Project Trainee,Mayuresh Kiran Naik,2024-25,3.25,TechMahindra,CSE,Male,IT
2663,CSE,Male,3888,IT,Project Trainee,Rohit Sardar Patil,2024-25,3.25,TechMahindra,CSE,Male,IT
2664,CSE,Male,3890,IT,Project Trainee,SIDDHESH Sunil PATIL,2024-25,3.25,TechMahindra,CSE,Male,IT
2665,CSE,Male,3892,IT,Project Trainee,Soham Mahesh Tamhane,2024-25,3.25,TechMahindra,CSE,Male,IT
2666,CSE,Male,3902,IT,Trainee Engineer,Shubham Kapase,2024-25,2.4,DevAngles,CSE,Male,IT
2667,CSE,Male,3906,IT,S/w Developement Engineer,Om Jayram Gaikwad,2024-25,27,JusPay,CSE,Male,IT
2668,CSE,Male,3907,IT,S/w Developement Engineer,Rohan Suresh Ekashinge,2024-25,27,JusPay,CSE,Male,IT
2669,CSE,Male,3908,IT,Project Engineer,SIDDHESH Sunil PATIL,2024-25,21,JusPay,CSE,Male,IT
2670,CSE,Male,3917,IT,Software Engineer Trainee,Pushpraj Dhanaji Kadam,2024-25,2.5,ApMoSys Technologies Pvt. Ltd.,CSE,Male,IT
2671,CSE,Male,3919,IT,Software Engineer Trainee,Soham Anil Tapase,2024-25,4,ApMoSys Technologies Pvt. Ltd.,CSE,Male,IT
2672,CSE,Male,3920,IT,Software Engineer Trainee,Vivek Kushal Jadhav,2024-25,6,ApMoSys Technologies Pvt. Ltd.,CSE,Male,IT
2673,CSE,Male,3931,IT,Functional Engineer,Abhay Jitendra Jadhav,2024-25,2.5,Qualitykiosk Technologies Pvt Ltd,CSE,Male,IT
2674,CSE,Male,3932,IT,Functional Engineer,Karan Ananda Talekar,2024-25,2.5,Qualitykiosk Technologies Pvt Ltd,CSE,Male,IT
2675,CSE,Male,3934,IT,Functional Engineer,Soham Anil Tapase,2024-25,2.5,Qualitykiosk Technologies Pvt Ltd,CSE,Male,IT
2676,CSE,Male,3943,IT,Trainee Engineer,Mohan Ravikant Chhapari,2024-25,3.6,Sahas Labs,CSE,Male,IT
2677,CSE,Male,3946,IT,Trainee Engineer,Pushpraj Dhanaji Kadam,2024-25,3.6,Sahas Labs,CSE,Male,IT
2678,CSE,Male,3948,Non-IT,Trainee Engineer,Aditya Sanjay Chavan,2024-25,6.5,Corizo Edutech,CSE,Male,Non-IT
2679,CSE,Male,3949,Non-IT,Trainee Engineer,Aqib Shakil Naikwade,2024-25,6.5,Corizo Edutech,CSE,Male,Non-IT
2680,CSE,Male,3954,IT,Web Development,Prabuddha Tanaji Sonalkar,2024-25,3.5,Dialogues Media,CSE,Male,IT
2681,CSE,Male,3955,IT,Media Sales,Omkar Somnath Wani,2024-25,3.5,Dialogues Media,CSE,Male,IT
2682,CSE,Male,3962,IT,Java/Full stack UI Angular Developer,Lahu Shahadev Andhale,2024-25,5,Vision Waves,CSE,Male,IT
2683,CSE,Male,3964,IT,Java/Full stack UI Angular Developer,Sajid Salim Atar,2024-25,5,Vision Waves,CSE,Male,IT
2684,CSE,Male,3965,IT,Java/Full stack UI Angular Developer,Shivba Bhaskar Banbale,2024-25,5,Vision Waves,CSE,Male,IT
2685,CSE,Male,3966,IT,Java/Full stack UI Angular Developer,Tushar Tanaji Thite,2024-25,5,Vision Waves,CSE,Male,IT
2686,CSE,Male,3967,IT,Trainee Engineer,Abhay Arvind Nalawade,2024-25,3.5,"TCognition,Kolhapur",CSE,Male,IT
2687,CSE,Male,3968,IT,Trainee Engineer,Anish Vishal Pandat,2024-25,3.5,"TCognition,Kolhapur",CSE,Male,IT
2688,CSE,Male,3969,IT,Trainee Engineer,Dikshant Deelip Wayadande,2024-25,3.5,"TCognition,Kolhapur",CSE,Male,IT
2689,CSE,Male,3971,IT,Trainee Engineer,Mandar Mahesh Powar,2024-25,3.5,"TCognition,Kolhapur",CSE,Male,IT
2690,CSE,Male,3972,IT,Trainee Engineer,Nachiket Vishnukant Bejagamwar,2024-25,3.5,"TCognition,Kolhapur",CSE,Male,IT
2691,CSE,Male,3975,IT,Trainee Engineer,Soham Dilip Kadam,2024-25,3.5,"TCognition,Kolhapur",CSE,Male,IT
2692,CSE,Male,4000,IT,Software Engineer,Sohel Shakil Maktum,2024-25,6,Vayavya Labs,CSE,Male,IT
2693,CSE,Male,4020,IT,Trainee Engineer,Prathmesh Pandurang Sutar,2024-25,3, Betwob Infoserv Pvt Ltd,CSE,Male,IT
2694,CSE,Male,4021,IT,Trainee Engineer,Digvijay Suryaji Nigvekar,2024-25,3, Betwob Infoserv Pvt Ltd,CSE,Male,IT
2695,CSE,Male,4022,IT,Trainee Engineer,Jagdish Krishnaji Bokil,2024-25,1.8, Incrust Software Pvt. Ltd.,CSE,Male,IT
2696,CSE,Male,4024,IT,Trainee Engineer,Rohit Tukaram Patil,2024-25,3,Deloitte,CSE,Male,IT
2697,CSE,Male,4025,IT,Trainee Engineer,Mohan Ravikant Chhapari,2024-25,3,DevAngles Software Pvt. Ltd.,CSE,Male,IT
2698,CSE,Male,4026,IT,Trainee Engineer,Atharav Sanjay Jadhav,2024-25,3,InfotechBrain techno pvt ltd,CSE,Male,IT
2699,CSE,Male,4027,IT,Trainee Engineer,Abhay Jitendra Jadhav,2024-25,3,Jio,CSE,Male,IT
2700,CSE,Male,4028,IT,Trainee Engineer,Aditya Suhas Munde,2024-25,3,Sphurti Webapp Pvt. Ltd.,CSE,Male,IT
2701,CSE,Male,4029,IT,Trainee Engineer,Dnyaneshwar Kashinath Chimane,2024-25,2.5,Technicious Technology Services pvt ltd,CSE,Male,IT
2702,CSE,Male,4030,IT,Trainee Engineer,Harshvardhan Sugriv Patil,2024-25,2.5,Technicious Technology Services pvt ltd,CSE,Male,IT
2703,CSE,Male,4031,IT,Trainee Engineer,Harsh Dilipkumar Patil,2024-25,2.5,Yotta Data Services Private Limited,CSE,Male,IT
2704,CSE,Male,4032,IT,Trainee Engineer,Vivek Vinod Chougule,2024-25,3,SIMDAA Technologies Pvt Ltd.,CSE,Male,IT
2705,CSE,Male,4033,IT,Trainee Engineer,Uttam Nilkanth Naitam,2024-25,3,Royals Webtech .Pvt.Ltd,CSE,Male,IT
2706,CSE,Male,4034,IT,Trainee Engineer,Vishwajeet Prakash Patil,2024-25,3,InfotechBrain techno pvt ltd,CSE,Male,IT
2707,CSE,Male,4037,IT,Trainee Engineer,Rohit  Ajit Jadhav,2024-25,3,Atharv Agronomics Pvt ltd,CSE,Male,IT
2708,CSE,Male,4094,IT,GET,Abhijit Dhanaji Abdagire,2024-25,3.5,TCS CodeVita,CSE,Male,IT
2709,CSE,Male,4103,IT,Software Engineer,Rajat Ranjit Salokhe,2024-25,3.5,Softenger,CSE,Male,IT
2710,CSE,Male,4125,IT,Programmer Analyst,Abhay Arvind Nalawade,2024-25,4,Cognizant,CSE,Male,IT
2711,CSE,Male,4126,IT,Programmer Analyst,Lahu Shahadev Andhale,2024-25,4,Cognizant,CSE,Male,IT
2712,CSE,Male,4130,IT,Programmer Analyst,Mayuresh Kiran Naik,2024-25,4,Cognizent,CSE,Male,IT
2713,CSE,Male,4160,Intern,,Nayan Chandrakanat Tambave,2024-25,,,CSE,Male,Intern
2714,CSE,Male,4163,IT,Software Engineer,Shivraj Nalavade,2024-25,7.5,Tata Consultancy Services,CSE,Male,IT
2715,CSE,Male,4164,IT,Software Engineer,Utkarsh Baburao Malav,2024-25,7.5,Tata Consultancy Services,CSE,Male,IT
2716,CSE,Male,4166,IT,Software Engineer,Soham Mahesh Tamhane,2024-25,7.5,Tata Consultancy Services,CSE,Male,IT
2717,CSE,Male,4168,IT,Associate Software Trainee,Aryan Prakash Gidde,2024-25,3.5,Mouri Tech,CSE,Male,IT
2718,CSE,Male,4169,IT,Associate Software Trainee,Atharva Shashikant Donkar,2024-25,3.5,Mouri Tech,CSE,Male,IT
2719,CSE,Male,4177,IT,Software Engineer Trainee,Pawan Dinesh Malgavi,2025-26,4,Hexaware Technologies,CSE,Male,IT
2720,CSE,Male,4179,IT,Software Engineer Trainee,Arnav Anand Deshpande,2025-26,4.8,Microlise,CSE,Male,IT
2721,CSE,Male,4180,IT,Software Engineer Trainee,Harshvardhan Yashwant Patil,2025-26,4.8,Microlise,CSE,Male,IT
2722,CSE,Male,4194,IT,Full Stack,Prathamesh Sachin Pawar,2025-26,3.5,ExcelR,CSE,Male,IT
2723,CSE,Male,4196,IT,Full Stack,Pratik Gajanan Dhage,2025-26,3.5,ExcelR,CSE,Male,IT
2724,CSE,Male,4197,IT,Full Stack,Malhar Jay Shinde,2025-26,3.5,ExcelR,CSE,Male,IT
2725,CSE,Male,4199,IT,Full Stack,Shravani Abhijit Kulkarni,2025-26,3,ExcelR,CSE,Male,IT
2726,CSE,Male,4203,IT,Web Developer,Ranveer Yuvaraj Sankpal,2025-26,3,Walstar Technologies Pvt. Ltd,CSE,Male,IT
2727,CSE,Male,4210,IT,Trainee Engineer,Bhushan Shashikant Todkar,2025-26,3,Walstar Technologies Pvt. Ltd,CSE,Male,IT
2728,CSE,Male,4211,IT,Trainee Engineer,Rohit Sanjay Mali,2025-26,3,Walstar Technologies Pvt. Ltd,CSE,Male,IT
2729,CSE,Male,4212,IT,Trainee Engineer,Saurabh Laxman Karande,2025-26,3,Walstar Technologies Pvt. Ltd,CSE,Male,IT
2730,CSE,Male,4213,IT,Trainee Engineer,Aryan Rajendra Patil,2025-26,3,Walstar Technologies Pvt. Ltd,CSE,Male,IT
2731,CSE,Male,4214,IT,Trainee Engineer,Aryan Rajendra Patil,2025-26,3,Walstar Technologies Pvt. Ltd,CSE,Male,IT
2732,CSE,Male,4219,IT,Trainee Engineer,Tejas Sagar Randive,2025-26,3,Walstar Technologies Pvt. Ltd,CSE,Male,IT
2733,CSE,Male,4221,IT,Software Developer,Rushikesh Subhash Mahadik,2025-26,5.46,Fox Solutions Pvt Ltd,CSE,Male,IT
2734,CSE,Male,4228,IT,Trainee Engineer,Atharv Pravin Babar,2025-26,3.5,Cyber Success,CSE,Male,IT
2735,CSE,Male,4266,Non-IT,Business Development Executive,Aditya Amar Rananaware,2025-26,7,Launched Global ,CSE,Male,Non-IT
2736,CSE,Male,4267,Non-IT,Business Development Executive,Akash Girish Kurbetti,2025-26,7,Launched Global ,CSE,Male,Non-IT
2737,CSE,Male,4268,Non-IT,Business Development Executive,Alfaj Mansur Mahabri,2025-26,7,Launched Global ,CSE,Male,Non-IT
2738,CSE,Male,4269,Non-IT,Business Development Executive,Ankit Chandrakant Bhosale,2025-26,7,Launched Global ,CSE,Male,Non-IT
2739,CSE,Male,4272,Non-IT,Business Development Executive,Atharv Pravin Babar,2025-26,7,Launched Global ,CSE,Male,Non-IT
2740,CSE,Male,4273,Non-IT,Business Development Executive,Atharv Sandip Apugade,2025-26,7,Launched Global ,CSE,Male,Non-IT
2741,CSE,Male,4275,Non-IT,Business Development Executive,Ganesh Ramchandra Byagalli,2025-26,7,Launched Global ,CSE,Male,Non-IT
2742,CSE,Male,4276,Non-IT,Business Development Executive,Saurabh Shrikant Lohar,2025-26,7,Launched Global ,CSE,Male,Non-IT
2743,CSE,Male,4277,Non-IT,Business Development Executive,Shreevardhan Satish Mandlik,2025-26,7,Launched Global ,CSE,Male,Non-IT
2744,CSE,Male,4285,Non-IT,Business Development Executive,Tukaram Balaji Tadmadge,2025-26,7,Launched Global ,CSE,Male,Non-IT
2745,CSE,Male,4288,Non-IT,Business Development Executive,Harsh Ramesh Parab,2025-26,7,Launched Global ,CSE,Male,Non-IT
2746,CSE,Male,4290,Non-IT,Business Development Executive,Mahamadkaif Najir Darwajkar,2025-26,7,Launched Global ,CSE,Male,Non-IT
2747,CSE,Male,4291,Non-IT,Business Development Executive,Mandar Jayvant Bhaskar,2025-26,7,Launched Global ,CSE,Male,Non-IT
2748,CSE,Male,4293,Non-IT,Business Development Executive,Nawazish A Majid Bidiwale,2025-26,7,Launched Global ,CSE,Male,Non-IT
2749,CSE,Male,4295,Non-IT,Business Development Executive,Parshwa Rajendra Dugge,2025-26,7,Launched Global ,CSE,Male,Non-IT
2750,CSE,Male,4296,Non-IT,Business Development Executive,Pranav Prakash Pattanshetti,2025-26,7,Launched Global ,CSE,Male,Non-IT
2751,CSE,Male,4297,Non-IT,Business Development Executive,Pratik Ramchandra Patil,2025-26,7,Launched Global ,CSE,Male,Non-IT
2752,CSE,Male,4307,Non-IT,Business Development Executive,Pulkeet Bipin Sawant,2025-26,7,Launched Global ,CSE,Male,Non-IT
2753,CSE,Male,4308,Non-IT,Business Development Executive,Raihan Aslam Nulkar,2025-26,7,Launched Global ,CSE,Male,Non-IT
2754,CSE,Male,4309,Non-IT,Business Development Executive,Rehan Dilawar Kazi,2025-26,7,Launched Global ,CSE,Male,Non-IT
2755,CSE,Male,4310,Non-IT,Business Development Executive,Rohit Niranjan Andani,2025-26,7,Launched Global ,CSE,Male,Non-IT
2756,CSE,Male,4312,Non-IT,Business Development Executive,Sajid Magbul Sayyad,2025-26,7,Launched Global ,CSE,Male,Non-IT
2757,CSE,Male,4313,Non-IT,Business Development Executive,Samarjeet Sanjay Ghatge,2025-26,7,Launched Global ,CSE,Male,Non-IT
2758,CSE,Male,4316,Non-IT,Business Development Executive,Sarvesh Dattatray Halade,2025-26,7,Launched Global ,CSE,Male,Non-IT
2759,CSE,Male,4373,Non-IT,Business Development Associate,Aman Salim Momin,2025-26,6,Unlox Academy,CSE,Male,Non-IT
2760,CSE,Male,4375,Non-IT,Business Development Associate,Atharv Sandip Apugade,2025-26,6,Unlox Academy,CSE,Male,Non-IT
2761,CSE,Male,4376,Non-IT,Business Development Associate,Mahamadkaif Najir Darwajkar,2025-26,6,Unlox Academy,CSE,Male,Non-IT
2762,CSE,Male,4379,Non-IT,Business Development Associate,Nawazish A Majid Bidiwale,2025-26,6,Unlox Academy,CSE,Male,Non-IT
2763,CSE,Male,4380,Non-IT,Business Development Associate,Rohit Niranjan Andani,2025-26,6,Unlox Academy,CSE,Male,Non-IT
2764,CSE,Male,4385,Non-IT,Business Development Associate,Vikram Patil,2025-26,6,Unlox Academy,CSE,Male,Non-IT
2765,CSE,Male,4386,Non-IT,Business Development Associate,Vrushabh Shrenik Rukade,2025-26,6,Unlox Academy,CSE,Male,Non-IT
2766,CSE,Male,4424,IT,Software Engineer Trainee,Vikram Patil,2025-26,3.5,The Kiran Academy,CSE,Male,IT
2767,CSE,Male,4425,IT,Software Engineer Trainee,Viraj Vinayak Kesarkar,2025-26,3.5,The Kiran Academy,CSE,Male,IT
2768,CSE,Male,4426,IT,Software Engineer Trainee,Nawazish A Majid Bidiwale,2025-26,3.5,The Kiran Academy,CSE,Male,IT
2769,CSE,Male,4427,IT,Software Engineer Trainee,Harsh Ramesh Parab,2025-26,3.5,The Kiran Academy,CSE,Male,IT
2770,CSE,Male,4433,Non-IT,Business Development Trainee,Mahamadkaif Najir Darwajkar,2025-26,3.5,Planet Spark,CSE,Male,Non-IT
2771,CSE,Male,4438,Non-IT,Business Development Trainee,Karansinh Jadhav,2025-26,3.5,Planet Spark,CSE,Male,Non-IT
2772,CSE,Male,4457,Non-IT,GET,Nawazish A Majid Bidiwale,2025-26,2.5,Hi5Ai,CSE,Male,Non-IT
2773,CSE,Male,4461,IT,Software Engineer Trainee,Aman Salim Momin,2025-26,4.5,Deloitte Cybar Gurukul Program,CSE,Male,IT
2774,CSE,Male,4476,IT,Software Engineer Trainee,Nawazish A Majid Bidiwale,2025-26,3,"Ekam Invento,Pune",CSE,Male,IT
2775,CSE,Male,4482,Intern,React,Aditya Krishnat Savant,2025-26,2.5,Walstar Techologies,CSE,Male,Intern
2776,CSE,Male,4489,Intern,Digital Marketing,Shivam Balasaheb Bodhale,2025-26,2.5,Walstar Techologies,CSE,Male,Intern
2777,CSE,Male,4490,Intern,Digital Marketing,Mandar Jayvant Bhaskar,2025-26,2.5,Walstar Techologies,CSE,Male,Intern
2778,CSE,Male,4491,Intern,Software Engineer Trainee,Ayush Avinash Patil,2025-26,4,TestYantra Software Solutions,CSE,Male,Intern
2779,CSE,Male,4493,Intern,Software Engineer Trainee,Alfaj Mansur Mahabri,2025-26,4,TestYantra Software Solutions,CSE,Male,Intern
2780,CSE,Male,4494,Intern,Software Engineer Trainee,Rohit Niranjan Andani,2025-26,4,TestYantra Software Solutions,CSE,Male,Intern
2781,CSE,Male,4495,Intern,Software Engineer Trainee,Parshwa Rajendra Dugge,2025-26,4,TestYantra Software Solutions,CSE,Male,Intern
2782,CSE,Male,4497,Intern,Software Engineer Trainee,Vikram Patil,2025-26,4,TestYantra Software Solutions,CSE,Male,Intern
2783,CSE,Male,4501,Intern,Software Engineer Trainee,Pranav Prakash Patil,2025-26,4,TestYantra Software Solutions,CSE,Male,Intern
2784,CSE,Male,4502,Intern,Software Engineer Trainee,Ruturaj Sambhaji Patil,2025-26,4,TestYantra Software Solutions,CSE,Male,Intern
2785,CSE,Male,4510,Non-IT,BDE,Viraj Vinayak Kesarkar,2025-26,8,"Edu Versity,Banglore",CSE,Male,Non-IT
2786,CSE,Male,4511,Non-IT,BDE,Vikram Patil,2025-26,8,"Edu Versity,Banglore",CSE,Male,Non-IT
2787,CSE,Male,4512,Non-IT,BDE,Ajit Sonaba Kasabe,2025-26,8,"Edu Versity,Banglore",CSE,Male,Non-IT
2788,CSE,Male,4514,Non-IT,BDE,Aditya Bhanudas Patil,2025-26,8,"Edu Versity,Banglore",CSE,Male,Non-IT
2789,CSE,Male,4515,Non-IT,BDE,Pratik Hanmant Santi,2025-26,8,"Edu Versity,Banglore",CSE,Male,Non-IT
2790,CSE,Male,4576,IT,Software Engineer,Radhey Prakash Patil,2025-26,8.5,Hewlett Packard (HP),CSE,Male,IT
2791,CSE,Male,4594,Non-IT,Inside Sales Executive,Prithviraj Sunil Gurav,2025-26,9.2,GlowLogics Solutions Pvt Ltd,CSE,Male,Non-IT
2792,CSE,Male,4596,Non-IT,Inside Sales Executive,Ruturaj Sambhaji Patil,2025-26,11.2,GlowLogics Solutions Pvt Ltd,CSE,Male,Non-IT
2793,CSE,Male,4601,Non-IT,Inside Sales Executive,Suresh Irapanna Halkude,2025-26,16.2,GlowLogics Solutions Pvt Ltd,CSE,Male,Non-IT
2794,CSE,Male,4603,Non-IT,Inside Sales Executive,Yash Kishor Sutar,2025-26,18.2,GlowLogics Solutions Pvt Ltd,CSE,Male,Non-IT
2795,CSE,Male,4623,IT,Trainee Engineer,Viraj Vinayak Kesarkar,2025-26,3.5,Dhee Coding Club,CSE,Male,IT
2796,CSE,Male,4624,IT,Trainee Engineer,Samarth Uday More,2025-26,3.5,Dhee Coding Club,CSE,Male,IT
2797,Data Science,Female,3209,IT,GET,Sakshi Sunil Jarali,2023-24,6,CtrlS,Data Science,Female,IT
2798,Data Science,Female,3342,IT,Subject Matter Expert,Annie Anil Varhale,2023-24,3,Chegg India,Data Science,Female,IT
2799,Data Science,Female,3352,IT,Subject Matter Expert,Shreya Popat Kamble,2023-24,3,Chegg India,Data Science,Female,IT
2800,Data Science,Female,3384,Non-IT,Business Development Counsellar, Kshitija Vinod Patil,2023-24,6.5,PlanetSpark,Data Science,Female,Non-IT
2801,Data Science,Female,3477,IT,Trainee Engineer, Jyoti Shahaji Chougale,2023-24,3,DevAngles Software Pvt Ltd.,Data Science,Female,IT
2802,Data Science,Female,3483,Non-IT,Market Research,Annie Anil Varhale,2023-24,3,"Numetry Technologies, Pune",Data Science,Female,Non-IT
2803,Data Science,Female,3499,IT,Trainee Engineer,Kalyani Prasad Nakate,2023-24,3,Qspider,Data Science,Female,IT
2804,Data Science,Female,3501,IT,Trainee Engineer,Vaishnavi Ashok Morti,2023-24,3,Qspider,Data Science,Female,IT
2805,Data Science,Female,3502,IT,Trainee Engineer,Nikita Nitin Randive,2023-24,3,Qspider,Data Science,Female,IT
2806,Data Science,Female,3507,IT,Trainee Engineer,Mahek Rafik Desai,2023-24,3,Qspider,Data Science,Female,IT
2807,Data Science,Female,3516,IT,Trainee Engineer, Jyoti Shahaji Chougale,2023-24,3,Qspider,Data Science,Female,IT
2808,Data Science,Female,3544,IT,Project Engineer,Kalyani Prasad Nakate,2023-24,3.25,Tech Mahindra,Data Science,Female,IT
2809,Data Science,Female,3556,IT,Project Engineer,Sanket Appaso Patil,2023-24,3.25,Tech Mahindra,Data Science,Female,IT
2810,Data Science,Female,3571,IT,CUSTOMER SERVICE ASSOCIATE,Annie Anil Varhale,2023-24,3.5,Amazon India,Data Science,Female,IT
2811,Data Science,Female,3645,IT,Ninja,Sakshi Sunil Jarali,2023-24,3.38,TCS,Data Science,Female,IT
2812,Data Science,Female,3698,IT,Software Engineer,Ruchita Vijay Desai,2024-25,4.83,EY GDS,Data Science,Female,IT
2813,Data Science,Female,3699,IT,Software Engineer,Simeen Yunuskhan Pathan,2024-25,4.83,EY GDS,Data Science,Female,IT
2814,Data Science,Female,3703,IT,Trainee Engineer,Apoorva Santosh Chavan,2024-25,3.5,Global Quest Technologies,Data Science,Female,IT
2815,Data Science,Female,3713,IT,Trainee Engineer,Sania Shafique Alam,2024-25,3.5,Global Quest Technologies,Data Science,Female,IT
2816,Data Science,Female,3716,IT,Trainee Engineer,Shubha Muralidhar Desai,2024-25,3.5,Global Quest Technologies,Data Science,Female,IT
2817,Data Science,Female,3719,IT,Trainee Engineer,Siddhi Vijay Kamble,2024-25,3.5,Global Quest Technologies,Data Science,Female,IT
2818,Data Science,Female,3720,IT,Trainee Engineer,Sneha Anil Jagmalani,2024-25,3.5,Global Quest Technologies,Data Science,Female,IT
2819,Data Science,Female,3736,IT,Trainee Engineer,Vaishnavi Babasaheb Jadhav,2024-25,3.5,Numetry Technologies,Data Science,Female,IT
2820,Data Science,Female,3747,IT,Trainee Engineer,ANKITA CHANDRAKANT MHAISHALKAR,2024-25,3.5,QSpiders,Data Science,Female,IT
2821,Data Science,Female,3748,IT,Trainee Engineer,Anuja Krishna Salunke,2024-25,3.5,QSpiders,Data Science,Female,IT
2822,Data Science,Female,3783,IT,Trainee Engineer,Vaishnavi Babasaheb Jadhav,2024-25,3.5,QSpiders,Data Science,Female,IT
2823,Data Science,Female,3796,IT,Software Engineer,ANKITA CHANDRAKANT MHAISHALKAR,2024-25,4,Hexaware Technologies Pvt. Ltd.,Data Science,Female,IT
2824,Data Science,Female,3825,IT,Software Engineer,Sania Shafique Alam,2024-25,4,Hexaware Technologies Pvt. Ltd.,Data Science,Female,IT
2825,Data Science,Female,3832,IT,Software Engineer,Shruti Rajesh Waychal,2024-25,4,Hexaware Technologies Pvt. Ltd.,Data Science,Female,IT
2826,Data Science,Female,3833,IT,Software Engineer,Shruti Sangram Amate,2024-25,4,Hexaware Technologies Pvt. Ltd.,Data Science,Female,IT
2827,Data Science,Female,3834,IT,Software Engineer,Shubha Muralidhar Desai,2024-25,4,Hexaware Technologies Pvt. Ltd.,Data Science,Female,IT
2828,Data Science,Female,3872,IT,Trainee Engineer,Manasvi Harihar Mude,2024-25,4,Pentagon,Data Science,Female,IT
2829,Data Science,Female,3921,IT,Software Engineer Trainee,Apoorva Santosh Chavan,2024-25,2.5,ApMoSys Technologies Pvt. Ltd.,Data Science,Female,IT
2830,Data Science,Female,3925,IT,Software Engineer Trainee,Sneha Anil Jagmalani,2024-25,2.5,ApMoSys Technologies Pvt. Ltd.,Data Science,Female,IT
2831,Data Science,Female,3926,IT,Software Engineer Trainee,Srushti Yuvaraj Patil,2024-25,2.5,ApMoSys Technologies Pvt. Ltd.,Data Science,Female,IT
2832,Data Science,Female,3935,IT,Functional Engineer,Vaishnavi Babasaheb Jadhav,2024-25,2.5,Qualitykiosk Technologies Pvt Ltd,Data Science,Female,IT
2833,Data Science,Female,3941,IT,Trainee Engineer,Aditi Rajratan Kudache,2024-25,3.6,Sahas Labs,Data Science,Female,IT
2834,Data Science,Female,3974,IT,Trainee Engineer,Shreya Shivaji Waghamode,2024-25,3.5,"TCognition,Kolhapur",Data Science,Female,IT
2835,Data Science,Female,4004,IT,Software Engineer,Utkarsha Anil Chougule,2024-25,4.2,Infosys,Data Science,Female,IT
2836,Data Science,Female,4005,IT,Software Engineer,Sharwari Shivraj Farakate,2024-25,4.2,Infosys,Data Science,Female,IT
2837,Data Science,Female,4006,IT,Software Engineer,Shreya Ramchandra Jadhav,2024-25,4.2,Infosys,Data Science,Female,IT
2838,Data Science,Female,4012,IT,Trainee Engineer,Pratiksha A. Rajigare,2024-25,No,Resilient Lab,Data Science,Female,IT
2839,Data Science,Female,4013,IT,Trainee Engineer,Om C. Nimbalkar,2024-25,No,Enzigma Solutions,Data Science,Female,IT
2840,Data Science,Female,4015,IT,Trainee Engineer,Vaishnavi P. Panwal,2024-25,No,"Biyani Tech, Kolhapur",Data Science,Female,IT
2841,Data Science,Female,4017,IT,Trainee Engineer,Tanisha S. Madane,2024-25,No,"Biyani Tech, Kolhapur",Data Science,Female,IT
2842,Data Science,Female,4070,IT,QA Engineer,Manasvi Harihar Mude,2024-25,4,ExcelR,Data Science,Female,IT
2843,Data Science,Female,4123,Non-IT,GET,Sanika Madhukar Lohar,2024-25,3,Value Diaglogues Media,Data Science,Female,Non-IT
2844,Data Science,Female,4161,IT,Software Engineer,Shubha Muralidhar Desai,2024-25,3.35,Tata Consultancy Services,Data Science,Female,IT
2845,Data Science,Female,4165,IT,Software Engineer,Sayali Yewale,2024-25,3.35,Tata Consultancy Services,Data Science,Female,IT
2846,Data Science,Female,4243,IT,System Engineer,Anushka Patil,2025-26,3.6,Infosys,Data Science,Female,IT
2847,Data Science,Female,4323,Non-IT,Business Development Executive,Sakshi Santosh Rathod,2025-26,7,Launched Global ,Data Science,Female,Non-IT
2848,Data Science,Female,4327,Non-IT,Business Development Executive,Aaryaa Rajesh Khandwani,2025-26,7,Launched Global ,Data Science,Female,Non-IT
2849,Data Science,Female,4328,Non-IT,Business Development Executive,Aiman Ameer Mulla,2025-26,7,Launched Global ,Data Science,Female,Non-IT
2850,Data Science,Female,4329,Non-IT,Business Development Executive,Alfiya Aslam Mulla,2025-26,7,Launched Global ,Data Science,Female,Non-IT
2851,Data Science,Female,4330,Non-IT,Business Development Executive,Anjali Urunkar,2025-26,7,Launched Global ,Data Science,Female,Non-IT
2852,Data Science,Female,4331,Non-IT,Business Development Executive,Anuradha Bhagavan Powar,2025-26,7,Launched Global ,Data Science,Female,Non-IT
2853,Data Science,Female,4332,Non-IT,Business Development Executive,Anushka Patil,2025-26,7,Launched Global ,Data Science,Female,Non-IT
2854,Data Science,Female,4333,Non-IT,Business Development Executive,Dnyanda Prashant Sarnobat,2025-26,7,Launched Global ,Data Science,Female,Non-IT
2855,Data Science,Female,4339,Non-IT,Business Development Executive,Supriya Kisan Jadhav,2025-26,7,Launched Global ,Data Science,Female,Non-IT
2856,Data Science,Female,4342,Non-IT,Business Development Executive,Triveni Surendra Kumar Madhale,2025-26,7,Launched Global ,Data Science,Female,Non-IT
2857,Data Science,Female,4343,Non-IT,Business Development Executive,Veena Mahadev Patil,2025-26,7,Launched Global ,Data Science,Female,Non-IT
2858,Data Science,Female,4396,Non-IT,Business Development Associate,Anuradha Bhagavan Powar,2025-26,6,Unlox Academy,Data Science,Female,Non-IT
2859,Data Science,Female,4397,Non-IT,Business Development Associate,Divya Sandeep Patil,2025-26,6,Unlox Academy,Data Science,Female,Non-IT
2860,Data Science,Female,4398,Non-IT,Business Development Associate,Parthvi Rahul Gadekar,2025-26,6,Unlox Academy,Data Science,Female,Non-IT
2861,Data Science,Female,4400,Non-IT,Business Development Associate,Samiksha Sadashiv Mane,2025-26,6,Unlox Academy,Data Science,Female,Non-IT
2862,Data Science,Female,4401,Non-IT,Business Development Associate,Sanika Satappa Patil,2025-26,6,Unlox Academy,Data Science,Female,Non-IT
2863,Data Science,Female,4402,Non-IT,Business Development Associate,Saniya Eknath Gurav,2025-26,6,Unlox Academy,Data Science,Female,Non-IT
2864,Data Science,Female,4419,IT,Software Engineer Trainee,Purva Vijaykumar Bramhadande,2025-26,2.5,"Greamio Technolgies, Pune",Data Science,Female,IT
2865,Data Science,Female,4434,Non-IT,Business Development Trainee,Pranav Anil Bhosale,2025-26,3.5,Planet Spark,Data Science,Female,Non-IT
2866,Data Science,Female,4454,Non-IT,GET,Purva Vijaykumar Bramhadande,2025-26,2.5,Hi5Ai,Data Science,Female,Non-IT
2867,Data Science,Female,4455,Non-IT,GET,Revati Rajaram Nimbalkar,2025-26,2.5,Hi5Ai,Data Science,Female,Non-IT
2868,Data Science,Female,4474,IT,Software Engineer Trainee,Anuradha Bhagavan Powar,2025-26,3,"Ekam Invento,Pune",Data Science,Female,IT
2869,Data Science,Female,4485,Intern,Python,Revati Rajaram Nimbalkar,2025-26,2.5,Walstar Techologies,Data Science,Female,Intern
2870,Data Science,Female,4528,Non-IT,BDE,Revati Rajaram Nimbalkar,2025-26,8,"Edu Versity,Banglore",Data Science,Female,Non-IT
2871,Data Science,Female,4530,Non-IT,BDE,Anjali Urunkar,2025-26,8,"Edu Versity,Banglore",Data Science,Female,Non-IT
2872,Data Science,Female,4571,IT,Software Engineer,Tanishka Amarsinha Powar,2025-26,8.5,Hewlett Packard (HP),Data Science,Female,IT
2873,Data Science,Female,4572,IT,Software Engineer,Sanika Satappa Patil,2025-26,8.5,Hewlett Packard (HP),Data Science,Female,IT
2874,Data Science,Female,4597,Non-IT,Inside Sales Executive,Samruddhi Shankar Desai,2025-26,12.2,GlowLogics Solutions Pvt Ltd,Data Science,Female,Non-IT
2875,Data Science,Female,4600,Non-IT,Inside Sales Executive,Shweta Vijay Chougale,2025-26,15.2,GlowLogics Solutions Pvt Ltd,Data Science,Female,Non-IT
2876,Data Science,Male,3226,IT,GET,Mahantesh Malgonda Patil,2023-24,3.5,TechMahindra,Data Science,Male,IT
2877,Data Science,Male,3227,IT,GET,Revan Mahesh Gaikwad,2023-24,3.5,TechMahindra,Data Science,Male,IT
2878,Data Science,Male,3228,IT,GET,Sarvesh Vijay Patravale,2023-24,3.5,TechMahindra,Data Science,Male,IT
2879,Data Science,Male,3248,IT,GET,Abhishek Baburao Jadhav,2023-24,4,Hexaware,Data Science,Male,IT
2880,Data Science,Male,3249,IT,GET,Mahantesh Malgonda Patil,2023-24,4,Hexaware,Data Science,Male,IT
2881,Data Science,Male,3341,IT,Subject Matter Expert,Akash Sambhaji Kashid,2023-24,3,Chegg India,Data Science,Male,IT
2882,Data Science,Male,3343,IT,Subject Matter Expert,Arihant Mohan Chivate,2023-24,3,Chegg India,Data Science,Male,IT
2883,Data Science,Male,3344,IT,Subject Matter Expert,Asim Anees Attar,2023-24,3,Chegg India,Data Science,Male,IT
2884,Data Science,Male,3345,IT,Subject Matter Expert,Atharv Jagdish Katkar,2023-24,3,Chegg India,Data Science,Male,IT
2885,Data Science,Male,3346,IT,Subject Matter Expert,Atharva Girish Mahakalkar,2023-24,3,Chegg India,Data Science,Male,IT
2886,Data Science,Male,3347,IT,Subject Matter Expert,Hrishikesh Mahesh Patekar,2023-24,3,Chegg India,Data Science,Male,IT
2887,Data Science,Male,3348,IT,Subject Matter Expert,Rajvardhan Shivkumar Padawale,2023-24,3,Chegg India,Data Science,Male,IT
2888,Data Science,Male,3349,IT,Subject Matter Expert,Rushikesh Dhondiram Dhure,2023-24,3,Chegg India,Data Science,Male,IT
2889,Data Science,Male,3350,IT,Subject Matter Expert,Sanket Appaso Patil,2023-24,3,Chegg India,Data Science,Male,IT
2890,Data Science,Male,3351,IT,Subject Matter Expert,Shahid Navaj Jamadar,2023-24,3,Chegg India,Data Science,Male,IT
2891,Data Science,Male,3353,IT,Subject Matter Expert,Soham Kiran Kamble,2023-24,3,Chegg India,Data Science,Male,IT
2892,Data Science,Male,3354,IT,Subject Matter Expert,Yash Shital Shaha,2023-24,3,Chegg India,Data Science,Male,IT
2893,Data Science,Male,3417,IT,Software Engineer,Amey Yashwant Vanire,2023-24,4,EXCELR Solutions,Data Science,Male,IT
2894,Data Science,Male,3418,IT,Software Engineer,Rushikesh Dhondiram Dhure,2023-24,4,EXCELR Solutions,Data Science,Male,IT
2895,Data Science,Male,3419,IT,Software Engineer,Atharva Girish Mahakalkar,2023-24,4,EXCELR Solutions,Data Science,Male,IT
2896,Data Science,Male,3420,IT,Software Engineer,Akash Sambhaji Kashid,2023-24,4,EXCELR Solutions,Data Science,Male,IT
2897,Data Science,Male,3421,IT,Software Engineer,Yash Shital Shaha,2023-24,4,EXCELR Solutions,Data Science,Male,IT
2898,Data Science,Male,3422,IT,Software Engineer,Sanket Appaso Patil,2023-24,4,EXCELR Solutions,Data Science,Male,IT
2899,Data Science,Male,3423,IT,Software Engineer,Asim Anees Attar,2023-24,4,EXCELR Solutions,Data Science,Male,IT
2900,Data Science,Male,3429,Non-IT,Business Development Counsellar,Deon Chris Fernandes,2023-24,6.78,Jaro Education,Data Science,Male,Non-IT
2901,Data Science,Male,3438,IT,Trainee Engineer,Atharva Girish Mahakalkar,2023-24,4,Cyber Success,Data Science,Male,IT
2902,Data Science,Male,3476,IT,Trainee Engineer,Vaibhav Rajaram Pawar,2023-24,3,DevAngles Software Pvt Ltd.,Data Science,Male,IT
2903,Data Science,Male,3492,IT,Trainee Engineer,Aditya Rajendra Mane,2023-24,3,Qspider,Data Science,Male,IT
2904,Data Science,Male,3506,IT,Trainee Engineer,Akash Sambhaji Kashid,2023-24,3,Qspider,Data Science,Male,IT
2905,Data Science,Male,3514,IT,Trainee Engineer,Vishweshwar P. Khasge,2023-24,3,Qspider,Data Science,Male,IT
2906,Data Science,Male,3515,IT,Trainee Engineer,Darshan Suresh Deokar,2023-24,3,Qspider,Data Science,Male,IT
2907,Data Science,Male,3518,Non-IT,Management Trainee,Akash Sambhaji Kashid,2023-24,3,BVG Group,Data Science,Male,Non-IT
2908,Data Science,Male,3542,IT,Project Engineer,Darshan Suresh Deokar,2023-24,3.25,Tech Mahindra,Data Science,Male,IT
2909,Data Science,Male,3543,IT,Project Engineer,Deon Chris Fernandes,2023-24,3.25,Tech Mahindra,Data Science,Male,IT
2910,Data Science,Male,3545,IT,Project Engineer,Pritish Sharad Hingangave,2023-24,3.25,Tech Mahindra,Data Science,Male,IT
2911,Data Science,Male,3546,IT,Project Engineer,Shahid Navaj Jamadar,2023-24,3.25,Tech Mahindra,Data Science,Male,IT
2912,Data Science,Male,3554,IT,Special Engineer, Arihant Mohan Chivate,2023-24,5.57,Fox Solutions,Data Science,Male,IT
2913,Data Science,Male,3560,IT,Trainee Engineer,Omkar Surve,2023-24,3,Kiran Academy,Data Science,Male,IT
2914,Data Science,Male,3569,IT,Trainee Programmer, Aditya Rajendra Mane,2023-24,4.6,EY GDS,Data Science,Male,IT
2915,Data Science,Male,3636,IT,Ninja,Abhishek Baburao Jadhav,2023-24,3.38,TCS,Data Science,Male,IT
2916,Data Science,Male,3640,IT,Ninja,Arinjay Sandeep Patil,2023-24,3.38,TCS,Data Science,Male,IT
2917,Data Science,Male,3644,IT,Ninja,Sajid Imran Naikwadi,2023-24,3.38,TCS,Data Science,Male,IT
2918,Data Science,Male,3647,IT,Ninja,Sarvesh Vijay Patravale,2023-24,3.38,TCS,Data Science,Male,IT
2919,Data Science,Male,3674,IT,Software Engineer,Yash Shah,2023-24,10.36,Guangdong Lontian Smart Instrument Co. Ltd,Data Science,Male,IT
2920,Data Science,Male,3681,Non-IT,BDA,Atharva Girish Mahakalkar,2023-24,6,Edustation,Data Science,Male,Non-IT
2921,Data Science,Male,3685,Non-IT,BDA,Rushikesh Dhondiram Dhure,2023-24,6,Edustation,Data Science,Male,Non-IT
2922,Data Science,Male,3695,IT,Trainee Engineer,Rajvardhan Shivkumar Padawale,2023-24,3,"Altus Health Tech, Mumbai",Data Science,Male,IT
2923,Data Science,Male,3701,IT,Trainee Engineer,Amey Uday Yarnalkar,2024-25,3.5,Global Quest Technologies,Data Science,Male,IT
2924,Data Science,Male,3714,IT,Trainee Engineer,Sarvesh Rajiv Mudgal,2024-25,3.5,Global Quest Technologies,Data Science,Male,IT
2925,Data Science,Male,3715,IT,Trainee Engineer,Satej Santosh Kulkarni,2024-25,3.5,Global Quest Technologies,Data Science,Male,IT
2926,Data Science,Male,3722,IT,Trainee Engineer,Swastik Machhindranath Gavhane,2024-25,3.5,Global Quest Technologies,Data Science,Male,IT
2927,Data Science,Male,3729,IT,Trainee Engineer,Farah Riyaj Subhedar,2024-25,3.5,Numetry Technologies,Data Science,Male,IT
2928,Data Science,Male,3738,IT,Trainee Engineer,Yash Shashank Sawant,2024-25,3.5,Numetry Technologies,Data Science,Male,IT
2929,Data Science,Male,3740,IT,Trainee Engineer,Abhijeet Udaysing Patil,2024-25,3.5,QSpiders,Data Science,Male,IT
2930,Data Science,Male,3743,IT,Trainee Engineer,Afif Sharif Sayyad,2024-25,3.5,QSpiders,Data Science,Male,IT
2931,Data Science,Male,3744,IT,Trainee Engineer,Amol Sunil Sutar,2024-25,3.5,QSpiders,Data Science,Male,IT
2932,Data Science,Male,3749,IT,Trainee Engineer,Anurag Neeraj Dhere,2024-25,3.5,QSpiders,Data Science,Male,IT
2933,Data Science,Male,3760,IT,Trainee Engineer,Kedar Sudhir Jasud,2024-25,3.5,QSpiders,Data Science,Male,IT
2934,Data Science,Male,3762,IT,Trainee Engineer,Kushal Rajendra Tilke,2024-25,3.5,QSpiders,Data Science,Male,IT
2935,Data Science,Male,3768,IT,Trainee Engineer,Raviraj Sunil Lavhate,2024-25,3.5,QSpiders,Data Science,Male,IT
2936,Data Science,Male,3776,IT,Trainee Engineer,Saurabh Sambhaji Kamble,2024-25,3.5,QSpiders,Data Science,Male,IT
2937,Data Science,Male,3787,IT,Trainee Engineer,Vishal Shripad Takale,2024-25,3.5,QSpiders,Data Science,Male,IT
2938,Data Science,Male,3792,IT,Software Engineer,Aditya Dinesh Sarate,2024-25,4,Hexaware Technologies Pvt. Ltd.,Data Science,Male,IT
2939,Data Science,Male,3793,IT,Software Engineer,Afif Sharif Sayyad,2024-25,4,Hexaware Technologies Pvt. Ltd.,Data Science,Male,IT
2940,Data Science,Male,3799,IT,Software Engineer,Ashish Pramod Kadam,2024-25,4,Hexaware Technologies Pvt. Ltd.,Data Science,Male,IT
2941,Data Science,Male,3800,IT,Software Engineer,Atharva Pratap Padawale,2024-25,4,Hexaware Technologies Pvt. Ltd.,Data Science,Male,IT
2942,Data Science,Male,3802,IT,Software Engineer,Ayush Vinod Sharma,2024-25,4,Hexaware Technologies Pvt. Ltd.,Data Science,Male,IT
2943,Data Science,Male,3807,IT,Software Engineer,Farhan mahebub mulla,2024-25,4,Hexaware Technologies Pvt. Ltd.,Data Science,Male,IT
2944,Data Science,Male,3812,IT,Software Engineer,Kaustubh Nitin Patil,2024-25,4,Hexaware Technologies Pvt. Ltd.,Data Science,Male,IT
2945,Data Science,Male,3815,IT,Software Engineer,Mukund Suresh Sutar,2024-25,4,Hexaware Technologies Pvt. Ltd.,Data Science,Male,IT
2946,Data Science,Male,3826,IT,Software Engineer,Sarvesh Rajiv Mudgal,2024-25,4,Hexaware Technologies Pvt. Ltd.,Data Science,Male,IT
2947,Data Science,Male,3827,IT,Software Engineer,Satej Santosh Kulkarni,2024-25,4,Hexaware Technologies Pvt. Ltd.,Data Science,Male,IT
2948,Data Science,Male,3828,IT,Software Engineer,Saurabh Sambhaji Kamble,2024-25,4,Hexaware Technologies Pvt. Ltd.,Data Science,Male,IT
2949,Data Science,Male,3843,IT,Software Engineer,Sumit Sanjay Jadhav,2024-25,4,Hexaware Technologies Pvt. Ltd.,Data Science,Male,IT
2950,Data Science,Male,3893,IT,Project Trainee,Dhananjay Ramrao Ambatwar,2024-25,3.25,TechMahindra,Data Science,Male,IT
2951,Data Science,Male,3922,IT,Software Engineer Trainee,Aryan Shahaji Tapase,2024-25,6,ApMoSys Technologies Pvt. Ltd.,Data Science,Male,IT
2952,Data Science,Male,3923,IT,Software Engineer Trainee,Kedar Sudhir Jasud,2024-25,4,ApMoSys Technologies Pvt. Ltd.,Data Science,Male,IT
2953,Data Science,Male,3924,IT,Software Engineer Trainee,Prasad Prakash Jadhav,2024-25,2.5,ApMoSys Technologies Pvt. Ltd.,Data Science,Male,IT
2954,Data Science,Male,3945,IT,Trainee Engineer,Sumit Sunil Rukadikar,2024-25,3.6,Sahas Labs,Data Science,Male,IT
2955,Data Science,Male,3950,Non-IT,Trainee Engineer,Omkar Krishna Rao,2024-25,6.5,Corizo Edutech,Data Science,Male,Non-IT
2956,Data Science,Male,3973,IT,Trainee Engineer,Pranav Chandrakant Jangam,2024-25,3.5,"TCognition,Kolhapur",Data Science,Male,IT
2957,Data Science,Male,4009,IT,Trainee Engineer,Amar G. Parab,2024-25,4,Dynalize Technologies,Data Science,Male,IT
2958,Data Science,Male,4010,IT,Trainee Engineer,Abhishek A. Narvekar,2024-25,No,"List Software Pvt.Ltd, Sangli",Data Science,Male,IT
2959,Data Science,Male,4011,IT,Trainee Engineer,Rutuja M. Mali,2024-25,No,Tata Motors,Data Science,Male,IT
2960,Data Science,Male,4014,IT,Trainee Engineer,Revati R. Salokhe,2024-25,No,BenchMark IT Solutions,Data Science,Male,IT
2961,Data Science,Male,4016,IT,Trainee Engineer,Atharv U. Gangane,2024-25,No,"Biyani Tech, Kolhapur",Data Science,Male,IT
2962,Data Science,Male,4018,IT,Trainee Engineer,Akhilesh S. Damake,2024-25,No,Trust engage,Data Science,Male,IT
2963,Data Science,Male,4019,IT,Trainee Engineer,"Arhan W, Attar",2024-25,3.5,Johnson Controls,Data Science,Male,IT
2964,Data Science,Male,4071,IT,QA Engineer,Avinash Dhule,2024-25,4,ExcelR,Data Science,Male,IT
2965,Data Science,Male,4072,IT,QA Engineer,Omkar Gotkhinde,2024-25,4,ExcelR,Data Science,Male,IT
2966,Data Science,Male,4104,IT,Software Engineer,Kushal Rajendra Tilke,2024-25,3.5,Softenger,Data Science,Male,IT
2967,Data Science,Male,4105,IT,Software Engineer,Tushar Pravin Patil,2024-25,3.5,Softenger,Data Science,Male,IT
2968,Data Science,Male,4142,IT,Software Engineer,Om Chetan Nimbalkar,2024-25,3.35,TCS,Data Science,Male,IT
2969,Data Science,Male,4153,IT,Software Engineer,Prasad Prakash Jadhav,2024-25,3.5,Softenger,Data Science,Male,IT
2970,Data Science,Male,4162,IT,Software Engineer,Saiprasad Patil,2024-25,3.35,Tata Consultancy Services,Data Science,Male,IT
2971,Data Science,Male,4198,IT,Full Stack,Veena Mahadev Patil,2025-26,3.5,ExcelR,Data Science,Male,IT
2972,Data Science,Male,4204,IT,Trainee Engineer,Vinayak Dilip Vathare,2025-26,3,Walstar Technologies Pvt. Ltd,Data Science,Male,IT
2973,Data Science,Male,4205,IT,Web Developer,Aakash Raju Mohole,2025-26,3,Walstar Technologies Pvt. Ltd,Data Science,Male,IT
2974,Data Science,Male,4207,IT,Trainee Engineer,Sadaf Abdulrazak Hukkeri,2025-26,3,Walstar Technologies Pvt. Ltd,Data Science,Male,IT
2975,Data Science,Male,4220,IT,Trainee Engineer,Shreyash Ravindra Shetty,2025-26,3,Walstar Technologies Pvt. Ltd,Data Science,Male,IT
2976,Data Science,Male,4223,IT,Trainee Engineer,Pranav Vilas Parit,2025-26,3.5,Cyber Success,Data Science,Male,IT
2977,Data Science,Male,4317,Non-IT,Business Development Executive,Nilesh Anil Bhat,2025-26,7,Launched Global ,Data Science,Male,Non-IT
2978,Data Science,Male,4318,Non-IT,Business Development Executive,Parth Mahesh Jamsandekar,2025-26,7,Launched Global ,Data Science,Male,Non-IT
2979,Data Science,Male,4319,Non-IT,Business Development Executive,Pranav Anil Bhosale,2025-26,7,Launched Global ,Data Science,Male,Non-IT
2980,Data Science,Male,4320,Non-IT,Business Development Executive,Pruthviraj Tanaji Patil,2025-26,7,Launched Global ,Data Science,Male,Non-IT
2981,Data Science,Male,4321,Non-IT,Business Development Executive,Ritesh Uday Koli,2025-26,7,Launched Global ,Data Science,Male,Non-IT
2982,Data Science,Male,4322,Non-IT,Business Development Executive,Rushikesh Mahesh Hirphode,2025-26,7,Launched Global ,Data Science,Male,Non-IT
2983,Data Science,Male,4334,Non-IT,Business Development Executive,Gaurav Ganesh Apugade,2025-26,7,Launched Global ,Data Science,Male,Non-IT
2984,Data Science,Male,4335,Non-IT,Business Development Executive,Harshad Santosh Mane,2025-26,7,Launched Global ,Data Science,Male,Non-IT
2985,Data Science,Male,4336,Non-IT,Business Development Executive,Ishan Nitin Gaikwad,2025-26,7,Launched Global ,Data Science,Male,Non-IT
2986,Data Science,Male,4337,Non-IT,Business Development Executive,Sharad Dattatray Patil,2025-26,7,Launched Global ,Data Science,Male,Non-IT
2987,Data Science,Male,4338,Non-IT,Business Development Executive,Shivam Dnyanoba Katkade,2025-26,7,Launched Global ,Data Science,Male,Non-IT
2988,Data Science,Male,4340,Non-IT,Business Development Executive,Swapnil Bharamu Patil,2025-26,7,Launched Global ,Data Science,Male,Non-IT
2989,Data Science,Male,4341,Non-IT,Business Development Executive,Swapnil Sunil Patil,2025-26,7,Launched Global ,Data Science,Male,Non-IT
2990,Data Science,Male,4344,Non-IT,Business Development Executive,Yashraj Kuber Mithari,2025-26,7,Launched Global ,Data Science,Male,Non-IT
2991,Data Science,Male,4395,Non-IT,Business Development Associate,Ansh Ravindra Motghare,2025-26,6,Unlox Academy,Data Science,Male,Non-IT
2992,Data Science,Male,4399,Non-IT,Business Development Associate,Pranav Anil Bhosale,2025-26,6,Unlox Academy,Data Science,Male,Non-IT
2993,Data Science,Male,4403,Non-IT,Business Development Associate,Satyajeet Sachin Chougale,2025-26,6,Unlox Academy,Data Science,Male,Non-IT
2994,Data Science,Male,4404,Non-IT,Business Development Associate,Supril Prakash Patil,2025-26,6,Unlox Academy,Data Science,Male,Non-IT
2995,Data Science,Male,4405,Non-IT,Business Development Associate,Swapnil Bharamu Patil,2025-26,6,Unlox Academy,Data Science,Male,Non-IT
2996,Data Science,Male,4406,Non-IT,Business Development Associate,Varad Shailesh Bhise,2025-26,6,Unlox Academy,Data Science,Male,Non-IT
2997,Data Science,Male,4418,IT,Software Engineer Trainee,Pratham Prakash Desai,2025-26,2.5,"Greamio Technolgies, Pune",Data Science,Male,IT
2998,Data Science,Male,4428,IT,Software Engineer,Sarthak Chougale,2025-26,2.5,The Root And Craft,Data Science,Male,IT
2999,Data Science,Male,4449,Non-IT,Business Operations Intern,Varad Shailesh Bhise,2025-26,3.5,Corizo Edutech,Data Science,Male,Non-IT
3000,Data Science,Male,4486,Intern,Python,Harshvardhan Santosh Khamkar,2025-26,2.5,Walstar Techologies,Data Science,Male,Intern
3001,Data Science,Male,4487,Intern,Python,Indrajit Sanjay Bandgar,2025-26,2.5,Walstar Techologies,Data Science,Male,Intern
3002,Data Science,Male,4488,Intern,Python,Pruthviraj Tanaji Patil,2025-26,2.5,Walstar Techologies,Data Science,Male,Intern
3003,Data Science,Male,4498,Intern,Software Engineer Trainee,Nilesh Anil Bhat,2025-26,4,TestYantra Software Solutions,Data Science,Male,Intern
3004,Data Science,Male,4500,Intern,Software Engineer Trainee,Pranav Anil Bhosale,2025-26,4,TestYantra Software Solutions,Data Science,Male,Intern
3005,Data Science,Male,4526,Non-IT,BDE,Shivam Dnyanoba Katkade,2025-26,8,"Edu Versity,Banglore",Data Science,Male,Non-IT
3006,Data Science,Male,4527,Non-IT,BDE,Nilesh Anil Bhat,2025-26,8,"Edu Versity,Banglore",Data Science,Male,Non-IT
3007,Data Science,Male,4529,Non-IT,BDE,Udaysinh Patil,2025-26,8,"Edu Versity,Banglore",Data Science,Male,Non-IT
3008,Data Science,Male,4531,Non-IT,BDE,Krushna Supda Wankhade,2025-26,8,"Edu Versity,Banglore",Data Science,Male,Non-IT
3009,Data Science,Male,4532,Non-IT,BDE,Prathamesh Pandurang Gaikwad,2025-26,8,"Edu Versity,Banglore",Data Science,Male,Non-IT
3010,Data Science,Male,4549,IT,Software Engineer Trainee,Pratham Prakash Desai,2025-26,2.5,ApMoSys Techologies,Data Science,Male,IT
3011,Data Science,Male,4551,IT,Software Engineer Trainee,Aakash Raju Mohole,2025-26,2.5,ApMoSys Techologies,Data Science,Male,IT
3012,Data Science,Male,4595,Non-IT,Inside Sales Executive,Rajvardhan Prakash Suryavanshi,2025-26,10.2,GlowLogics Solutions Pvt Ltd,Data Science,Male,Non-IT
3013,Data Science,Male,4598,Non-IT,Inside Sales Executive,Sanket Sanjay Ravan,2025-26,13.2,GlowLogics Solutions Pvt Ltd,Data Science,Male,Non-IT
3014,E&TC,Female,1289,IT,Associate Professional,Namrata Rajendra Karmalkar,2021-22,4,DXC Technology,E&TC,Female,IT
3015,E&TC,Female,1292,IT,Associate Professional,Sakshi Deepak Pawar,2021-22,4,DXC Technology,E&TC,Female,IT
3016,E&TC,Female,1293,IT,Associate Professional,Shruti Sachin Undale,2021-22,4,DXC Technology,E&TC,Female,IT
3017,E&TC,Female,1319,IT,Intern + PPO,Shreya Patil,2021-22,4,Evosys,E&TC,Female,IT
3018,E&TC,Female,1337,Intern,Business Development Trainee,Samita Sunil Matade,2021-22,5.5,SKOLER,E&TC,Female,Intern
3019,E&TC,Female,1345,IT,Trainee Engineer,Yogeshree Kerba Warke,2021-22,3.1,Atos global,E&TC,Female,IT
3020,E&TC,Female,1347,IT,Trainee Engineer,Divya Dipak Vanjare,2021-22,3.1,Atos global,E&TC,Female,IT
3021,E&TC,Female,1348,IT,Trainee Engineer,Rajlaxmi Rajendrakumar Desai,2021-22,3.1,Atos global,E&TC,Female,IT
3022,E&TC,Female,1368,IT,Assistant System Engineer-Trainee,Shreya Vijay Patil,2021-22,3.36,Tata Consultancy Services,E&TC,Female,IT
3023,E&TC,Female,1369,IT,Assistant System Engineer-Trainee,Sonam Ishwar Patil,2021-22,3.36,Tata Consultancy Services,E&TC,Female,IT
3024,E&TC,Female,1440,Non-IT,Community Influncer,Sneha Kadam,2021-22,3,MentorBoxx,E&TC,Female,Non-IT
3025,E&TC,Female,1441,Non-IT,Community Influncer,Shriya Pawar,2021-22,3,MentorBoxx,E&TC,Female,Non-IT
3026,E&TC,Female,1444,Non-IT,Community Influncer,Kajal Shendage,2021-22,3,MentorBoxx,E&TC,Female,Non-IT
3027,E&TC,Female,1445,Non-IT,Community Influncer,Yogeshree Warke,2021-22,3,MentorBoxx,E&TC,Female,Non-IT
3028,E&TC,Female,1446,Non-IT,Community Influncer,Pallavi Kumbhar,2021-22,3,MentorBoxx,E&TC,Female,Non-IT
3029,E&TC,Female,1447,Non-IT,Community Influncer,Sakshi Ambildhok,2021-22,3,MentorBoxx,E&TC,Female,Non-IT
3030,E&TC,Female,1448,Non-IT,Community Influncer,Aishwarya Patil,2021-22,3,MentorBoxx,E&TC,Female,Non-IT
3031,E&TC,Female,1449,Non-IT,Community Influncer,Divya Mali,2021-22,3,MentorBoxx,E&TC,Female,Non-IT
3032,E&TC,Female,1451,Non-IT,Community Influncer,Tanuja Lokhande,2021-22,3,MentorBoxx,E&TC,Female,Non-IT
3033,E&TC,Female,1453,Non-IT,Community Influncer,Mayuri Gangadhar,2021-22,3,MentorBoxx,E&TC,Female,Non-IT
3034,E&TC,Female,1454,Non-IT,Community Influncer,Sakshi Pawar,2021-22,3,MentorBoxx,E&TC,Female,Non-IT
3035,E&TC,Female,1455,Non-IT,Community Influncer,Rinkal Patil,2021-22,3,MentorBoxx,E&TC,Female,Non-IT
3036,E&TC,Female,1456,Non-IT,Community Influncer,Prajakta Patil,2021-22,3,MentorBoxx,E&TC,Female,Non-IT
3037,E&TC,Female,1495,IT,Project Engineer,Divya Baban Shetti,2021-22,3.5,Wipro,E&TC,Female,IT
3038,E&TC,Female,1497,IT,Project Engineer,Rutuja Sandeep Patil,2021-22,3.5,Wipro,E&TC,Female,IT
3039,E&TC,Female,1498,IT,Project Engineer,Sonam Ishwar Patil,2021-22,3.5,Wipro,E&TC,Female,IT
3040,E&TC,Female,1510,IT,Associate Analyst,Divya Baban Shetti,2021-22,10,Ugam Solutions,E&TC,Female,IT
3041,E&TC,Female,1512,IT,Associate Analyst,Rajlaxmi Rajendrakumar Desai,2021-22,10,Ugam Solutions,E&TC,Female,IT
3042,E&TC,Female,1533,IT,Trainee Engineer,kajal sarjerao shendage,2021-22,3.8,Qspider,E&TC,Female,IT
3043,E&TC,Female,1535,IT,Trainee Engineer,Divya Dinkar Mali,2021-22,3.8,Qspider,E&TC,Female,IT
3044,E&TC,Female,1544,IT,Project Engineer,Sharvari Mohan Patil,2021-22,3.5,Wipro,E&TC,Female,IT
3045,E&TC,Female,1552,IT,Software Engineer,Sneha Kadam,2021-22,3,Hidden Brains,E&TC,Female,IT
3046,E&TC,Female,1558,IT,Software Engineer,Divya Mali,2021-22,4.71,Persistent Systems,E&TC,Female,IT
3047,E&TC,Female,1559,IT,Software Engineer,Firdous sayyed,2021-22,4.71,Persistent Systems,E&TC,Female,IT
3048,E&TC,Female,1561,IT,Software Engineer,Rutuja Jadhav,2021-22,4.71,Persistent Systems,E&TC,Female,IT
3049,E&TC,Female,1562,IT,Software Engineer,Shreya Patil,2021-22,4.71,Persistent Systems,E&TC,Female,IT
3050,E&TC,Female,1571,IT,Software Engineer,Dhanashree Uttamkumar Desai,2021-22,4.5,Agiliad Technologies Private Ltd.,E&TC,Female,IT
3051,E&TC,Female,1573,IT,Software Engineer,Rutuja Machindra Jadhav,2021-22,4.5,Agiliad Technologies Private Ltd.,E&TC,Female,IT
3052,E&TC,Female,1574,IT,Software Engineer,Yashashree Sanjay Shinde,2021-22,4.5,Agiliad Technologies Private Ltd.,E&TC,Female,IT
3053,E&TC,Female,1576,IT,Software Engineer,Vaishnavi Ujjval Bhosale,2021-22,4,EuroNet Worldwide,E&TC,Female,IT
3054,E&TC,Female,1577,IT,Associate Engineer – Technology,Divya Baban Shetti,2021-22,4.5,Virtusa,E&TC,Female,IT
3055,E&TC,Female,1635,IT,GenC - Select,Pallavi Sanjay Kumbhar,2021-22,4,Cognizant,E&TC,Female,IT
3056,E&TC,Female,1637,IT,GenC - Select,Yogita Ramesh Pandit,2021-22,4,Cognizant,E&TC,Female,IT
3057,E&TC,Female,1638,IT,GenC - Select,Sharvari Mohan Patil,2021-22,4,Cognizant,E&TC,Female,IT
3058,E&TC,Female,1667,IT,GenC - Select,Shradha Sanjay Kankekar,2021-22,4,Cognizant,E&TC,Female,IT
3059,E&TC,Female,1668,IT,GenC- Pro,Namrata Rajendra Karmalkar,2021-22,5,Cognizant,E&TC,Female,IT
3060,E&TC,Female,1705,IT,Software Engineer,Isha Sanjay Potdar,2021-22,4,Msys Tech Pvt Ltd,E&TC,Female,IT
3061,E&TC,Female,1706,IT,Software Engineer,Shradha Sanjay Kankekar,2021-22,4,Msys Tech Pvt Ltd,E&TC,Female,IT
3062,E&TC,Female,1707,IT,Software Engineer,Uttkarsha Bajirao Gangadhar,2021-22,4,Msys Tech Pvt Ltd,E&TC,Female,IT
3063,E&TC,Female,1713,IT,Trainee Engineer,Mayuri Sarjerao Gangadhar,2021-22,3,Pentagon Space Pvt Ltd.,E&TC,Female,IT
3064,E&TC,Female,1716,IT,Trainee Engineer,Pranali Suresh Sathe,2021-22,3,Pentagon Space Pvt Ltd.,E&TC,Female,IT
3065,E&TC,Female,1726,IT,System Analyst,Namrata Maruti Alavekar,2021-22,3.8,CAPGEMINI,E&TC,Female,IT
3066,E&TC,Female,1762,Non-IT,GET,Rinkal Patil,2021-22,4.25,Johnson Controls India,E&TC,Female,Non-IT
3067,E&TC,Female,1763,Non-IT,GET,Aparna Surve,2021-22,4.25,Johnson Controls India,E&TC,Female,Non-IT
3068,E&TC,Female,1764,IT,GET,Rajlaxmi Desai,2021-22,4,Hexaware Technologies,E&TC,Female,IT
3069,E&TC,Female,1765,IT,GET,Aparna Surve,2021-22,4,Hexaware Technologies,E&TC,Female,IT
3070,E&TC,Female,1773,IT,Software Engineer,Sakshi Ambildhok,2021-22,1.8,"MeshBA Solutions,Kolhapur",E&TC,Female,IT
3071,E&TC,Female,1777,IT,System Engineer,Tanuja Lokhande,2021-22,3.6,Infosys,E&TC,Female,IT
3072,E&TC,Female,1782,IT,System Engineer,Divya Vanjare,2021-22,3.6,Infosys,E&TC,Female,IT
3073,E&TC,Female,1783,IT,System Analyst,Sakshi Pawar,2021-22,4,CAPGEMINI,E&TC,Female,IT
3074,E&TC,Female,1784,IT,System Analyst,Sonam Patil,2021-22,4,CAPGEMINI,E&TC,Female,IT
3075,E&TC,Female,1785,IT,System Analyst,Rajlaxmi Desai,2021-22,4,CAPGEMINI,E&TC,Female,IT
3076,E&TC,Female,1789,IT,System Engineer,Rajlaxmi Desai,2021-22,3.6,Infosys,E&TC,Female,IT
3077,E&TC,Female,1806,IT,System Analyst,Divya Shetti,2021-22,4,CAPGEMINI,E&TC,Female,IT
3078,E&TC,Female,1828,IT,System Engineer,Nita Patil,2021-22,3.6,Infosys,E&TC,Female,IT
3079,E&TC,Female,1829,IT,Project Engineer,Tanuja Lokhande,2021-22,3.5,Wipro,E&TC,Female,IT
3080,E&TC,Female,1915,IT,Associate Professional,Namrata Rajendra Karmalkar,2021-22,4,DXC Technology,E&TC,Female,IT
3081,E&TC,Female,1918,IT,Associate Professional,Sakshi Deepak Pawar,2021-22,4,DXC Technology,E&TC,Female,IT
3082,E&TC,Female,1919,IT,Associate Professional,Shruti Sachin Undale,2021-22,4,DXC Technology,E&TC,Female,IT
3083,E&TC,Female,1945,IT,Intern + PPO,Shreya Patil,2021-22,4,Evosys,E&TC,Female,IT
3084,E&TC,Female,1963,Intern,Business Development Trainee,Samita Sunil Matade,2021-22,5.5,SKOLER,E&TC,Female,Intern
3085,E&TC,Female,1971,IT,Trainee Engineer,Yogeshree Kerba Warke,2021-22,3.1,Atos global,E&TC,Female,IT
3086,E&TC,Female,1973,IT,Trainee Engineer,Divya Dipak Vanjare,2021-22,3.1,Atos global,E&TC,Female,IT
3087,E&TC,Female,1974,IT,Trainee Engineer,Rajlaxmi Rajendrakumar Desai,2021-22,3.1,Atos global,E&TC,Female,IT
3088,E&TC,Female,1994,IT,Assistant System Engineer-Trainee,Shreya Vijay Patil,2021-22,3.36,Tata Consultancy Services,E&TC,Female,IT
3089,E&TC,Female,1995,IT,Assistant System Engineer-Trainee,Sonam Ishwar Patil,2021-22,3.36,Tata Consultancy Services,E&TC,Female,IT
3090,E&TC,Female,2066,Non-IT,Community Influncer,Sneha Kadam,2021-22,3,MentorBoxx,E&TC,Female,Non-IT
3091,E&TC,Female,2067,Non-IT,Community Influncer,Shriya Pawar,2021-22,3,MentorBoxx,E&TC,Female,Non-IT
3092,E&TC,Female,2070,Non-IT,Community Influncer,Kajal Shendage,2021-22,3,MentorBoxx,E&TC,Female,Non-IT
3093,E&TC,Female,2071,Non-IT,Community Influncer,Yogeshree Warke,2021-22,3,MentorBoxx,E&TC,Female,Non-IT
3094,E&TC,Female,2072,Non-IT,Community Influncer,Pallavi Kumbhar,2021-22,3,MentorBoxx,E&TC,Female,Non-IT
3095,E&TC,Female,2073,Non-IT,Community Influncer,Sakshi Ambildhok,2021-22,3,MentorBoxx,E&TC,Female,Non-IT
3096,E&TC,Female,2074,Non-IT,Community Influncer,Aishwarya Patil,2021-22,3,MentorBoxx,E&TC,Female,Non-IT
3097,E&TC,Female,2075,Non-IT,Community Influncer,Divya Mali,2021-22,3,MentorBoxx,E&TC,Female,Non-IT
3098,E&TC,Female,2077,Non-IT,Community Influncer,Tanuja Lokhande,2021-22,3,MentorBoxx,E&TC,Female,Non-IT
3099,E&TC,Female,2079,Non-IT,Community Influncer,Mayuri Gangadhar,2021-22,3,MentorBoxx,E&TC,Female,Non-IT
3100,E&TC,Female,2080,Non-IT,Community Influncer,Sakshi Pawar,2021-22,3,MentorBoxx,E&TC,Female,Non-IT
3101,E&TC,Female,2081,Non-IT,Community Influncer,Rinkal Patil,2021-22,3,MentorBoxx,E&TC,Female,Non-IT
3102,E&TC,Female,2082,Non-IT,Community Influncer,Prajakta Patil,2021-22,3,MentorBoxx,E&TC,Female,Non-IT
3103,E&TC,Female,2121,IT,Project Engineer,Divya Baban Shetti,2021-22,3.5,Wipro,E&TC,Female,IT
3104,E&TC,Female,2123,IT,Project Engineer,Rutuja Sandeep Patil,2021-22,3.5,Wipro,E&TC,Female,IT
3105,E&TC,Female,2124,IT,Project Engineer,Sonam Ishwar Patil,2021-22,3.5,Wipro,E&TC,Female,IT
3106,E&TC,Female,2136,IT,Associate Analyst,Divya Baban Shetti,2021-22,10,Ugam Solutions,E&TC,Female,IT
3107,E&TC,Female,2138,IT,Associate Analyst,Rajlaxmi Rajendrakumar Desai,2021-22,10,Ugam Solutions,E&TC,Female,IT
3108,E&TC,Female,2159,IT,Trainee Engineer,kajal sarjerao shendage,2021-22,3.8,Qspider,E&TC,Female,IT
3109,E&TC,Female,2161,IT,Trainee Engineer,Divya Dinkar Mali,2021-22,3.8,Qspider,E&TC,Female,IT
3110,E&TC,Female,2170,IT,Project Engineer,Sharvari Mohan Patil,2021-22,3.5,Wipro,E&TC,Female,IT
3111,E&TC,Female,2178,IT,Software Engineer,Sneha Kadam,2021-22,3,Hidden Brains,E&TC,Female,IT
3112,E&TC,Female,2184,IT,Software Engineer,Divya Mali,2021-22,4.71,Persistent Systems,E&TC,Female,IT
3113,E&TC,Female,2185,IT,Software Engineer,Firdous sayyed,2021-22,4.71,Persistent Systems,E&TC,Female,IT
3114,E&TC,Female,2187,IT,Software Engineer,Rutuja Jadhav,2021-22,4.71,Persistent Systems,E&TC,Female,IT
3115,E&TC,Female,2188,IT,Software Engineer,Shreya Patil,2021-22,4.71,Persistent Systems,E&TC,Female,IT
3116,E&TC,Female,2197,IT,Software Engineer,Dhanashree Uttamkumar Desai,2021-22,4.5,Agiliad Technologies Private Ltd.,E&TC,Female,IT
3117,E&TC,Female,2199,IT,Software Engineer,Rutuja Machindra Jadhav,2021-22,4.5,Agiliad Technologies Private Ltd.,E&TC,Female,IT
3118,E&TC,Female,2200,IT,Software Engineer,Yashashree Sanjay Shinde,2021-22,4.5,Agiliad Technologies Private Ltd.,E&TC,Female,IT
3119,E&TC,Female,2202,IT,Software Engineer,Vaishnavi Ujjval Bhosale,2021-22,4,EuroNet Worldwide,E&TC,Female,IT
3120,E&TC,Female,2203,IT,Associate Engineer – Technology,Divya Baban Shetti,2021-22,4.5,Virtusa,E&TC,Female,IT
3121,E&TC,Female,2261,IT,GenC - Select,Pallavi Sanjay Kumbhar,2021-22,4,Cognizant,E&TC,Female,IT
3122,E&TC,Female,2263,IT,GenC - Select,Yogita Ramesh Pandit,2021-22,4,Cognizant,E&TC,Female,IT
3123,E&TC,Female,2264,IT,GenC - Select,Sharvari Mohan Patil,2021-22,4,Cognizant,E&TC,Female,IT
3124,E&TC,Female,2293,IT,GenC - Select,Shradha Sanjay Kankekar,2021-22,4,Cognizant,E&TC,Female,IT
3125,E&TC,Female,2294,IT,GenC- Pro,Namrata Rajendra Karmalkar,2021-22,5,Cognizant,E&TC,Female,IT
3126,E&TC,Female,2331,IT,Software Engineer,Isha Sanjay Potdar,2021-22,4,Msys Tech Pvt Ltd,E&TC,Female,IT
3127,E&TC,Female,2332,IT,Software Engineer,Shradha Sanjay Kankekar,2021-22,4,Msys Tech Pvt Ltd,E&TC,Female,IT
3128,E&TC,Female,2333,IT,Software Engineer,Uttkarsha Bajirao Gangadhar,2021-22,4,Msys Tech Pvt Ltd,E&TC,Female,IT
3129,E&TC,Female,2339,IT,Trainee Engineer,Mayuri Sarjerao Gangadhar,2021-22,3,Pentagon Space Pvt Ltd.,E&TC,Female,IT
3130,E&TC,Female,2342,IT,Trainee Engineer,Pranali Suresh Sathe,2021-22,3,Pentagon Space Pvt Ltd.,E&TC,Female,IT
3131,E&TC,Female,2352,IT,System Analyst,Namrata Maruti Alavekar,2021-22,3.8,CAPGEMINI,E&TC,Female,IT
3132,E&TC,Female,2388,Non-IT,GET,Rinkal Patil,2021-22,4.25,Johnson Controls India,E&TC,Female,Non-IT
3133,E&TC,Female,2389,Non-IT,GET,Aparna Surve,2021-22,4.25,Johnson Controls India,E&TC,Female,Non-IT
3134,E&TC,Female,2390,IT,GET,Rajlaxmi Desai,2021-22,4,Hexaware Technologies,E&TC,Female,IT
3135,E&TC,Female,2391,IT,GET,Aparna Surve,2021-22,4,Hexaware Technologies,E&TC,Female,IT
3136,E&TC,Female,2399,IT,Software Engineer,Sakshi Ambildhok,2021-22,1.8,"MeshBA Solutions,Kolhapur",E&TC,Female,IT
3137,E&TC,Female,2403,IT,System Engineer,Tanuja Lokhande,2021-22,3.6,Infosys,E&TC,Female,IT
3138,E&TC,Female,2408,IT,System Engineer,Divya Vanjare,2021-22,3.6,Infosys,E&TC,Female,IT
3139,E&TC,Female,2409,IT,System Analyst,Sakshi Pawar,2021-22,4,CAPGEMINI,E&TC,Female,IT
3140,E&TC,Female,2410,IT,System Analyst,Sonam Patil,2021-22,4,CAPGEMINI,E&TC,Female,IT
3141,E&TC,Female,2411,IT,System Analyst,Rajlaxmi Desai,2021-22,4,CAPGEMINI,E&TC,Female,IT
3142,E&TC,Female,2415,IT,System Engineer,Rajlaxmi Desai,2021-22,3.6,Infosys,E&TC,Female,IT
3143,E&TC,Female,2432,IT,System Analyst,Divya Shetti,2021-22,4,CAPGEMINI,E&TC,Female,IT
3144,E&TC,Female,2454,IT,System Engineer,Nita Patil,2021-22,3.6,Infosys,E&TC,Female,IT
3145,E&TC,Female,2455,IT,Project Engineer,Tanuja Lokhande,2021-22,3.5,Wipro,E&TC,Female,IT
3146,E&TC,Female,2562,IT,Associate Professional,Aishwarya Jitendra Zad,2022-23,4.2,DXC Technology,E&TC,Female,IT
3147,E&TC,Female,2563,IT,Associate Professional,Rhugveda Vinay More,2022-23,4.2,DXC Technology,E&TC,Female,IT
3148,E&TC,Female,2570,IT,Associate Professional,Sakshee Rajesh Chavhaan,2022-23,4.2,DXC Technology,E&TC,Female,IT
3149,E&TC,Female,2571,IT,Associate Professional,Arati Yashwant Shinde,2022-23,4.2,DXC Technology,E&TC,Female,IT
3150,E&TC,Female,2575,IT,Associate Professional,RUTUJA DHANAJIRAO DESAI,2022-23,4.2,DXC Technology,E&TC,Female,IT
3151,E&TC,Female,2576,IT,Associate Professional,Siddhi Daulat Patil,2022-23,4.2,DXC Technology,E&TC,Female,IT
3152,E&TC,Female,2578,IT,Associate Professional,Juhi Arun Dharwade,2022-23,4.2,DXC Technology,E&TC,Female,IT
3153,E&TC,Female,2582,IT,Associate Professional,Riya Rajendra Jadhav,2022-23,4.2,DXC Technology,E&TC,Female,IT
3154,E&TC,Female,2584,IT,Associate Professional,Bhakti Ratnesh Patil,2022-23,4.2,DXC Technology,E&TC,Female,IT
3155,E&TC,Female,2682,IT,GET,Aarya Sandeep Jadhav,2022-23,5,VOIS,E&TC,Female,IT
3156,E&TC,Female,2683,IT,GET,Aishwarya Jitendra Zad,2022-23,5,VOIS,E&TC,Female,IT
3157,E&TC,Female,2685,IT,GET,Mrunal Baburao Thorat,2022-23,5,VOIS,E&TC,Female,IT
3158,E&TC,Female,2688,IT,GET,Priya Ramrao Mane,2022-23,5,VOIS,E&TC,Female,IT
3159,E&TC,Female,2689,IT,GET,Riya Rajendra Jadhav,2022-23,5,VOIS,E&TC,Female,IT
3160,E&TC,Female,2690,IT,GET,Shrutika Pravin Patil,2022-23,5,VOIS,E&TC,Female,IT
3161,E&TC,Female,2691,IT,GET,Siddhi Rajendra Varpe,2022-23,5,VOIS,E&TC,Female,IT
3162,E&TC,Female,2692,IT,GET,Snehal Ravindra Gaikwad,2022-23,5,VOIS,E&TC,Female,IT
3163,E&TC,Female,2727,Non-IT,GET,Riddhi Nalawade,2022-23,4.5,Johnson Controls,E&TC,Female,Non-IT
3164,E&TC,Female,2767,Non-IT,Subject Matter Expert,Siddhi Daulat Patil,2022-23,3,Chegg,E&TC,Female,Non-IT
3165,E&TC,Female,2769,Non-IT,Subject Matter Expert,Divya Dhanaji Fagare,2022-23,3,Chegg,E&TC,Female,Non-IT
3166,E&TC,Female,2771,Non-IT,Subject Matter Expert,Arati Yashwant Shinde,2022-23,3,Chegg,E&TC,Female,Non-IT
3167,E&TC,Female,2807,Non-IT,Subject Matter Expert,Sayali Sanjay Jadhav,2022-23,3,Chegg,E&TC,Female,Non-IT
3168,E&TC,Female,2825,Non-IT,Subject Matter Expert,POOJA UMESH MAGAR,2022-23,3,Chegg,E&TC,Female,Non-IT
3169,E&TC,Female,2838,Non-IT,Subject Matter Expert,Mrunal Baburao Thorat,2022-23,3,Chegg,E&TC,Female,Non-IT
3170,E&TC,Female,2915,Non-IT,Subject Matter Expert,Rhugveda Vinay More,2022-23,3,Chegg,E&TC,Female,Non-IT
3171,E&TC,Female,2922,Non-IT,Subject Matter Expert,Zeba Altaf Kazi,2022-23,3,Chegg,E&TC,Female,Non-IT
3172,E&TC,Female,2936,Non-IT,Subject Matter Expert,Juhi Arun Dharwade,2022-23,3,Chegg,E&TC,Female,Non-IT
3173,E&TC,Female,2943,Non-IT,Subject Matter Expert,Manisha Vijay Kamble,2022-23,3,Chegg,E&TC,Female,Non-IT
3174,E&TC,Female,2945,Non-IT,Subject Matter Expert,Siddhi Umesh Kalekar,2022-23,3,Chegg,E&TC,Female,Non-IT
3175,E&TC,Female,2956,Non-IT,Subject Matter Expert,Siddhi Rajendra Varpe,2022-23,3,Chegg,E&TC,Female,Non-IT
3176,E&TC,Female,2983,Non-IT,Subject Matter Expert,Anuja Ravindra Powar,2022-23,3,Chegg,E&TC,Female,Non-IT
3177,E&TC,Female,2984,Non-IT,Subject Matter Expert,Zeba Altaf Kazi,2022-23,3,Chegg,E&TC,Female,Non-IT
3178,E&TC,Female,2992,Non-IT,Subject Matter Expert,Dhanashree Dnyandev Bodekar,2022-23,3,Chegg,E&TC,Female,Non-IT
3179,E&TC,Female,3048,IT,Software Engineer,Riddhi Nalawade,2022-23,3.1,Atos global,E&TC,Female,IT
3180,E&TC,Female,3087,IT,Trainee Engineer, Zeba Altaf Kazi,2022-23,3,Palle Technology,E&TC,Female,IT
3181,E&TC,Female,3090,Non-IT,GET,POOJA UMESH MAGAR,2022-23,4.5,JABIL India,E&TC,Female,Non-IT
3182,E&TC,Female,3092,Non-IT,GET,Shruti Sunil Kamble,2022-23,4.5,JABIL India,E&TC,Female,Non-IT
3183,E&TC,Female,3121,IT,Trainee Engineer,Mayuri Shahaji Mahadeshwar,2022-23,3,Skandha Media Services Pvt Ltd,E&TC,Female,IT
3184,E&TC,Female,3125,IT,Trainee Engineer,Zeba Altaf Kazi,2022-23,3,Skandha Media Services Pvt Ltd,E&TC,Female,IT
3185,E&TC,Female,3145,Non-IT,Business Development Associate,Dhanashree Dnyandev Bodekar,2022-23,7,BYJU's,E&TC,Female,Non-IT
3186,E&TC,Female,3152,Non-IT,Business Development Associate,Manisha Vijay Kamble,2022-23,7,BYJU's,E&TC,Female,Non-IT
3187,E&TC,Female,3260,IT,Software Developer,Nakshatraa Babanrao Desai,2023-24,7.8,Dassault Systems,E&TC,Female,IT
3188,E&TC,Female,3356,IT,Subject Matter Expert,Anjali Lalaso Patil,2023-24,3,Chegg India,E&TC,Female,IT
3189,E&TC,Female,3357,IT,Subject Matter Expert,Apurva Anil Kumbhar,2023-24,3,Chegg India,E&TC,Female,IT
3190,E&TC,Female,3358,IT,Subject Matter Expert,Dhanashree Santosh Chavan,2023-24,3,Chegg India,E&TC,Female,IT
3191,E&TC,Female,3359,IT,Subject Matter Expert,Prajakta Mahadev Nale,2023-24,3,Chegg India,E&TC,Female,IT
3192,E&TC,Female,3446,Non-IT,GET,Dhanashree Santosh Chavan,2023-24,4,WIPRO PARI,E&TC,Female,Non-IT
3193,E&TC,Female,3449,Non-IT,GET,Prajakta Jayavant Padaval,2023-24,4,WIPRO PARI,E&TC,Female,Non-IT
3194,E&TC,Female,3450,Non-IT,GET,Reshma Dattatray Bhaigade,2023-24,4,WIPRO PARI,E&TC,Female,Non-IT
3195,E&TC,Female,3454,Non-IT,GET,Smita Sudhir Yadav,2023-24,4,WIPRO PARI,E&TC,Female,Non-IT
3196,E&TC,Female,3473,IT,Robotics & AI Engineer,Jinali Shaha,2023-24,3,GRAIR Comapny,E&TC,Female,IT
3197,E&TC,Female,3494,IT,Trainee Engineer,Ankita Anil Jadhav,2023-24,3,Qspider,E&TC,Female,IT
3198,E&TC,Female,3510,IT,Trainee Engineer,Samruddhi santosh kirolkar,2023-24,3,Qspider,E&TC,Female,IT
3199,E&TC,Female,3519,Non-IT,Management Trainee,Jinali Yogesh Shah,2023-24,3,BVG Group,E&TC,Female,Non-IT
3200,E&TC,Female,3520,Non-IT,Management Trainee,Sakshi Rajesh Bhopale,2023-24,3,BVG Group,E&TC,Female,Non-IT
3201,E&TC,Female,3547,IT,Project Engineer,Ankita Anil Jadhav,2023-24,3.25,Tech Mahindra,E&TC,Female,IT
3202,E&TC,Female,3565,Non-IT,Trainee Engineer,Aditi Jadhav,2023-24,1.8,"East Sun Electronics LLP,Pune",E&TC,Female,Non-IT
3203,E&TC,Female,3566,Non-IT,Trainee Engineer,Akansha Babar,2023-24,1.8,"East Sun Electronics LLP,Pune",E&TC,Female,Non-IT
3204,E&TC,Female,3574,IT,Software Engineer,Aditi Malhari Jadhav,2023-24,4,EXCELR Solutions,E&TC,Female,IT
3205,E&TC,Female,3604,IT,Trainee Engineer,Ankita Anil Jadhav,2023-24,3,"Technolearn,Pune",E&TC,Female,IT
3206,E&TC,Female,3609,IT,Trainee Engineer,"
 Veda Sanjay Bhosale",2023-24,3,"Technolearn,Pune",E&TC,Female,IT
3207,E&TC,Female,3643,IT,Ninja,Niharika Viraj Achrekar,2023-24,3.38,TCS,E&TC,Female,IT
3208,E&TC,Female,3660,Non-IT,Jr. Engineer,Sejal Patil,2023-24,3.2,Vedang Cellular S. Pvt,E&TC,Female,Non-IT
3209,E&TC,Female,3662,Non-IT,Admin Executive,Jinali Shaha,2023-24,2.4,Campus Credentials,E&TC,Female,Non-IT
3210,E&TC,Female,3723,IT,Trainee Engineer,Tarangini Chidanand Jawalgi,2024-25,3.5,Global Quest Technologies,E&TC,Female,IT
3211,E&TC,Female,3724,IT,Trainee Engineer,Vedangee Vinod Sale,2024-25,3.5,Global Quest Technologies,E&TC,Female,IT
3212,E&TC,Female,3733,IT,Trainee Engineer,Sharvari Sanjay Patil,2024-25,3.5,Numetry Technologies,E&TC,Female,IT
3213,E&TC,Female,3756,IT,Trainee Engineer,Chinmayee Shekhar Deshpande,2024-25,3.5,QSpiders,E&TC,Female,IT
3214,E&TC,Female,3763,IT,Trainee Engineer,Neha Anil Patil,2024-25,3.5,QSpiders,E&TC,Female,IT
3215,E&TC,Female,3785,IT,Trainee Engineer,Vedangee Vinod Sale,2024-25,3.5,QSpiders,E&TC,Female,IT
3216,E&TC,Female,3795,IT,Software Engineer,Ankita Avinash Kumbhar,2024-25,4,Hexaware Technologies Pvt. Ltd.,E&TC,Female,IT
3217,E&TC,Female,3847,IT,Software Engineer,Vaishnavi Krushnat Patil,2024-25,4,Hexaware Technologies Pvt. Ltd.,E&TC,Female,IT
3218,E&TC,Female,3850,IT,Software Engineer,Vedangee Vinod Sale,2024-25,4,Hexaware Technologies Pvt. Ltd.,E&TC,Female,IT
3219,E&TC,Female,3894,Non-IT,GET,Neha Anil Patil,2024-25,3.5,BharatForge,E&TC,Female,Non-IT
3220,E&TC,Female,3927,IT,Software Engineer Trainee,Sharvari Sanjay Patil,2024-25,2.5,ApMoSys Technologies Pvt. Ltd.,E&TC,Female,IT
3221,E&TC,Female,3928,IT,Software Engineer Trainee,Tarangini Chidanand Jawalgi,2024-25,2.5,ApMoSys Technologies Pvt. Ltd.,E&TC,Female,IT
3222,E&TC,Female,3936,IT,Functional Engineer,Tarangini Chidanand Jawalgi,2024-25,2.5,Qualitykiosk Technologies Pvt Ltd,E&TC,Female,IT
3223,E&TC,Female,4039,Non-IT,Trainee Engineer,Mrunal Yuvraj Patil,2024-25,2.4,"Sedmac,Pune",E&TC,Female,Non-IT
3224,E&TC,Female,4040,Non-IT,Trainee Engineer,Sandhya Ravindra Patil,2024-25,2.4,"Sedmac,Pune",E&TC,Female,Non-IT
3225,E&TC,Female,4041,Non-IT,Trainee Engineer,Aliya Arif Bagwan,2024-25,2.4,"Sedmac,Pune",E&TC,Female,Non-IT
3226,E&TC,Female,4042,Non-IT,Trainee Engineer,Dhairyashil Dhananjay Sutar,2024-25,2.4,"Sedmac,Pune",E&TC,Female,Non-IT
3227,E&TC,Female,4043,Non-IT,Trainee Engineer,Supriya Sudhakar Lande,2024-25,2.4,"Sedmac,Pune",E&TC,Female,Non-IT
3228,E&TC,Female,4082,Non-IT,GET,Samruddhi Bharat Salokhe,2024-25,3.5,Suryalogix Pvt Ltd,E&TC,Female,Non-IT
3229,E&TC,Female,4083,Non-IT,GET,Sayali Ashok Bhat,2024-25,3.5,Suryalogix Pvt Ltd,E&TC,Female,Non-IT
3230,E&TC,Female,4144,IT,GET,Sheya Sachin Salunkhe,2024-25,4,"Accent Techno Solution, Mumbai",E&TC,Female,IT
3231,E&TC,Female,4171,IT,Trainee Instrumentation Engineer.,Shreya Sachin Salunkhe,2024-25,3,Astun Technologies Pvt Ltd.,E&TC,Female,IT
3232,E&TC,Female,4173,IT,QA Engineer,Samrudhi Shinde,2024-25,3,ReapMind Inovation,E&TC,Female,IT
3233,E&TC,Female,4175,IT,Software Engineer,Aliya Bagwan,2024-25,4.5,"Softenger India Pvt. Ltd., Pune",E&TC,Female,IT
3234,E&TC,Female,4176,IT,Software Engineer,Sandhya Patil,2024-25,4.5,"Softenger India Pvt. Ltd., Pune",E&TC,Female,IT
3235,E&TC,Female,4182,IT,Software Engineer Trainee,Siddhi Avinash Rajadhyaksha,2025-26,4.5,LVD-Multifold Private Limited,E&TC,Female,IT
3236,E&TC,Female,4184,IT,Software Engineer Trainee,Pranavi Dilip Fatak,2025-26,3,Seaquid,E&TC,Female,IT
3237,E&TC,Female,4185,IT,Software Engineer Trainee,Diksha Vikram Patil,2025-26,3,Seaquid,E&TC,Female,IT
3238,E&TC,Female,4186,IT,Software Engineer Trainee,Rujavi Harish Jathar,2025-26,3,Seaquid,E&TC,Female,IT
3239,E&TC,Female,4208,IT,Trainee Engineer,Samiksha Sachin Nichite,2025-26,3,Walstar Technologies Pvt. Ltd,E&TC,Female,IT
3240,E&TC,Female,4238,Non-IT,GET,Arundhati Santosh Sathe,2025-26,3,Bharat Forge,E&TC,Female,Non-IT
3241,E&TC,Female,4346,Non-IT,Business Development Executive,Arundhati Santosh Sathe,2025-26,7,Launched Global ,E&TC,Female,Non-IT
3242,E&TC,Female,4347,Non-IT,Business Development Executive,Diksha Vikram Patil,2025-26,7,Launched Global ,E&TC,Female,Non-IT
3243,E&TC,Female,4348,Non-IT,Business Development Executive,Diya Sachin Magdum,2025-26,7,Launched Global ,E&TC,Female,Non-IT
3244,E&TC,Female,4358,Non-IT,Business Development Executive,Kshitija Prakash Tibile,2025-26,7,Launched Global ,E&TC,Female,Non-IT
3245,E&TC,Female,4359,Non-IT,Business Development Executive,Nutan Sanjay Chavan,2025-26,7,Launched Global ,E&TC,Female,Non-IT
3246,E&TC,Female,4361,Non-IT,Business Development Executive,Prachi Arjun Patil,2025-26,7,Launched Global ,E&TC,Female,Non-IT
3247,E&TC,Female,4362,Non-IT,Business Development Executive,Prachi Santosh Patil,2025-26,7,Launched Global ,E&TC,Female,Non-IT
3248,E&TC,Female,4363,Non-IT,Business Development Executive,Pranavi Dilip Fatak,2025-26,7,Launched Global ,E&TC,Female,Non-IT
3249,E&TC,Female,4364,Non-IT,Business Development Executive,Pratiksha Yashwant Patil,2025-26,7,Launched Global ,E&TC,Female,Non-IT
3250,E&TC,Female,4365,Non-IT,Business Development Executive,Rasika Ravindra Nalawade,2025-26,7,Launched Global ,E&TC,Female,Non-IT
3251,E&TC,Female,4366,Non-IT,Business Development Executive,Rujavi Harish Jathar,2025-26,7,Launched Global ,E&TC,Female,Non-IT
3252,E&TC,Female,4368,Non-IT,Business Development Executive,Sanika Deepak Patil,2025-26,7,Launched Global ,E&TC,Female,Non-IT
3253,E&TC,Female,4407,Non-IT,Business Development Associate,Aditi Abhijit Tawade,2025-26,6,Unlox Academy,E&TC,Female,Non-IT
3254,E&TC,Female,4408,Non-IT,Business Development Associate,Diksha Vikram Patil,2025-26,6,Unlox Academy,E&TC,Female,Non-IT
3255,E&TC,Female,4409,Non-IT,Business Development Associate,Pratiksha Yashwant Patil,2025-26,6,Unlox Academy,E&TC,Female,Non-IT
3256,E&TC,Female,4410,Non-IT,Business Development Associate,Rujavi Harish Jathar,2025-26,6,Unlox Academy,E&TC,Female,Non-IT
3257,E&TC,Female,4411,Non-IT,Business Development Associate,Sanika Deepak Patil,2025-26,6,Unlox Academy,E&TC,Female,Non-IT
3258,E&TC,Female,4422,IT,Business Development Trainee,Diksha Vikram Patil,2025-26,6.6,Planet Spark,E&TC,Female,IT
3259,E&TC,Female,4435,Non-IT,Business Development Trainee,Pranavi Dilip Fatak,2025-26,3.5,Planet Spark,E&TC,Female,Non-IT
3260,E&TC,Female,4436,Non-IT,Business Development Trainee,Sanika Deepak Patil,2025-26,3.5,Planet Spark,E&TC,Female,Non-IT
3261,E&TC,Female,4437,Non-IT,Business Development Trainee,Rujavi Harish Jathar,2025-26,3.5,Planet Spark,E&TC,Female,Non-IT
3262,E&TC,Female,4443,Non-IT,GET,Diksha Vikram Patil,2025-26,4.5,British Petroleum,E&TC,Female,Non-IT
3263,E&TC,Female,4444,Non-IT,GET,Ishita Rangrao Chougale,2025-26,4.5,British Petroleum,E&TC,Female,Non-IT
3264,E&TC,Female,4447,Non-IT,Business Operations Intern,Sanika Deepak Patil,2025-26,3.5,Corizo Edutech,E&TC,Female,Non-IT
3265,E&TC,Female,4448,Non-IT,Business Operations Intern,Rujavi Harish Jathar,2025-26,3.5,Corizo Edutech,E&TC,Female,Non-IT
3266,E&TC,Female,4453,Non-IT,GET,Vaishnavi Ganesh Bad,2025-26,2.5,Hi5Ai,E&TC,Female,Non-IT
3267,E&TC,Female,4456,Non-IT,GET,Rasika Ravindra Nalawade,2025-26,2.5,Hi5Ai,E&TC,Female,Non-IT
3268,E&TC,Female,4463,IT,Software Engineer Trainee,Saba Sahir Shaikh,2025-26,8,TE Connectivity,E&TC,Female,IT
3269,E&TC,Female,4577,Non-IT,GAT,Arundhati Santosh Sathe,2025-26,1.8,"inYantra Techologies Pvt Ltd,Shirval",E&TC,Female,Non-IT
3270,E&TC,Female,4578,Non-IT,GAT,Aakanksha Yogesh Hegade,2025-26,1.8,"inYantra Techologies Pvt Ltd,Shirval",E&TC,Female,Non-IT
3271,E&TC,Female,4579,Non-IT,GAT,Samruddhi Dattatray Patil,2025-26,1.8,"inYantra Techologies Pvt Ltd,Shirval",E&TC,Female,Non-IT
3272,E&TC,Female,4580,Non-IT,GAT,Aditi Abhijit Tawade,2025-26,1.8,"inYantra Techologies Pvt Ltd,Shirval",E&TC,Female,Non-IT
3273,E&TC,Female,4581,Non-IT,GAT,Sanika Rahul Deshpande,2025-26,1.8,"inYantra Techologies Pvt Ltd,Shirval",E&TC,Female,Non-IT
3274,E&TC,Female,4582,Non-IT,GAT,Siddhi Narayan Patil,2025-26,1.8,"inYantra Techologies Pvt Ltd,Shirval",E&TC,Female,Non-IT
3275,E&TC,Female,4583,Non-IT,GAT,Soniya Tanaji Khot,2025-26,1.8,"inYantra Techologies Pvt Ltd,Shirval",E&TC,Female,Non-IT
3276,E&TC,Female,4591,Non-IT,GAT,Pratiksha Yashwant Patil,2025-26,2.5,"inYantra Techologies Pvt Ltd,Shirval",E&TC,Female,Non-IT
3277,E&TC,Female,4599,Non-IT,Inside Sales Executive,Sejal Deepak Kurade,2025-26,14.2,GlowLogics Solutions Pvt Ltd,E&TC,Female,Non-IT
3278,E&TC,Male,1285,IT,Associate Professional,AAKASH RAKESH TRIVEDI,2021-22,4,DXC Technology,E&TC,Male,IT
3279,E&TC,Male,1286,IT,Associate Professional,Abhay Udaykumar Patil,2021-22,4,DXC Technology,E&TC,Male,IT
3280,E&TC,Male,1287,IT,Associate Professional,Firdous Ajazuddin Sayyed,2021-22,4,DXC Technology,E&TC,Male,IT
3281,E&TC,Male,1288,IT,Associate Professional,Jenil pankajkumar Bhoot,2021-22,4,DXC Technology,E&TC,Male,IT
3282,E&TC,Male,1290,IT,Associate Professional,Prathamesh Jayant Joshi,2021-22,4,DXC Technology,E&TC,Male,IT
3283,E&TC,Male,1291,IT,Associate Professional,Rushikesh Annaso Chikode,2021-22,4,DXC Technology,E&TC,Male,IT
3284,E&TC,Male,1294,IT,Associate Professional,Siddhesh Amrut Mali,2021-22,4,DXC Technology,E&TC,Male,IT
3285,E&TC,Male,1312,IT,Software Engineer,Prakalp Magdum,2021-22,3.8,Birlasoft,E&TC,Male,IT
3286,E&TC,Male,1336,Intern,Business Development Trainee,Ritesh Ravasaheb Patil,2021-22,5.5,SKOLER,E&TC,Male,Intern
3287,E&TC,Male,1338,Intern,Business Development Trainee,Prathamesh Jayant Joshi,2021-22,5.5,SKOLER,E&TC,Male,Intern
3288,E&TC,Male,1344,IT,Trainee Engineer,Prathamesh Mohan Ghodake,2021-22,3.1,Atos global,E&TC,Male,IT
3289,E&TC,Male,1346,IT,Trainee Engineer,Adesh Shailesh Newaskar,2021-22,3.1,Atos global,E&TC,Male,IT
3290,E&TC,Male,1370,IT,Assistant System Engineer-Trainee,Adesh Shailesh Newaskar,2021-22,3.36,Tata Consultancy Services,E&TC,Male,IT
3291,E&TC,Male,1371,IT,Assistant System Engineer-Trainee,Asif Nazir Shaikh,2021-22,3.36,Tata Consultancy Services,E&TC,Male,IT
3292,E&TC,Male,1372,IT,Assistant System Engineer-Trainee,Prakalp Shankar Magdum,2021-22,3.36,Tata Consultancy Services,E&TC,Male,IT
3293,E&TC,Male,1439,Non-IT,Community Influncer,Uttkarsha Gangadhar,2021-22,3,MentorBoxx,E&TC,Male,Non-IT
3294,E&TC,Male,1442,Non-IT,Community Influncer,Yash Kansangara,2021-22,3,MentorBoxx,E&TC,Male,Non-IT
3295,E&TC,Male,1443,Non-IT,Community Influncer,Prathamesh Ghodake,2021-22,3,MentorBoxx,E&TC,Male,Non-IT
3296,E&TC,Male,1450,Non-IT,Community Influncer,Prathamesh Joshi,2021-22,3,MentorBoxx,E&TC,Male,Non-IT
3297,E&TC,Male,1452,Non-IT,Community Influncer,Sanket Tarlekar,2021-22,3,MentorBoxx,E&TC,Male,Non-IT
3298,E&TC,Male,1457,Non-IT,Community Influncer,Adesh Kalebere,2021-22,3,MentorBoxx,E&TC,Male,Non-IT
3299,E&TC,Male,1496,IT,Project Engineer,Prathamesh Jayant Joshi,2021-22,3.5,Wipro,E&TC,Male,IT
3300,E&TC,Male,1509,IT,Project Engineer,Rushikesh A. Chikode,2021-22,3.5,Wipro,E&TC,Male,IT
3301,E&TC,Male,1511,IT,Associate Analyst,Prathamesh Jayant Joshi,2021-22,10,Ugam Solutions,E&TC,Male,IT
3302,E&TC,Male,1534,IT,Trainee Engineer,Rishikesh sanjeev jadhav,2021-22,3.8,Qspider,E&TC,Male,IT
3303,E&TC,Male,1551,IT,Software Engineer,Ritesh Patil,2021-22,3,Hidden Brains,E&TC,Male,IT
3304,E&TC,Male,1557,IT,Software Engineer,Chinmay Gawas,2021-22,4.71,Persistent Systems,E&TC,Male,IT
3305,E&TC,Male,1560,IT,Software Engineer,Prathamesh Joshi,2021-22,4.71,Persistent Systems,E&TC,Male,IT
3306,E&TC,Male,1563,IT,Software Engineer,Siddhesh Mali,2021-22,4.71,Persistent Systems,E&TC,Male,IT
3307,E&TC,Male,1572,IT,Software Engineer,Gaurav Manohar Jagtap,2021-22,4.5,Agiliad Technologies Private Ltd.,E&TC,Male,IT
3308,E&TC,Male,1633,IT,GenC - Select,Prathamesh Mohan Ghodake,2021-22,4,Cognizant,E&TC,Male,IT
3309,E&TC,Male,1634,IT,GenC - Select,Mayuresh Uttam Patil,2021-22,4,Cognizant,E&TC,Male,IT
3310,E&TC,Male,1636,IT,GenC - Select,Siddhesh Amrut Mali,2021-22,4,Cognizant,E&TC,Male,IT
3311,E&TC,Male,1639,IT,GenC - Select,Sanket Ajay Tarlekar,2021-22,4,Cognizant,E&TC,Male,IT
3312,E&TC,Male,1640,IT,GenC - Select,Asif Nazir Shaikh,2021-22,4,Cognizant,E&TC,Male,IT
3313,E&TC,Male,1641,IT,GenC Elevate - Select,Hrishikesh Tanaji Amage,2021-22,4.5,Cognizant,E&TC,Male,IT
3314,E&TC,Male,1642,IT,GenC Elevate - Select,Gaurav Manohar Jagtap,2021-22,4.5,Cognizant,E&TC,Male,IT
3315,E&TC,Male,1670,IT,Software Engineer,Gaurav Jagtap,2021-22,4,Mind Tree,E&TC,Male,IT
3316,E&TC,Male,1687,IT,System Analyst,Hrishikesh Tanaji Amage,2021-22,3.8,CAPGEMINI,E&TC,Male,IT
3317,E&TC,Male,1688,IT,System Analyst,Yash Ajitbhai Kansangara,2021-22,3.8,CAPGEMINI,E&TC,Male,IT
3318,E&TC,Male,1755,IT,Trainee Engineer (PPO),Harshada Pratap Patil,2021-22,3,Palle Technology,E&TC,Male,IT
3319,E&TC,Male,1788,IT,System Engineer,Rishikesh Jadhav,2021-22,3.6,Infosys,E&TC,Male,IT
3320,E&TC,Male,1805,Non-IT,GET,Adesh Anil Kalbere,2021-22,2.5,WIPRO PARI,E&TC,Male,Non-IT
3321,E&TC,Male,1911,IT,Associate Professional,AAKASH RAKESH TRIVEDI,2021-22,4,DXC Technology,E&TC,Male,IT
3322,E&TC,Male,1912,IT,Associate Professional,Abhay Udaykumar Patil,2021-22,4,DXC Technology,E&TC,Male,IT
3323,E&TC,Male,1913,IT,Associate Professional,Firdous Ajazuddin Sayyed,2021-22,4,DXC Technology,E&TC,Male,IT
3324,E&TC,Male,1914,IT,Associate Professional,Jenil pankajkumar Bhoot,2021-22,4,DXC Technology,E&TC,Male,IT
3325,E&TC,Male,1916,IT,Associate Professional,Prathamesh Jayant Joshi,2021-22,4,DXC Technology,E&TC,Male,IT
3326,E&TC,Male,1917,IT,Associate Professional,Rushikesh Annaso Chikode,2021-22,4,DXC Technology,E&TC,Male,IT
3327,E&TC,Male,1920,IT,Associate Professional,Siddhesh Amrut Mali,2021-22,4,DXC Technology,E&TC,Male,IT
3328,E&TC,Male,1938,IT,Software Engineer,Prakalp Magdum,2021-22,3.8,Birlasoft,E&TC,Male,IT
3329,E&TC,Male,1962,Intern,Business Development Trainee,Ritesh Ravasaheb Patil,2021-22,5.5,SKOLER,E&TC,Male,Intern
3330,E&TC,Male,1964,Intern,Business Development Trainee,Prathamesh Jayant Joshi,2021-22,5.5,SKOLER,E&TC,Male,Intern
3331,E&TC,Male,1970,IT,Trainee Engineer,Prathamesh Mohan Ghodake,2021-22,3.1,Atos global,E&TC,Male,IT
3332,E&TC,Male,1972,IT,Trainee Engineer,Adesh Shailesh Newaskar,2021-22,3.1,Atos global,E&TC,Male,IT
3333,E&TC,Male,1996,IT,Assistant System Engineer-Trainee,Adesh Shailesh Newaskar,2021-22,3.36,Tata Consultancy Services,E&TC,Male,IT
3334,E&TC,Male,1997,IT,Assistant System Engineer-Trainee,Asif Nazir Shaikh,2021-22,3.36,Tata Consultancy Services,E&TC,Male,IT
3335,E&TC,Male,1998,IT,Assistant System Engineer-Trainee,Prakalp Shankar Magdum,2021-22,3.36,Tata Consultancy Services,E&TC,Male,IT
3336,E&TC,Male,2065,Non-IT,Community Influncer,Uttkarsha Gangadhar,2021-22,3,MentorBoxx,E&TC,Male,Non-IT
3337,E&TC,Male,2068,Non-IT,Community Influncer,Yash Kansangara,2021-22,3,MentorBoxx,E&TC,Male,Non-IT
3338,E&TC,Male,2069,Non-IT,Community Influncer,Prathamesh Ghodake,2021-22,3,MentorBoxx,E&TC,Male,Non-IT
3339,E&TC,Male,2076,Non-IT,Community Influncer,Prathamesh Joshi,2021-22,3,MentorBoxx,E&TC,Male,Non-IT
3340,E&TC,Male,2078,Non-IT,Community Influncer,Sanket Tarlekar,2021-22,3,MentorBoxx,E&TC,Male,Non-IT
3341,E&TC,Male,2083,Non-IT,Community Influncer,Adesh Kalebere,2021-22,3,MentorBoxx,E&TC,Male,Non-IT
3342,E&TC,Male,2122,IT,Project Engineer,Prathamesh Jayant Joshi,2021-22,3.5,Wipro,E&TC,Male,IT
3343,E&TC,Male,2135,IT,Project Engineer,Rushikesh A. Chikode,2021-22,3.5,Wipro,E&TC,Male,IT
3344,E&TC,Male,2137,IT,Associate Analyst,Prathamesh Jayant Joshi,2021-22,10,Ugam Solutions,E&TC,Male,IT
3345,E&TC,Male,2160,IT,Trainee Engineer,Rishikesh sanjeev jadhav,2021-22,3.8,Qspider,E&TC,Male,IT
3346,E&TC,Male,2177,IT,Software Engineer,Ritesh Patil,2021-22,3,Hidden Brains,E&TC,Male,IT
3347,E&TC,Male,2183,IT,Software Engineer,Chinmay Gawas,2021-22,4.71,Persistent Systems,E&TC,Male,IT
3348,E&TC,Male,2186,IT,Software Engineer,Prathamesh Joshi,2021-22,4.71,Persistent Systems,E&TC,Male,IT
3349,E&TC,Male,2189,IT,Software Engineer,Siddhesh Mali,2021-22,4.71,Persistent Systems,E&TC,Male,IT
3350,E&TC,Male,2198,IT,Software Engineer,Gaurav Manohar Jagtap,2021-22,4.5,Agiliad Technologies Private Ltd.,E&TC,Male,IT
3351,E&TC,Male,2259,IT,GenC - Select,Prathamesh Mohan Ghodake,2021-22,4,Cognizant,E&TC,Male,IT
3352,E&TC,Male,2260,IT,GenC - Select,Mayuresh Uttam Patil,2021-22,4,Cognizant,E&TC,Male,IT
3353,E&TC,Male,2262,IT,GenC - Select,Siddhesh Amrut Mali,2021-22,4,Cognizant,E&TC,Male,IT
3354,E&TC,Male,2265,IT,GenC - Select,Sanket Ajay Tarlekar,2021-22,4,Cognizant,E&TC,Male,IT
3355,E&TC,Male,2266,IT,GenC - Select,Asif Nazir Shaikh,2021-22,4,Cognizant,E&TC,Male,IT
3356,E&TC,Male,2267,IT,GenC Elevate - Select,Hrishikesh Tanaji Amage,2021-22,4.5,Cognizant,E&TC,Male,IT
3357,E&TC,Male,2268,IT,GenC Elevate - Select,Gaurav Manohar Jagtap,2021-22,4.5,Cognizant,E&TC,Male,IT
3358,E&TC,Male,2296,IT,Software Engineer,Gaurav Jagtap,2021-22,4,Mind Tree,E&TC,Male,IT
3359,E&TC,Male,2313,IT,System Analyst,Hrishikesh Tanaji Amage,2021-22,3.8,CAPGEMINI,E&TC,Male,IT
3360,E&TC,Male,2314,IT,System Analyst,Yash Ajitbhai Kansangara,2021-22,3.8,CAPGEMINI,E&TC,Male,IT
3361,E&TC,Male,2381,IT,Trainee Engineer (PPO),Harshada Pratap Patil,2021-22,3,Palle Technology,E&TC,Male,IT
3362,E&TC,Male,2414,IT,System Engineer,Rishikesh Jadhav,2021-22,3.6,Infosys,E&TC,Male,IT
3363,E&TC,Male,2431,Non-IT,GET,Adesh Anil Kalbere,2021-22,2.5,WIPRO PARI,E&TC,Male,Non-IT
3364,E&TC,Male,2564,IT,Associate Professional,Amey Anil Khot,2022-23,4.2,DXC Technology,E&TC,Male,IT
3365,E&TC,Male,2565,IT,Associate Professional,Aditya Rajendra Ulegaddi,2022-23,4.2,DXC Technology,E&TC,Male,IT
3366,E&TC,Male,2566,IT,Associate Professional,Siddhesh Mahesh Jagdale,2022-23,4.2,DXC Technology,E&TC,Male,IT
3367,E&TC,Male,2567,IT,Associate Professional,Abhay Ganesh Mudgal,2022-23,4.2,DXC Technology,E&TC,Male,IT
3368,E&TC,Male,2568,IT,Associate Professional,Digvijay Sanjay Pawar,2022-23,4.2,DXC Technology,E&TC,Male,IT
3369,E&TC,Male,2569,IT,Associate Professional,Kailas Ashok Gurav,2022-23,4.2,DXC Technology,E&TC,Male,IT
3370,E&TC,Male,2572,IT,Associate Professional,Yash Atul Jagtap,2022-23,4.2,DXC Technology,E&TC,Male,IT
3371,E&TC,Male,2573,IT,Associate Professional,Parth Pravin Chavan,2022-23,4.2,DXC Technology,E&TC,Male,IT
3372,E&TC,Male,2574,IT,Associate Professional,Dashrath Rajesh Parihar,2022-23,4.2,DXC Technology,E&TC,Male,IT
3373,E&TC,Male,2577,IT,Associate Professional,Nikhil Vijay Gholkar,2022-23,4.2,DXC Technology,E&TC,Male,IT
3374,E&TC,Male,2579,IT,Associate Professional,Omkar Abaji Patil,2022-23,4.2,DXC Technology,E&TC,Male,IT
3375,E&TC,Male,2580,IT,Associate Professional,Vinayak Netaji More,2022-23,4.2,DXC Technology,E&TC,Male,IT
3376,E&TC,Male,2581,IT,Associate Professional,Onkar Narendra Gulavani,2022-23,4.2,DXC Technology,E&TC,Male,IT
3377,E&TC,Male,2583,IT,Associate Professional,Tejas Sanjay Sutar,2022-23,4.2,DXC Technology,E&TC,Male,IT
3378,E&TC,Male,2613,IT,Project Engineer,Aditya Digambar Shinde,2022-23,4,KPIT,E&TC,Male,IT
3379,E&TC,Male,2633,IT,System Engineer,Abhay Ganesh Mudgal,2022-23,3.36,Tata Consultancy Services,E&TC,Male,IT
3380,E&TC,Male,2684,IT,GET,Kartik Sachin Belekar,2022-23,5,VOIS,E&TC,Male,IT
3381,E&TC,Male,2686,IT,GET,Nikhil Vijay Gholkar,2022-23,5,VOIS,E&TC,Male,IT
3382,E&TC,Male,2687,IT,GET,Parth Pravin Chavan,2022-23,5,VOIS,E&TC,Male,IT
3383,E&TC,Male,2719,IT,Software Engineer,Satyajeet Sandip Desai,2022-23,4,Qspider,E&TC,Male,IT
3384,E&TC,Male,2739,IT,GET,Hritesh Kishor Merwade,2022-23,3.5,TATA ELXI,E&TC,Male,IT
3385,E&TC,Male,2740,IT,GET,Samad Sayeedahmed Saraff,2022-23,3.5,TATA ELXI,E&TC,Male,IT
3386,E&TC,Male,2741,IT,GET,Shubham Mahesh Bairagi,2022-23,3.5,TATA ELXI,E&TC,Male,IT
3387,E&TC,Male,2757,Non-IT,Subject Matter Expert,Aditya Rajendra Ulegaddi,2022-23,3,Chegg,E&TC,Male,Non-IT
3388,E&TC,Male,2765,Non-IT,Subject Matter Expert,Tejas Ganpati Harihar,2022-23,3,Chegg,E&TC,Male,Non-IT
3389,E&TC,Male,2766,Non-IT,Subject Matter Expert,Siddhesh Mahesh Jagdale,2022-23,3,Chegg,E&TC,Male,Non-IT
3390,E&TC,Male,2770,Non-IT,Subject Matter Expert,Gaurav Vilas Desai,2022-23,3,Chegg,E&TC,Male,Non-IT
3391,E&TC,Male,2787,Non-IT,Subject Matter Expert,Pratik Pandurang Chougale,2022-23,3,Chegg,E&TC,Male,Non-IT
3392,E&TC,Male,2815,Non-IT,Subject Matter Expert,Yash Sanjay Gaikwad,2022-23,3,Chegg,E&TC,Male,Non-IT
3393,E&TC,Male,2822,Non-IT,Subject Matter Expert,Ganesh Pandurang Dhabale,2022-23,3,Chegg,E&TC,Male,Non-IT
3394,E&TC,Male,2835,Non-IT,Subject Matter Expert,Rupesh Bhairu Kamble,2022-23,3,Chegg,E&TC,Male,Non-IT
3395,E&TC,Male,2928,Non-IT,Subject Matter Expert,Abhay Ganesh Mudgal,2022-23,3,Chegg,E&TC,Male,Non-IT
3396,E&TC,Male,2929,Non-IT,Subject Matter Expert,Mayur Shivaji kaware,2022-23,3,Chegg,E&TC,Male,Non-IT
3397,E&TC,Male,2953,Non-IT,Subject Matter Expert,Abhijeet Amit Mane,2022-23,3,Chegg,E&TC,Male,Non-IT
3398,E&TC,Male,3038,IT,Software Engineer,Yash Sanjay Gaikwad,2022-23,3,ExcelR,E&TC,Male,IT
3399,E&TC,Male,3091,Non-IT,GET,Yash Sanjay Gaikwad,2022-23,4.5,JABIL India,E&TC,Male,Non-IT
3400,E&TC,Male,3122,IT,Trainee Engineer,Pratik Pandurang Chougale,2022-23,3,Skandha Media Services Pvt Ltd,E&TC,Male,IT
3401,E&TC,Male,3123,IT,Trainee Engineer,Saurabh Shyam Sarangale,2022-23,3,Skandha Media Services Pvt Ltd,E&TC,Male,IT
3402,E&TC,Male,3124,IT,Trainee Engineer,Tejas Tanaji Sawant,2022-23,3,Skandha Media Services Pvt Ltd,E&TC,Male,IT
3403,E&TC,Male,3195,Non-IT,Jr. Automation Engineer,Aditya Shinde,2022-23,2.4,ABC Automation,E&TC,Male,Non-IT
3404,E&TC,Male,3250,IT,GET,Pranil Dilip Nigade,2023-24,4,Hexaware,E&TC,Male,IT
3405,E&TC,Male,3261,IT,Software Developer,Sanmesh Sanjay Sawant,2023-24,7.8,Dassault Systems,E&TC,Male,IT
3406,E&TC,Male,3262,IT,Software Developer,Vinayak Kishor Hupare,2023-24,7.8,Dassault Systems,E&TC,Male,IT
3407,E&TC,Male,3355,IT,Subject Matter Expert,Aniket Bhikaji Jadhav,2023-24,3,Chegg India,E&TC,Male,IT
3408,E&TC,Male,3360,IT,Subject Matter Expert,Pranil Dilip Nigade,2023-24,3,Chegg India,E&TC,Male,IT
3409,E&TC,Male,3361,IT,Subject Matter Expert,Rajesh Ramesh Patil,2023-24,3,Chegg India,E&TC,Male,IT
3410,E&TC,Male,3362,IT,Subject Matter Expert,Satyajit Kiran Mane,2023-24,3,Chegg India,E&TC,Male,IT
3411,E&TC,Male,3363,IT,Subject Matter Expert,Shivraj Bajirao Ghorpade,2023-24,3,Chegg India,E&TC,Male,IT
3412,E&TC,Male,3364,IT,Subject Matter Expert,Shreyas Kantilal Thorat,2023-24,3,Chegg India,E&TC,Male,IT
3413,E&TC,Male,3365,IT,Subject Matter Expert,Shubham Anil Shinde,2023-24,3,Chegg India,E&TC,Male,IT
3414,E&TC,Male,3366,IT,Subject Matter Expert,Tejas Dipak Mohite,2023-24,3,Chegg India,E&TC,Male,IT
3415,E&TC,Male,3424,IT,Software Engineer,Tejas Dipak Mohite,2023-24,4,EXCELR Solutions,E&TC,Male,IT
3416,E&TC,Male,3425,IT,Software Engineer,Adarshraj Shivaji Kavale,2023-24,4,EXCELR Solutions,E&TC,Male,IT
3417,E&TC,Male,3426,IT,Software Engineer,Rajesh Ramesh Patil,2023-24,4,EXCELR Solutions,E&TC,Male,IT
3418,E&TC,Male,3434,IT,Trainee Engineer, Adarshraj Shivaji Kavale,2023-24,4,Cyber Success,E&TC,Male,IT
3419,E&TC,Male,3447,Non-IT,GET,Dhiraj Rakesh Sahani,2023-24,4,WIPRO PARI,E&TC,Male,Non-IT
3420,E&TC,Male,3448,Non-IT,GET,Manthan Namdev Yadav,2023-24,4,WIPRO PARI,E&TC,Male,Non-IT
3421,E&TC,Male,3451,Non-IT,GET,Ruturaj Sanjay Shinde,2023-24,4,WIPRO PARI,E&TC,Male,Non-IT
3422,E&TC,Male,3452,Non-IT,GET,Shivraj Bajirao Ghorpade,2023-24,4,WIPRO PARI,E&TC,Male,Non-IT
3423,E&TC,Male,3453,Non-IT,GET,Shubham Anil Shinde,2023-24,4,WIPRO PARI,E&TC,Male,Non-IT
3424,E&TC,Male,3487,IT,Trainee Engineer, Satyajeet Satish Katkar,2023-24,3,Pentagon Space Pvt Ltd,E&TC,Male,IT
3425,E&TC,Male,3496,IT,Trainee Engineer, Sumedh Vitthal Kotekar,2023-24,3,Qspider,E&TC,Male,IT
3426,E&TC,Male,3505,IT,Trainee Engineer,Vishal Chandrakant Koli,2023-24,3,Qspider,E&TC,Male,IT
3427,E&TC,Male,3513,IT,Trainee Engineer, Rutik Balavant Gurav,2023-24,3,Qspider,E&TC,Male,IT
3428,E&TC,Male,3563,Non-IT,Trainee Engineer,Adarshraj Kavale,2023-24,1.8,"East Sun Electronics LLP,Pune",E&TC,Male,Non-IT
3429,E&TC,Male,3564,Non-IT,Trainee Engineer,Prajwal Surushe,2023-24,1.8,"East Sun Electronics LLP,Pune",E&TC,Male,Non-IT
3430,E&TC,Male,3661,Non-IT,Jr. Engineer,Ajinkya Kathar,2023-24,3.2,Vedang Cellular S. Pvt,E&TC,Male,Non-IT
3431,E&TC,Male,3688,Non-IT,BDA,Sumedh Vitthal Kotekar,2023-24,6,Edustation,E&TC,Male,Non-IT
3432,E&TC,Male,3725,IT,Trainee Engineer,Vishwjeet Vijaykumar Patil,2024-25,3.5,Global Quest Technologies,E&TC,Male,IT
3433,E&TC,Male,3735,IT,Trainee Engineer,Tejsinh Jitendrajit Harale Bhosale,2024-25,3.5,Numetry Technologies,E&TC,Male,IT
3434,E&TC,Male,3751,IT,Trainee Engineer,Aryan Sunil Dixit,2024-25,3.5,QSpiders,E&TC,Male,IT
3435,E&TC,Male,3758,IT,Trainee Engineer,Jinen Rahul Kolhapurkar,2024-25,3.5,QSpiders,E&TC,Male,IT
3436,E&TC,Male,3766,IT,Trainee Engineer,Rahul Shravan Kamble,2024-25,3.5,QSpiders,E&TC,Male,IT
3437,E&TC,Male,3771,IT,Trainee Engineer,Rushikesh Sanjay Patil,2024-25,3.5,QSpiders,E&TC,Male,IT
3438,E&TC,Male,3774,IT,Trainee Engineer,Sangharsh Gahininath Idage,2024-25,3.5,QSpiders,E&TC,Male,IT
3439,E&TC,Male,3845,IT,Software Engineer,Tejsinh Jitendrajit Harale Bhosale,2024-25,4,Hexaware Technologies Pvt. Ltd.,E&TC,Male,IT
3440,E&TC,Male,3852,IT,Software Engineer,Vishwjeet Vijaykumar Patil,2024-25,4,Hexaware Technologies Pvt. Ltd.,E&TC,Male,IT
3441,E&TC,Male,3895,Non-IT,GET,Shardul Sandeep Patil,2024-25,3.5,BharatForge,E&TC,Male,Non-IT
3442,E&TC,Male,3903,Non-IT,GET,Shivdatta Maruti Mirajkar,2024-25,5.8,Worley Inc,E&TC,Male,Non-IT
3443,E&TC,Male,3942,IT,Trainee Engineer,Jinen Rahul Kolhapurkar,2024-25,3.6,Sahas Labs,E&TC,Male,IT
3444,E&TC,Male,3980,Non-IT,GET,Prathamesh Vikram Mohite,2024-25,3.3,"Elcome Marine, New mumbai",E&TC,Male,Non-IT
3445,E&TC,Male,3981,Non-IT,GET,Abhishek Uday Chavan,2024-25,3.3,"Elcome Marine, New mumbai",E&TC,Male,Non-IT
3446,E&TC,Male,3982,Non-IT,GET,Swapnil Maruti Patil,2024-25,3.3,"Elcome Marine, New mumbai",E&TC,Male,Non-IT
3447,E&TC,Male,4044,Non-IT,Trainee Engineer,Chirag Ashok Neware,2024-25,2.4,"Sedmac,Pune",E&TC,Male,Non-IT
3448,E&TC,Male,4078,Non-IT,GET,Aliya Arif Bagwan,2024-25,3.5,Suryalogix Pvt Ltd,E&TC,Male,Non-IT
3449,E&TC,Male,4079,Non-IT,GET,Atharv Madan Suryavanshi,2024-25,3.5,Suryalogix Pvt Ltd,E&TC,Male,Non-IT
3450,E&TC,Male,4080,Non-IT,GET,Chirag Ashok Neware,2024-25,3.5,Suryalogix Pvt Ltd,E&TC,Male,Non-IT
3451,E&TC,Male,4081,Non-IT,GET,Prathmesh Vikram Mohite,2024-25,3.5,Suryalogix Pvt Ltd,E&TC,Male,Non-IT
3452,E&TC,Male,4084,Non-IT,GET,Tushar Chandrakant Sawant,2024-25,3.5,Suryalogix Pvt Ltd,E&TC,Male,Non-IT
3453,E&TC,Male,4085,Non-IT,GET,Vishwjeet Vijaykumar Patil,2024-25,3.5,Suryalogix Pvt Ltd,E&TC,Male,Non-IT
3454,E&TC,Male,4106,Non-IT,Software Engineer,Guruprasad Bhosale,2024-25,7.5,VALT Technology,E&TC,Male,Non-IT
3455,E&TC,Male,4170,IT,Programmer Analyst Trainee,Sahil Sanjay Gavase,2024-25,2.5,Cognizant,E&TC,Male,IT
3456,E&TC,Male,4172,IT,GET,Aryan Sunil Dixit,2024-25,3,Burckhardt compression,E&TC,Male,IT
3457,E&TC,Male,4174,IT,Software Engineer,Sandesh Nandavdekar,2024-25,4.5,"Softenger India Pvt. Ltd., Pune",E&TC,Male,IT
3458,E&TC,Male,4237,Non-IT,GET,Akshay Bajrang Talwekar,2025-26,3,Bharat Forge,E&TC,Male,Non-IT
3459,E&TC,Male,4345,Non-IT,Business Development Executive,Ajinkya Ananda Mhangore,2025-26,7,Launched Global ,E&TC,Male,Non-IT
3460,E&TC,Male,4360,Non-IT,Business Development Executive,Padmanish Eknath Patil,2025-26,7,Launched Global ,E&TC,Male,Non-IT
3461,E&TC,Male,4367,Non-IT,Business Development Executive,Saad Ikatiyarahmad Sanadi,2025-26,7,Launched Global ,E&TC,Male,Non-IT
3462,E&TC,Male,4369,Non-IT,Business Development Executive,Vedant Prasad Date,2025-26,7,Launched Global ,E&TC,Male,Non-IT
3463,E&TC,Male,4412,Non-IT,Business Development Associate,Vedant Rajesh Kulkarni,2025-26,6,Unlox Academy,E&TC,Male,Non-IT
3464,E&TC,Male,4450,Non-IT,Business Operations Intern,Vedant Rajesh Kulkarni,2025-26,3.5,Corizo Edutech,E&TC,Male,Non-IT
3465,E&TC,Male,4537,Non-IT,GET,Pranjal Sunil Pohankar,2025-26,3,"Sagar Defence,Pune",E&TC,Male,Non-IT
3466,E&TC,Male,4560,Non-IT,GET,Shailesh Umesh Khot,2025-26,2.5,"Finulent Solutions ,Mumbai",E&TC,Male,Non-IT
3467,E&TC,Male,4584,Non-IT,GAT,Piyush Onkareshwar Kothavale,2025-26,1.8,"inYantra Techologies Pvt Ltd,Shirval",E&TC,Male,Non-IT
3468,E&TC,Male,4585,Non-IT,GAT,Pranil Satish Desai,2025-26,1.8,"inYantra Techologies Pvt Ltd,Shirval",E&TC,Male,Non-IT
3469,E&TC,Male,4586,Non-IT,GAT,Shubham Bhagvan Patil,2025-26,1.8,"inYantra Techologies Pvt Ltd,Shirval",E&TC,Male,Non-IT
3470,E&TC,Male,4587,Non-IT,GAT,Kaustubh Dhiraj Parab,2025-26,1.8,"inYantra Techologies Pvt Ltd,Shirval",E&TC,Male,Non-IT
3471,E&TC,Male,4588,IT,GAT,Avadhut Jitendra Hingmire,2025-26,2.5,"Tata Autocamp System,Pune",E&TC,Male,IT
3472,E&TC,Male,4589,IT,GAT,Shailesh Umesh Khot,2025-26,2.5,"Tata Autocamp System,Pune",E&TC,Male,IT
3473,Electronics,Female,144,Non-IT,Software Engineer,GAYATRI SHIRISH KULKARNI,2017-18,2.5,HEXAWARE TECHNOLOGIES LTD.,Electronics,Female,Non-IT
3474,Electronics,Female,145,Non-IT,Trainee Engineer,PATIL SHIVANI N.,2017-18,1.8,"QSPIDER,PUNE",Electronics,Female,Non-IT
3475,Electronics,Female,146,Non-IT,CUSTOMER SERVICE ASSOCIATE,GAYATRI KULKARNI,2017-18,1.82,Amazon India,Electronics,Female,Non-IT
3476,Electronics,Female,148,Non-IT,EMPLOYEE TRAINEE,AMRUTA A. DESAI,2017-18,1.2,"DHOOT TRANSMISSION,PUNE",Electronics,Female,Non-IT
3477,Electronics,Female,152,Non-IT,EMPLOYEE TRAINEE,DHUMAL SHEETAL M.,2017-18,1.2,"DHOOT TRANSMISSION,PUNE",Electronics,Female,Non-IT
3478,Electronics,Female,153,Non-IT,EMPLOYEE TRAINEE,MRUNAL M PAWAR,2017-18,1.2,"DHOOT TRANSMISSION,PUNE",Electronics,Female,Non-IT
3479,Electronics,Female,154,Non-IT,EMPLOYEE TRAINEE,NAMRATA G PATIL,2017-18,1.2,"DHOOT TRANSMISSION,PUNE",Electronics,Female,Non-IT
3480,Electronics,Female,155,Non-IT,EMPLOYEE TRAINEE,PALLAVI PRAKASH CHAVHAN,2017-18,1.2,"DHOOT TRANSMISSION,PUNE",Electronics,Female,Non-IT
3481,Electronics,Female,157,Non-IT,EMPLOYEE TRAINEE,PATIL SHITAL SATISH,2017-18,1.2,"DHOOT TRANSMISSION,PUNE",Electronics,Female,Non-IT
3482,Electronics,Female,158,Non-IT,EMPLOYEE TRAINEE,POOJA P CHAUTHE,2017-18,1.2,"DHOOT TRANSMISSION,PUNE",Electronics,Female,Non-IT
3483,Electronics,Female,159,Non-IT,EMPLOYEE TRAINEE,PRAGATI VILAS PATIL,2017-18,1.2,"DHOOT TRANSMISSION,PUNE",Electronics,Female,Non-IT
3484,Electronics,Female,160,Non-IT,EMPLOYEE TRAINEE,PRAJAKTA R. KANGUDE,2017-18,1.2,"DHOOT TRANSMISSION,PUNE",Electronics,Female,Non-IT
3485,Electronics,Female,162,Non-IT,EMPLOYEE TRAINEE,RAJANIGANDHA BABAN PATIL,2017-18,1.2,"DHOOT TRANSMISSION,PUNE",Electronics,Female,Non-IT
3486,Electronics,Female,166,Non-IT,EMPLOYEE TRAINEE,SALONI RAIKAR A,2017-18,1.2,"DHOOT TRANSMISSION,PUNE",Electronics,Female,Non-IT
3487,Electronics,Female,167,Non-IT,EMPLOYEE TRAINEE,SANJAVEENI D. GHODKE,2017-18,1.2,"DHOOT TRANSMISSION,PUNE",Electronics,Female,Non-IT
3488,Electronics,Female,169,Non-IT,EMPLOYEE TRAINEE,SHIVANI N. PATIL,2017-18,1.2,"DHOOT TRANSMISSION,PUNE",Electronics,Female,Non-IT
3489,Electronics,Female,170,Non-IT,EMPLOYEE TRAINEE,SHRADDHA D PATIL,2017-18,1.2,"DHOOT TRANSMISSION,PUNE",Electronics,Female,Non-IT
3490,Electronics,Female,173,Non-IT,EMPLOYEE TRAINEE,SUPRIYA SANTOSH TODKAR,2017-18,1.2,"DHOOT TRANSMISSION,PUNE",Electronics,Female,Non-IT
3491,Electronics,Female,175,Non-IT,EMPLOYEE TRAINEE,VIDYA MAHADEO JADHAV,2017-18,1.2,"DHOOT TRANSMISSION,PUNE",Electronics,Female,Non-IT
3492,Electronics,Female,179,Non-IT,GET,NEELAM KAMBALE,2017-18,2.5,"VAIHBAV TECH SOLUTION,PUNE",Electronics,Female,Non-IT
3493,Electronics,Female,450,Non-IT,EMPLOYEE TRAINEE,Rajni Namdev Belekar,2018-19,1.8,"Dhoot Transmission,",Electronics,Female,Non-IT
3494,Electronics,Female,451,Non-IT,EMPLOYEE TRAINEE,Payal Mahadev Bendake,2018-19,1.8,"Dhoot Transmission,",Electronics,Female,Non-IT
3495,Electronics,Female,453,Non-IT,EMPLOYEE TRAINEE,Aarati Ramesh Bhopale,2018-19,1.8,"Dhoot Transmission,",Electronics,Female,Non-IT
3496,Electronics,Female,454,Non-IT,internship trainee,Sushmita Shrikant Bore,2018-19,0,IRTI (internship),Electronics,Female,Non-IT
3497,Electronics,Female,456,Non-IT,EMPLOYEE TRAINEE,Priyanka Anil. Chavan,2018-19,1.8,"Dhoot Transmission,",Electronics,Female,Non-IT
3498,Electronics,Female,457,Non-IT,EMPLOYEE TRAINEE,Reshma Shivaji Desai,2018-19,1.8,"Dhoot Transmission,",Electronics,Female,Non-IT
3499,Electronics,Female,459,Non-IT,EMPLOYEE TRAINEE,Vrushali Vasant Diwase,2018-19,1.8,"Dhoot Transmission,",Electronics,Female,Non-IT
3500,Electronics,Female,462,Non-IT,EMPLOYEE TRAINEE,Priyanka Suresh Kumbhar,2018-19,2.4," Qspider,",Electronics,Female,Non-IT
3501,Electronics,Female,463,Non-IT,EMPLOYEE TRAINEE,Priyanka Suresh Kumbhar,2018-19,1.8, Dhoot Transmission,Electronics,Female,Non-IT
3502,Electronics,Female,464,Non-IT,EMPLOYEE TRAINEE,Rohini Vilas Mohite,2018-19,1.8,"Dhoot Transmission,",Electronics,Female,Non-IT
3503,Electronics,Female,469,Non-IT,EMPLOYEE TRAINEE,Ravina Sadashiv Patil,2018-19,1.8,"Dhoot Transmission,",Electronics,Female,Non-IT
3504,Electronics,Female,471,Non-IT,EMPLOYEE TRAINEE,Shweta Arun Pisal,2018-19,1.8,"Dhoot Transmission,",Electronics,Female,Non-IT
3505,Electronics,Female,472,Non-IT,EMPLOYEE TRAINEE,Amruta Madhukar Rajmane,2018-19,1.8,"Dhoot Transmission,",Electronics,Female,Non-IT
3506,Electronics,Female,473,Non-IT,EMPLOYEE TRAINEE,Priyanka Vijaykumar Sawant,2018-19,1.8,Dhoot Transmission,Electronics,Female,Non-IT
3507,Electronics,Female,474,Non-IT,Trainee Engineer,Priyanka Vijaykumar Sawant,2018-19,2.4,Qspider,Electronics,Female,Non-IT
3508,Electronics,Female,478,Non-IT,EMPLOYEE TRAINEE,Mrunalini Ajit Shinde,2018-19,1.8,Dhoot Transmission,Electronics,Female,Non-IT
3509,Electronics,Female,479,Non-IT,Trainee Engineer,Mrunalini Ajit Shinde,2018-19,1.8,Qspider,Electronics,Female,Non-IT
3510,Electronics,Female,480,Non-IT,Trainee Engineer,Mrunalini Ajit Shinde,2018-19,1.8,Anexpertise,Electronics,Female,Non-IT
3511,Electronics,Female,481,Non-IT,Trainee Engineer,Shweta Rajendra Sutar,2018-19,1.8,Qspider,Electronics,Female,Non-IT
3512,Electronics,Female,482,Non-IT,EMPLOYEE TRAINEE,Shweta Rajendra Sutar,2018-19,1.8,Dhoot Transmission,Electronics,Female,Non-IT
3513,Electronics,Female,483,Non-IT,EMPLOYEE TRAINEE,Ashwini Kiran Tadwale,2018-19,1.8,"Dhoot Transmission,",Electronics,Female,Non-IT
3514,Electronics,Female,484,Non-IT,EMPLOYEE TRAINEE,Nilam Sarjerao Turuke,2018-19,1.8,"Dhoot Transmission,",Electronics,Female,Non-IT
3515,Electronics,Female,485,Non-IT,Trainee Engineer,Vaishnavi Babaso Ulape,2018-19,1.8,Anexperties,Electronics,Female,Non-IT
3516,Electronics,Female,486,Non-IT,EMPLOYEE TRAINEE,Vaishnavi Babaso Ulape,2018-19,1.8,"Dhoot Transmission,  Anexperties",Electronics,Female,Non-IT
3517,Electronics,Female,487,Non-IT,Trainee Engineer,Vaishnavi Babaso Ulape,2018-19,1.8,Anexperties,Electronics,Female,Non-IT
3518,Electronics,Female,493,Non-IT,EMPLOYEE TRAINEE,Shreya Sudhir Bhosale,2018-19,1.8,Dhoot Transmission,Electronics,Female,Non-IT
3519,Electronics,Female,494,Non-IT,Trainee Engineer,Shweta Rajendra Sutar,2018-19,1.8,Qspider,Electronics,Female,Non-IT
3520,Electronics,Male,147,Non-IT,EMPLOYEE TRAINEE,AMOL A PATIL,2017-18,1.2,"DHOOT TRANSMISSION,PUNE",Electronics,Male,Non-IT
3521,Electronics,Male,149,Non-IT,EMPLOYEE TRAINEE,AVDHOOT P. DARBHE,2017-18,1.2,"DHOOT TRANSMISSION,PUNE",Electronics,Male,Non-IT
3522,Electronics,Male,150,Non-IT,EMPLOYEE TRAINEE,BHOSALE RAHUL N,2017-18,1.2,"DHOOT TRANSMISSION,PUNE",Electronics,Male,Non-IT
3523,Electronics,Male,151,Non-IT,EMPLOYEE TRAINEE,DARSHANA SARDAR PATIL,2017-18,1.2,"DHOOT TRANSMISSION,PUNE",Electronics,Male,Non-IT
3524,Electronics,Male,156,Non-IT,EMPLOYEE TRAINEE,PANDURANG R. GHUTUKADE,2017-18,1.2,"DHOOT TRANSMISSION,PUNE",Electronics,Male,Non-IT
3525,Electronics,Male,161,Non-IT,EMPLOYEE TRAINEE,RAHUL M. ANVEKAR,2017-18,1.2,"DHOOT TRANSMISSION,PUNE",Electronics,Male,Non-IT
3526,Electronics,Male,163,Non-IT,EMPLOYEE TRAINEE,RAJVARDHAN S PATIL,2017-18,1.2,"DHOOT TRANSMISSION,PUNE",Electronics,Male,Non-IT
3527,Electronics,Male,164,Non-IT,EMPLOYEE TRAINEE,RAMESHWAR B. CHIKNE,2017-18,1.2,"DHOOT TRANSMISSION,PUNE",Electronics,Male,Non-IT
3528,Electronics,Male,165,Non-IT,EMPLOYEE TRAINEE,RANJEET D. TELI,2017-18,1.2,"DHOOT TRANSMISSION,PUNE",Electronics,Male,Non-IT
3529,Electronics,Male,168,Non-IT,EMPLOYEE TRAINEE,SHASHANK S. PAGDHARE,2017-18,1.2,"DHOOT TRANSMISSION,PUNE",Electronics,Male,Non-IT
3530,Electronics,Male,171,Non-IT,EMPLOYEE TRAINEE,SHUBHAM P. PATIL,2017-18,1.2,"DHOOT TRANSMISSION,PUNE",Electronics,Male,Non-IT
3531,Electronics,Male,172,Non-IT,EMPLOYEE TRAINEE,SOMANTHA S. GARE,2017-18,1.2,"DHOOT TRANSMISSION,PUNE",Electronics,Male,Non-IT
3532,Electronics,Male,174,Non-IT,EMPLOYEE TRAINEE,SWAPNALI BABASO PATIL,2017-18,1.2,"DHOOT TRANSMISSION,PUNE",Electronics,Male,Non-IT
3533,Electronics,Male,176,Non-IT,EMPLOYEE TRAINEE,YOGITA SOPAN PADEKAR,2017-18,1.2,"DHOOT TRANSMISSION,PUNE",Electronics,Male,Non-IT
3534,Electronics,Male,177,Non-IT,OPERATION ASSOCIATE,MANGESH PATIL,2017-18,1.82,RIVIGO INDIA,Electronics,Male,Non-IT
3535,Electronics,Male,178,Non-IT,OPERATION ASSOCIATE,AMOL SHINDE,2017-18,1.82,RIVIGO INDIA,Electronics,Male,Non-IT
3536,Electronics,Male,180,Non-IT,Project Engineer,SHUBHAM P. PATIL,2017-18,1.2,"Shree Samarth Automation, Kolhapur",Electronics,Male,Non-IT
3537,Electronics,Male,181,Non-IT, business development executive ,NAZIM MANER,2017-18,1.44,Opulet Infotech. Private Limited,Electronics,Male,Non-IT
3538,Electronics,Male,449,Non-IT,EMPLOYEE TRAINEE,Mandar Maruti Ambuskar,2018-19,1.8,"IRTI,Qspider,Dhoot Transmission",Electronics,Male,Non-IT
3539,Electronics,Male,452,Non-IT,EMPLOYEE TRAINEE,Jivak Sunil Bhise,2018-19,1.8,"Dhoot Transmission,",Electronics,Male,Non-IT
3540,Electronics,Male,455,Non-IT,EMPLOYEE TRAINEE,Amarsinh Krishnat Chavan,2018-19,1.8,"Dhoot Transmission,",Electronics,Male,Non-IT
3541,Electronics,Male,458,Non-IT,EMPLOYEE TRAINEE,Virendra Rajeev Dev,2018-19,1.8,"Dhoot Transmission,",Electronics,Male,Non-IT
3542,Electronics,Male,460,Non-IT,EMPLOYEE TRAINEE,Shubhangi Suresh. Gudalkar,2018-19,1.8,"Dhoot Transmission,",Electronics,Male,Non-IT
3543,Electronics,Male,461,Non-IT,EMPLOYEE TRAINEE,Mahesh Vishnu. Jadhav,2018-19,1.8,"Dhoot Transmission,",Electronics,Male,Non-IT
3544,Electronics,Male,465,Non-IT,EMPLOYEE TRAINEE,Irfan Faruk Mulla,2018-19,1.8,"Dhoot Transmission,",Electronics,Male,Non-IT
3545,Electronics,Male,466,Non-IT,Sales Executive,Swapnil Sanjay Nawale,2018-19,1.4,Asian Paints,Electronics,Male,Non-IT
3546,Electronics,Male,467,Non-IT,CUSTOMER SERVICE ASSOCIATE,Hrishikesh Eknath Patil,2018-19,2.3,"Amazon India,     IRTI",Electronics,Male,Non-IT
3547,Electronics,Male,468,Non-IT,EMPLOYEE TRAINEE,Hrishikesh Eknath Patil,2018-19,1.8," Dhoot Transmission,",Electronics,Male,Non-IT
3548,Electronics,Male,470,Non-IT,EMPLOYEE TRAINEE,Suraj Sanjay Patil,2018-19,1.8,"Dhoot Transmission,",Electronics,Male,Non-IT
3549,Electronics,Male,475,Non-IT,Software Trainee,Mehveen Yamir Shaikh,2018-19,2.825,SLK Softwares,Electronics,Male,Non-IT
3550,Electronics,Male,476,Non-IT,EMPLOYEE TRAINEE,Akash Vishnu Shelke,2018-19,1.8,"Dhoot Transmission,",Electronics,Male,Non-IT
3551,Electronics,Male,477,Non-IT,Junior Engineer,Vinayak Venkatesh Shenoy,2018-19,3,Hengtong,Electronics,Male,Non-IT
3552,Electronics,Male,488,Non-IT,EMPLOYEE TRAINEE,Utreshwar Yadav Walje,2018-19,1.8,"Dhoot Transmission,",Electronics,Male,Non-IT
3553,Electronics,Male,489,Non-IT,EMPLOYEE TRAINEE,Swapnil Tanaji Mane,2018-19,1.8,"Dhoot Transmission,",Electronics,Male,Non-IT
3554,Electronics,Male,490,Non-IT,EMPLOYEE TRAINEE,Rohan Rajendra Suryawanshi,2018-19,1.8,Dhoot Transmission,Electronics,Male,Non-IT
3555,Electronics,Male,491,Non-IT,Trainee Engineer,Rohan Rajendra Suryawanshi,2018-19,2.4,Qspider,Electronics,Male,Non-IT
3556,Electronics,Male,492,Non-IT,Software Engineer,Rohan Rajendra Suryawanshi,2018-19,1.8,Mouritech,Electronics,Male,Non-IT
3557,ETC,Female,690,Non-IT,System Engineer,Gayatri Hiremath,2019-20,3.6,Infosys,ETC,Female,Non-IT
3558,ETC,Female,691,Non-IT,Associate Engineer,Mayuri Adnaik,2019-20,1.8,Dexterity Anasatte Management Solutions Pvt. Ltd,ETC,Female,Non-IT
3559,ETC,Female,692,Non-IT,Associate Engineer,Aishwarya  Patil,2019-20,1.8,Dexterity Anasatte Management Solutions Pvt. Ltd,ETC,Female,Non-IT
3560,ETC,Female,693,Non-IT,Associate Engineer,Apurva Shinde,2019-20,1.8,Dexterity Anasatte Management Solutions Pvt. Ltd,ETC,Female,Non-IT
3561,ETC,Female,695,Non-IT,Associate Engineer,Pooja Shinde,2019-20,1.8,Dexterity Anasatte Management Solutions Pvt. Ltd,ETC,Female,Non-IT
3562,ETC,Female,699,Non-IT,Associate Engineer,Tejashri  Thorwat,2019-20,1.8,Dexterity Anasatte Management Solutions Pvt. Ltd,ETC,Female,Non-IT
3563,ETC,Female,700,Non-IT,Associate Engineer,Nilam Patil,2019-20,1.8,Dexterity Anasatte Management Solutions Pvt. Ltd,ETC,Female,Non-IT
3564,ETC,Female,703,Non-IT,Associate Engineer,Palkeet Singh,2019-20,1.8,Dexterity Anasatte Management Solutions Pvt. Ltd,ETC,Female,Non-IT
3565,ETC,Female,704,Non-IT,Associate Engineer,Pooja Shinde,2019-20,1.8,Dexterity Anasatte Management Solutions Pvt. Ltd,ETC,Female,Non-IT
3566,ETC,Female,705,Non-IT,Associate Engineer,Pranita Mode,2019-20,1.8,Dexterity Anasatte Management Solutions Pvt. Ltd,ETC,Female,Non-IT
3567,ETC,Female,706,Non-IT,Associate Engineer,Rachana Kalake,2019-20,1.8,Dexterity Anasatte Management Solutions Pvt. Ltd,ETC,Female,Non-IT
3568,ETC,Female,707,Non-IT,Associate Engineer,Rasika Ayarekar,2019-20,1.8,Dexterity Anasatte Management Solutions Pvt. Ltd,ETC,Female,Non-IT
3569,ETC,Female,708,Non-IT,Associate Engineer,Rutuja Rajopadhye,2019-20,1.8,Dexterity Anasatte Management Solutions Pvt. Ltd,ETC,Female,Non-IT
3570,ETC,Female,710,Non-IT,Associate Engineer,Samruddhi Kulkarni,2019-20,1.8,Dexterity Anasatte Management Solutions Pvt. Ltd,ETC,Female,Non-IT
3571,ETC,Female,712,Non-IT,Associate Engineer,Shruti Wangale,2019-20,1.8,Dexterity Anasatte Management Solutions Pvt. Ltd,ETC,Female,Non-IT
3572,ETC,Female,714,Non-IT,Associate Engineer,Sneha Powar,2019-20,1.8,Dexterity Anasatte Management Solutions Pvt. Ltd,ETC,Female,Non-IT
3573,ETC,Female,715,Non-IT,Associate Engineer,Swapnali Patil,2019-20,1.8,Dexterity Anasatte Management Solutions Pvt. Ltd,ETC,Female,Non-IT
3574,ETC,Female,717,Non-IT,Associate Engineer,priyanka giri,2019-20,1.8,Dexterity Anasatte Management Solutions Pvt. Ltd,ETC,Female,Non-IT
3575,ETC,Female,719,Non-IT,Associate Engineer,Mayuri Kasture,2019-20,1.8,Dexterity Anasatte Management Solutions Pvt. Ltd,ETC,Female,Non-IT
3576,ETC,Female,720,Non-IT,Associate Engineer,Nilam Patil,2019-20,1.8,Dexterity Anasatte Management Solutions Pvt. Ltd,ETC,Female,Non-IT
3577,ETC,Female,721,Non-IT,Associate Engineer,Komal  Burungale,2019-20,1.8,Dexterity Anasatte Management Solutions Pvt. Ltd,ETC,Female,Non-IT
3578,ETC,Female,722,Non-IT,Associate Engineer,Sneha Bavdekar,2019-20,1.8,Dexterity Anasatte Management Solutions Pvt. Ltd,ETC,Female,Non-IT
3579,ETC,Female,723,Non-IT,Associate Engineer,Gayatri Hiremath,2019-20,1.8,Dexterity Anasatte Management Solutions Pvt. Ltd,ETC,Female,Non-IT
3580,ETC,Female,724,Non-IT,Software Developer,Gayatri Hiremath,2019-20,4,L&T,ETC,Female,Non-IT
3581,ETC,Female,1173,Non-IT,CONTENT DEVELOPER,Monika Bangar,2020-21,3.5,Doubtnut,ETC,Female,Non-IT
3582,ETC,Female,1174,IT,Trainee (IT Infrastructure),Komal Warke,2020-21,3.1,Atos global,ETC,Female,IT
3583,ETC,Female,1176,IT,Game Tester,Neha Prakash Jadhav,2020-21,2.62,Ubisoft India,ETC,Female,IT
3584,ETC,Female,1177,Non-IT,Intern,Sakshi Ghatge,2020-21,1.2,BLUeSINGA,ETC,Female,Non-IT
3585,ETC,Female,1179,IT,Software Developer,Sakshi Ghatge,2020-21,3.2,SLK,ETC,Female,IT
3586,ETC,Female,1183,IT,Software Engineer,Sakshi Ghatge,2020-21,3.5,Wipro,ETC,Female,IT
3587,ETC,Female,1184,IT,Trainee Engineer,Komal Warke,2020-21,3.5,Qspider,ETC,Female,IT
3588,ETC,Female,1185,IT,Trainee Engineer,Monika Ananta Bangar,2020-21,3.5,Qspider,ETC,Female,IT
3589,ETC,Female,1188,IT,GenC-Developer,Komal Warke,2020-21,4.5,Cognizant,ETC,Female,IT
3590,ETC,Female,1216,IT,System Analyst,Snehal Vharambale,2020-21,3.8,CAPGEMINI,ETC,Female,IT
3591,ETC,Female,1245,Non-IT,GET,Neha Jadhav,2020-21,3.5,LTI,ETC,Female,Non-IT
3592,ETC,Female,1246,Non-IT,GET,Gayatri Hiremath,2020-21,3.5,LTI,ETC,Female,Non-IT
3593,ETC,Female,1865,Non-IT,GET,Pradnya Londhepatil,2021-22,4.25,Johnson Controls India,ETC,Female,Non-IT
3594,ETC,Female,2491,Non-IT,GET,Pradnya Londhepatil,2021-22,4.25,Johnson Controls India,ETC,Female,Non-IT
3595,ETC,Male,689,Non-IT,System Analyst,Prashant Kumar,2019-20,3.8,CAPGEMINI,ETC,Male,Non-IT
3596,ETC,Male,694,Non-IT,Associate Engineer,Dhanraj Dhandge,2019-20,1.8,Dexterity Anasatte Management Solutions Pvt. Ltd,ETC,Male,Non-IT
3597,ETC,Male,696,Non-IT,Associate Engineer,Gourav Patil,2019-20,1.8,Dexterity Anasatte Management Solutions Pvt. Ltd,ETC,Male,Non-IT
3598,ETC,Male,697,Non-IT,Associate Engineer,Karan Parit,2019-20,1.8,Dexterity Anasatte Management Solutions Pvt. Ltd,ETC,Male,Non-IT
3599,ETC,Male,698,Non-IT,Associate Engineer,Avinash Kurupkhele,2019-20,1.8,Dexterity Anasatte Management Solutions Pvt. Ltd,ETC,Male,Non-IT
3600,ETC,Male,701,Non-IT,Associate Engineer,Onkar Waichal,2019-20,1.8,Dexterity Anasatte Management Solutions Pvt. Ltd,ETC,Male,Non-IT
3601,ETC,Male,702,Non-IT,Associate Engineer,Onkar Mane,2019-20,1.8,Dexterity Anasatte Management Solutions Pvt. Ltd,ETC,Male,Non-IT
3602,ETC,Male,709,Non-IT,Associate Engineer,Rushikesh Jadhav,2019-20,1.8,Dexterity Anasatte Management Solutions Pvt. Ltd,ETC,Male,Non-IT
3603,ETC,Male,711,Non-IT,Associate Engineer,SANTOSH POWAR,2019-20,1.8,Dexterity Anasatte Management Solutions Pvt. Ltd,ETC,Male,Non-IT
3604,ETC,Male,713,Non-IT,Associate Engineer,Shubham Jagtap,2019-20,1.8,Dexterity Anasatte Management Solutions Pvt. Ltd,ETC,Male,Non-IT
3605,ETC,Male,716,Non-IT,Associate Engineer,Vishal Kogekar,2019-20,1.8,Dexterity Anasatte Management Solutions Pvt. Ltd,ETC,Male,Non-IT
3606,ETC,Male,718,Non-IT,Associate Engineer,Akshay Shewale,2019-20,1.8,Dexterity Anasatte Management Solutions Pvt. Ltd,ETC,Male,Non-IT
3607,ETC,Male,1172,Non-IT,CONTENT DEVELOPER,Suraj Landage,2020-21,3.5,Doubtnut,ETC,Male,Non-IT
3608,ETC,Male,1175,IT,System Analyst,Atul Ternikar,2020-21,3.8,CAPGEMINI,ETC,Male,IT
3609,ETC,Male,1178,Non-IT,Subject Matter Expert,Yash Kavathekar,2020-21,3,Chegg India,ETC,Male,Non-IT
3610,ETC,Male,1180,IT,Software Engineer,Yash Kavathekar,2020-21,2.4,Mouritech,ETC,Male,IT
3611,ETC,Male,1181,Non-IT,Subject Matter Expert,Suraj Landage,2020-21,3,Chegg India,ETC,Male,Non-IT
3612,ETC,Male,1182,IT,Trainee Engineer,Aboli Shiralkar,2020-21,3.5,Qspider,ETC,Male,IT
3613,ETC,Male,1186,IT,Trainee Engineer,Suraj Anandrao Landage,2020-21,3.5,Qspider,ETC,Male,IT
3614,ETC,Male,1187,IT,System Analyst,Sakshi Ghatge,2020-21,3.8,CAPGEMINI,ETC,Male,IT
3615,ETC,Male,1217,IT,Gen C Developer,Rutuja Patil,2020-21,4,Cognizant,ETC,Male,IT
3616,ETC,Male,1225,IT,Trainee Engineer,Nishikant Bilaskar,2020-21,1.8,"Pragati Enterprizes, Pune",ETC,Male,IT
3617,ETC,Male,1226,IT,Trainee Engineer,Omkar Bagade,2020-21,2.8,IndiaMart,ETC,Male,IT
3618,ETC,Male,1227,IT,Associate Consultant (Analyst i),Suraj Landage,2020-21,4.62,Huron,ETC,Male,IT
3619,ETC,Male,1248,IT,Associate System Engineer,Aboli Shiralkar,2020-21,3.36,Tata Consultancy Services - Ninja,ETC,Male,IT
3620,Mech,Female,2798,Non-IT,Subject Matter Expert,Siddhu Babu Khondal,2022-23,3,Chegg,Mech,Female,Non-IT
3621,Mech,Female,2919,Non-IT,Subject Matter Expert,Madhumati Arvind Desai,2022-23,3,Chegg,Mech,Female,Non-IT
3622,Mech,Female,2937,Non-IT,Subject Matter Expert,Shweta Sanjay Jadhav,2022-23,3,Chegg,Mech,Female,Non-IT
3623,Mech,Female,3057,Non-IT,Business Consultant,Mrunmayee Ghorpade,2022-23,6,Apollo Tyres,Mech,Female,Non-IT
3624,Mech,Female,3103,Non-IT,GET,Madhumati Arvind Desai,2022-23,3.5,RLE International,Mech,Female,Non-IT
3625,Mech,Female,3113,Non-IT,GET,Samruddhi Shrikant Mule,2022-23,3.84,WIPRO PARI,Mech,Female,Non-IT
3626,Mech,Female,3115,Non-IT,GET,YASHSHRI SUNIL JADHAV,2022-23,3.5,Praj Industry,Mech,Female,Non-IT
3627,Mech,Female,3158,Non-IT,Design Engineer,Dipika Rashiwade,2022-23,2.4,Exenity Sysem Pvt Ltd Pune,Mech,Female,Non-IT
3628,Mech,Female,3264,Non-IT,GET,Maithili Rangrao Patil,2023-24,5.15,Worley,Mech,Female,Non-IT
3629,Mech,Female,3265,Non-IT,GET,Rutuja Prakash Wakarekar,2023-24,5.15,Worley,Mech,Female,Non-IT
3630,Mech,Female,3266,Non-IT,GET,Sanika Prabhakar Gondhali,2023-24,5.15,Worley,Mech,Female,Non-IT
3631,Mech,Female,3267,Non-IT,GET,Vincia Wilson Almeida,2023-24,5.15,Worley,Mech,Female,Non-IT
3632,Mech,Female,3367,IT,Subject Matter Expert,Aditi Prakash Ghunake,2023-24,3,Chegg India,Mech,Female,IT
3633,Mech,Female,3381,IT,Subject Matter Expert,Vincia Wilson Almeida,2023-24,3,Chegg India,Mech,Female,IT
3634,Mech,Female,3382,IT,Subject Matter Expert,Yogeshwari Sarjerao Shirgave,2023-24,3,Chegg India,Mech,Female,IT
3635,Mech,Female,3390,Non-IT,Relationship Manager, Prutha Vinod Karekar,2023-24,3,Magic Stone Prop Consultants LLP,Mech,Female,Non-IT
3636,Mech,Female,3393,Non-IT,Relationship Manager, Nikita Sanjay Koigade,2023-24,3,Magic Stone Prop Consultants LLP,Mech,Female,Non-IT
3637,Mech,Female,3394,Non-IT,Relationship Manager,Aditi Prakash Ghunake,2023-24,3,Magic Stone Prop Consultants LLP,Mech,Female,Non-IT
3638,Mech,Female,3398,Non-IT,Relationship Manager,Chinmayee Mahesh Kulkarni,2023-24,3,Magic Stone Prop Consultants LLP,Mech,Female,Non-IT
3639,Mech,Female,3401,Non-IT,Relationship Manager,Charul Deepak Naik,2023-24,3,Magic Stone Prop Consultants LLP,Mech,Female,Non-IT
3640,Mech,Female,3428,IT,Software Engineer,Lisha Suresh Parmani,2023-24,4,EXCELR Solutions,Mech,Female,IT
3641,Mech,Female,3457,Non-IT,GET,Nikita Deelip Kharat,2023-24,4,WIPRO PARI,Mech,Female,Non-IT
3642,Mech,Female,3481,Non-IT,GET,Lisha Suresh Parmani,2023-24,6.5,Technimont,Mech,Female,Non-IT
3643,Mech,Female,3526,Non-IT,GET, Prutha Vinod Karekar,2023-24,3,Ghatge Patil Industries,Mech,Female,Non-IT
3644,Mech,Female,3610,Non-IT,GET,Rutuja Sopan Patil,2023-24,3,Ghatge Patil Industries,Mech,Female,Non-IT
3645,Mech,Female,3611,Non-IT,GET,Chinmayee Mahesh Kulkarni,2023-24,5,Linde,Mech,Female,Non-IT
3646,Mech,Female,3658,Non-IT,GAT,Pranali Kamble,2023-24,2.4,Zanwar Group,Mech,Female,Non-IT
3647,Mech,Female,3947,Non-IT,Trainee Engineer,Veena Subhashchandra Patole,2024-25,5.5,Kinlong,Mech,Female,Non-IT
3648,Mech,Female,3956,IT,Media Sales,Komal Suresh Chavan,2024-25,3.5,Dialogues Media,Mech,Female,IT
3649,Mech,Female,3986,Non-IT,Apprentice Engineer,Bhagyashri Bharat Patil,2024-25,3,Diageo India,Mech,Female,Non-IT
3650,Mech,Female,3987,Non-IT,Apprentice Engineer,Ragini Manesh Jagtap,2024-25,3,Diageo India,Mech,Female,Non-IT
3651,Mech,Female,4190,Non-IT,Trainee Engineer,Ayesha Bagwan,2025-26,3,K12 Techni Services,Mech,Female,Non-IT
3652,Mech,Female,4191,Non-IT,Trainee Engineer,Samruddhi Vinod Pawar,2025-26,6,K12 Techni Services,Mech,Female,Non-IT
3653,Mech,Female,4236,Non-IT,GET,Samruddhi Vinod Pawar,2025-26,3,Bharat Forge,Mech,Female,Non-IT
3654,Mech,Female,4349,Non-IT,Business Development Executive,Ayesha Bagwan,2025-26,7,Launched Global ,Mech,Female,Non-IT
3655,Mech,Female,4350,Non-IT,Business Development Executive,Muskan Bashir Inamdar,2025-26,7,Launched Global ,Mech,Female,Non-IT
3656,Mech,Female,4353,Non-IT,Business Development Executive,Samruddhi Vinod Pawar,2025-26,7,Launched Global ,Mech,Female,Non-IT
3657,Mech,Female,4354,Non-IT,Business Development Executive,Tanuja Dattatray Gaikwad,2025-26,7,Launched Global ,Mech,Female,Non-IT
3658,Mech,Female,4413,Non-IT,Business Development Associate,Chinmayee Chandrakant Sinkar,2025-26,6,Unlox Academy,Mech,Female,Non-IT
3659,Mech,Female,4415,Non-IT,Business Development Associate,Samruddhi Vinod Pawar,2025-26,6,Unlox Academy,Mech,Female,Non-IT
3660,Mech,Female,4421,Non-IT,GET,Tanuja Dattatrary Gaikwad,2025-26,3,KEOLIS,Mech,Female,Non-IT
3661,Mech,Female,4431,Non-IT,GET,Muskan Bashir Inamdar,2025-26,5.46,Tecnimont,Mech,Female,Non-IT
3662,Mech,Female,4441,Non-IT,GET,Rajlaxmi Atul Bhalavane,2025-26,5.5,Forvia,Mech,Female,Non-IT
3663,Mech,Female,4442,Non-IT,GET,Chinmayee Chandrakant Sinkar,2025-26,5.5,Forvia,Mech,Female,Non-IT
3664,Mech,Female,4445,Non-IT,GET,Richa Rajaram Dawar,2025-26,4.5,British Petroleum,Mech,Female,Non-IT
3665,Mech,Female,4460,Non-IT,GET,Chinmayee Chandrakant Sinkar,2025-26,5.5,JNK,Mech,Female,Non-IT
3666,Mech,Female,4534,Non-IT,BDE,Shreya Banderao Powar,2025-26,8,"Edu Versity,Banglore",Mech,Female,Non-IT
3667,Mech,Female,4535,Non-IT,BDE,Prapti Mahesh Mudgal,2025-26,8,"Edu Versity,Banglore",Mech,Female,Non-IT
3668,Mech,Female,4536,Non-IT,BDE,Ayesha Bagwan,2025-26,8,"Edu Versity,Banglore",Mech,Female,Non-IT
3669,Mech,Female,4544,Non-IT,GET,Neha Pandit Powar,2025-26,3,"Sagar Defence,Pune",Mech,Female,Non-IT
3670,Mech,Female,4546,Non-IT,GET,Prapti Mahesh Mudgal,2025-26,3,"Sagar Defence,Pune",Mech,Female,Non-IT
3671,Mech,Female,4547,Non-IT,GET,Tanuja Ananda Gavade,2025-26,3,"Sagar Defence,Pune",Mech,Female,Non-IT
3672,Mech,Female,4553,Non-IT,GAT,Tanuja Ananda Gavade,2025-26,3,Belrise Industries Pvt Ltd,Mech,Female,Non-IT
3673,Mech,Female,4570,Non-IT,GAT,Shivani Mahadev Powar,2025-26,5,Schaeffler India,Mech,Female,Non-IT
3674,Mech,Female,4604,IT,System Engineer,Prapti Mahesh Mudgal,2025-26,3.6,Infosys,Mech,Female,IT
3675,Mech,Female,4613,Non-IT,GET,Snehal Sachin Killedar,2025-26,3,"Sagar Defence,Pune",Mech,Female,Non-IT
3676,Mech,Female,4617,IT,Operations Lead,Mahek Golandaj,2025-26,5.5,Amazon,Mech,Female,IT
3677,Mech,Female,4619,IT,Operations Lead,Ayesha Bagwan,2025-26,5.5,Amazon,Mech,Female,IT
3678,Mech,Male,1224,Non-IT,GET,Varad Joshi,2020-21,3.5,Torrent Gas,Mech,Male,Non-IT
3679,Mech,Male,1230,IT,Associate System Engineer,Sufiyan Momin,2020-21,3.36,Tata Consultancy Services - Ninja,Mech,Male,IT
3680,Mech,Male,1232,IT,Software Engineer,Popat More,2020-21,3.6,TATA ELXI,Mech,Male,IT
3681,Mech,Male,1233,IT,Software Engineer,Popat More,2020-21,4,Cognizant,Mech,Male,IT
3682,Mech,Male,1249,IT,Associate System Engineer,Rushikesh  Jambhale,2020-21,3.36,Tata Consultancy Services - Ninja,Mech,Male,IT
3683,Mech,Male,2585,IT,Associate Professional,Prathmesh Rajendra Arage,2022-23,4.2,DXC Technology,Mech,Male,IT
3684,Mech,Male,2586,IT,Associate Professional,Prathamesh Harshavardhan Chougule,2022-23,4.2,DXC Technology,Mech,Male,IT
3685,Mech,Male,2587,IT,Associate Professional,Amol Abhay Mantri,2022-23,4.2,DXC Technology,Mech,Male,IT
3686,Mech,Male,2588,IT,Associate Professional,Pratik Eknath Patil,2022-23,4.2,DXC Technology,Mech,Male,IT
3687,Mech,Male,2589,IT,Associate Professional,Abhishek Ajaykumar Patil,2022-23,4.2,DXC Technology,Mech,Male,IT
3688,Mech,Male,2590,IT,Associate Professional,Abulhasan Arshad Shaikh,2022-23,4.2,DXC Technology,Mech,Male,IT
3689,Mech,Male,2591,IT,Associate Professional,Saurabh Suresh Pendhari,2022-23,4.2,DXC Technology,Mech,Male,IT
3690,Mech,Male,2592,IT,Associate Professional,Sumedh Sanjay Bhosale,2022-23,4.2,DXC Technology,Mech,Male,IT
3691,Mech,Male,2593,IT,Associate Professional,Amrut Uttam Narke,2022-23,4.2,DXC Technology,Mech,Male,IT
3692,Mech,Male,2594,IT,Associate Professional,Sushant Shamrao Patil,2022-23,4.2,DXC Technology,Mech,Male,IT
3693,Mech,Male,2595,IT,Associate Professional,Mandar Mahesh Hirphode,2022-23,4.2,DXC Technology,Mech,Male,IT
3694,Mech,Male,2596,IT,Associate Professional,Siddharth Dineshbhai Desai,2022-23,4.2,DXC Technology,Mech,Male,IT
3695,Mech,Male,2597,IT,Associate Professional,Soham Sonaba Kumbhar,2022-23,4.2,DXC Technology,Mech,Male,IT
3696,Mech,Male,2598,IT,Associate Professional,Pankaj Babaso Koli,2022-23,4.2,DXC Technology,Mech,Male,IT
3697,Mech,Male,2599,IT,Associate Professional,Onkar Janardan Patil,2022-23,4.2,DXC Technology,Mech,Male,IT
3698,Mech,Male,2600,IT,Associate Professional,Ganesh Bharat Badale,2022-23,4.2,DXC Technology,Mech,Male,IT
3699,Mech,Male,2601,IT,Associate Professional,Bobin Jeron Gonsalves,2022-23,4.2,DXC Technology,Mech,Male,IT
3700,Mech,Male,2602,IT,Associate Professional,Atharva Anil Mane,2022-23,4.2,DXC Technology,Mech,Male,IT
3701,Mech,Male,2639,IT,System Engineer,Abhishek Ajaykumar Patil,2022-23,3.36,Tata Consultancy Services,Mech,Male,IT
3702,Mech,Male,2641,IT,System Engineer,Sumedh Sanjay Bhosale,2022-23,3.36,Tata Consultancy Services,Mech,Male,IT
3703,Mech,Male,2720,IT,Software Engineer,Suyog Sandip Jagadale,2022-23,4,Qspider,Mech,Male,IT
3704,Mech,Male,2721,IT,Software Engineer,Raj Deepak Mehta,2022-23,4,Qspider,Mech,Male,IT
3705,Mech,Male,2722,IT,Software Engineer,Suraj Sampatrao Nalawade,2022-23,4,Qspider,Mech,Male,IT
3706,Mech,Male,2723,IT,Software Engineer,Nishant Krishnat Patole,2022-23,4,Qspider,Mech,Male,IT
3707,Mech,Male,2724,IT,Software Engineer,Shubham Rajesh Paste,2022-23,4,Qspider,Mech,Male,IT
3708,Mech,Male,2725,IT,Software Engineer,Rohan Jagannath Panade,2022-23,4,Qspider,Mech,Male,IT
3709,Mech,Male,2726,IT,Software Engineer,Laxman Shamrao Devane,2022-23,4,Qspider,Mech,Male,IT
3710,Mech,Male,2750,Non-IT,GET, Soham Sonaba Kumbhar,2022-23,4,RDC Concrete,Mech,Male,Non-IT
3711,Mech,Male,2751,Non-IT,GET, Ruturaj Rahul Sase,2022-23,3.5,Reliance Retail,Mech,Male,Non-IT
3712,Mech,Male,2775,Non-IT,Subject Matter Expert,Nikhil Nandkumar Patil,2022-23,3,Chegg,Mech,Male,Non-IT
3713,Mech,Male,2776,Non-IT,Subject Matter Expert,Saurabh Vasant Kesarkar,2022-23,3,Chegg,Mech,Male,Non-IT
3714,Mech,Male,2779,Non-IT,Subject Matter Expert,Suraj Sampatrao Nalawade,2022-23,3,Chegg,Mech,Male,Non-IT
3715,Mech,Male,2782,Non-IT,Subject Matter Expert,Adarsh Bajrang Kshirsagar,2022-23,3,Chegg,Mech,Male,Non-IT
3716,Mech,Male,2783,Non-IT,Subject Matter Expert,Afroj Zumbar Mulani,2022-23,3,Chegg,Mech,Male,Non-IT
3717,Mech,Male,2784,Non-IT,Subject Matter Expert,Rohan Jagannath Panade,2022-23,3,Chegg,Mech,Male,Non-IT
3718,Mech,Male,2790,Non-IT,Subject Matter Expert,ROHIT RAMCHANDRA PATIL,2022-23,3,Chegg,Mech,Male,Non-IT
3719,Mech,Male,2797,Non-IT,Subject Matter Expert,Pratik Prakash Salokhe,2022-23,3,Chegg,Mech,Male,Non-IT
3720,Mech,Male,2804,Non-IT,Subject Matter Expert,Prasad Sudhakar Atigre,2022-23,3,Chegg,Mech,Male,Non-IT
3721,Mech,Male,2809,Non-IT,Subject Matter Expert,Sanket Narendra Shinde,2022-23,3,Chegg,Mech,Male,Non-IT
3722,Mech,Male,2814,Non-IT,Subject Matter Expert,Sanket Rajesh Patil,2022-23,3,Chegg,Mech,Male,Non-IT
3723,Mech,Male,2819,Non-IT,Subject Matter Expert,Suyog Sandip Jagadale,2022-23,3,Chegg,Mech,Male,Non-IT
3724,Mech,Male,2823,Non-IT,Subject Matter Expert,Nishant Krishnat Patole,2022-23,3,Chegg,Mech,Male,Non-IT
3725,Mech,Male,2826,Non-IT,Subject Matter Expert,Omkar Subhash Patil,2022-23,3,Chegg,Mech,Male,Non-IT
3726,Mech,Male,2829,Non-IT,Subject Matter Expert,Vishwajeet Sanjaykumar Thombare,2022-23,3,Chegg,Mech,Male,Non-IT
3727,Mech,Male,2830,Non-IT,Subject Matter Expert,Saurabh BHIMRAO Tadavalekar,2022-23,3,Chegg,Mech,Male,Non-IT
3728,Mech,Male,2836,Non-IT,Subject Matter Expert,Soham Sonaba Kumbhar,2022-23,3,Chegg,Mech,Male,Non-IT
3729,Mech,Male,2851,Non-IT,Subject Matter Expert,Shubham Sanjay Mane,2022-23,3,Chegg,Mech,Male,Non-IT
3730,Mech,Male,2852,Non-IT,Subject Matter Expert,Sairaj Mahesh Bhise,2022-23,3,Chegg,Mech,Male,Non-IT
3731,Mech,Male,2853,Non-IT,Subject Matter Expert,Abhishek Ajaykumar Patil,2022-23,3,Chegg,Mech,Male,Non-IT
3732,Mech,Male,2854,Non-IT,Subject Matter Expert,Shubhjeet Shivaji Patole,2022-23,3,Chegg,Mech,Male,Non-IT
3733,Mech,Male,2856,Non-IT,Subject Matter Expert,Rushikesh Shrikant Jadhav,2022-23,3,Chegg,Mech,Male,Non-IT
3734,Mech,Male,2860,Non-IT,Subject Matter Expert,Anirudha Bapu Kolekar,2022-23,3,Chegg,Mech,Male,Non-IT
3735,Mech,Male,2872,Non-IT,Subject Matter Expert,Abhijeet Shankar Kamble,2022-23,3,Chegg,Mech,Male,Non-IT
3736,Mech,Male,2873,Non-IT,Subject Matter Expert,Pratik Sanjay Gharpankar,2022-23,3,Chegg,Mech,Male,Non-IT
3737,Mech,Male,2877,Non-IT,Subject Matter Expert,Aditya Dinesh Mungale,2022-23,3,Chegg,Mech,Male,Non-IT
3738,Mech,Male,2879,Non-IT,Subject Matter Expert,Ramankumar Laxman Tompe,2022-23,3,Chegg,Mech,Male,Non-IT
3739,Mech,Male,2881,Non-IT,Subject Matter Expert,Onkar Janardan Patil,2022-23,3,Chegg,Mech,Male,Non-IT
3740,Mech,Male,2892,Non-IT,Subject Matter Expert,Prathamesh Ramesh Bhosale,2022-23,3,Chegg,Mech,Male,Non-IT
3741,Mech,Male,2901,Non-IT,Subject Matter Expert,Akash Sambhaji Sankpal,2022-23,3,Chegg,Mech,Male,Non-IT
3742,Mech,Male,2903,Non-IT,Subject Matter Expert,Sanket Bharat Urunkar,2022-23,3,Chegg,Mech,Male,Non-IT
3743,Mech,Male,2907,Non-IT,Subject Matter Expert,Prasad Rahul Dinde,2022-23,3,Chegg,Mech,Male,Non-IT
3744,Mech,Male,2908,Non-IT,Subject Matter Expert,Amit Bhanudas Devarde,2022-23,3,Chegg,Mech,Male,Non-IT
3745,Mech,Male,2909,Non-IT,Subject Matter Expert,Navman Samir Momin,2022-23,3,Chegg,Mech,Male,Non-IT
3746,Mech,Male,2910,Non-IT,Subject Matter Expert,Suraj Shahaji Jadhav,2022-23,3,Chegg,Mech,Male,Non-IT
3747,Mech,Male,2913,Non-IT,Subject Matter Expert,Sandesh Shivaji Patil,2022-23,3,Chegg,Mech,Male,Non-IT
3748,Mech,Male,2920,Non-IT,Subject Matter Expert,Yashodeep Madhav Khade,2022-23,3,Chegg,Mech,Male,Non-IT
3749,Mech,Male,2921,Non-IT,Subject Matter Expert,Shriraj Vilas Waingade,2022-23,3,Chegg,Mech,Male,Non-IT
3750,Mech,Male,2923,Non-IT,Subject Matter Expert,Shubham Rajesh Paste,2022-23,3,Chegg,Mech,Male,Non-IT
3751,Mech,Male,2931,Non-IT,Subject Matter Expert,Shubham Sunil Mane,2022-23,3,Chegg,Mech,Male,Non-IT
3752,Mech,Male,2933,Non-IT,Subject Matter Expert,Kishor Tanaji Dhere,2022-23,3,Chegg,Mech,Male,Non-IT
3753,Mech,Male,2934,Non-IT,Subject Matter Expert,Prasad Ramesh Patil,2022-23,3,Chegg,Mech,Male,Non-IT
3754,Mech,Male,2941,Non-IT,Subject Matter Expert,Shreyash Ashok Mane,2022-23,3,Chegg,Mech,Male,Non-IT
3755,Mech,Male,2942,Non-IT,Subject Matter Expert,swapnil maruti nikam,2022-23,3,Chegg,Mech,Male,Non-IT
3756,Mech,Male,2949,Non-IT,Subject Matter Expert,Yash Prashant Patil,2022-23,3,Chegg,Mech,Male,Non-IT
3757,Mech,Male,2957,Non-IT,Subject Matter Expert,Amol Abhay Mantri,2022-23,3,Chegg,Mech,Male,Non-IT
3758,Mech,Male,2958,Non-IT,Subject Matter Expert,Ranveer Ravindra Jadhav,2022-23,3,Chegg,Mech,Male,Non-IT
3759,Mech,Male,2959,Non-IT,Subject Matter Expert,Pranav Mangesh Shirodkar,2022-23,3,Chegg,Mech,Male,Non-IT
3760,Mech,Male,2961,Non-IT,Subject Matter Expert,Pradeep Prakash Patil,2022-23,3,Chegg,Mech,Male,Non-IT
3761,Mech,Male,2962,Non-IT,Subject Matter Expert,Omkar Madhukar Kamble,2022-23,3,Chegg,Mech,Male,Non-IT
3762,Mech,Male,2963,Non-IT,Subject Matter Expert,Sakib Sajjad Momin,2022-23,3,Chegg,Mech,Male,Non-IT
3763,Mech,Male,2965,Non-IT,Subject Matter Expert,Raj Deepak Mehta,2022-23,3,Chegg,Mech,Male,Non-IT
3764,Mech,Male,2973,Non-IT,Subject Matter Expert,Koustubh Pradip Kotkar,2022-23,3,Chegg,Mech,Male,Non-IT
3765,Mech,Male,2974,Non-IT,Subject Matter Expert,Abhishek Ramchandra Dhobale,2022-23,3,Chegg,Mech,Male,Non-IT
3766,Mech,Male,2978,Non-IT,Subject Matter Expert,Sudhanshu Atul Karande,2022-23,3,Chegg,Mech,Male,Non-IT
3767,Mech,Male,2979,Non-IT,Subject Matter Expert,Ganesh Bharat Badale,2022-23,3,Chegg,Mech,Male,Non-IT
3768,Mech,Male,2997,Non-IT,Subject Matter Expert,Karan Rajendra Kamble,2022-23,3,Chegg,Mech,Male,Non-IT
3769,Mech,Male,2998,Non-IT,Subject Matter Expert,Afroj Zumbar Mulani,2022-23,3,Chegg,Mech,Male,Non-IT
3770,Mech,Male,2999,Non-IT,Subject Matter Expert,Sakib Sajjad Momin,2022-23,3,Chegg,Mech,Male,Non-IT
3771,Mech,Male,3000,Non-IT,Subject Matter Expert,Shubhjeet Shivaji Patole,2022-23,3,Chegg,Mech,Male,Non-IT
3772,Mech,Male,3009,Non-IT,GET,Amrut Narake,2022-23,5,J&K India,Mech,Male,Non-IT
3773,Mech,Male,3010,Non-IT,GET,Prathmesh Chougule,2022-23,5,J&K India,Mech,Male,Non-IT
3774,Mech,Male,3024,Non-IT,Property Advisor,Omkar Arun Bhendigeri,2022-23,4.8,Pinclick,Mech,Male,Non-IT
3775,Mech,Male,3025,Non-IT,Property Advisor,Prasad Sudhakar Atigre,2022-23,4.8,Pinclick,Mech,Male,Non-IT
3776,Mech,Male,3026,Non-IT,Property Advisor,Sanket Shankar Patil,2022-23,4.8,Pinclick,Mech,Male,Non-IT
3777,Mech,Male,3027,Non-IT,Property Advisor,Shubham Sanjay Mane,2022-23,4.8,Pinclick,Mech,Male,Non-IT
3778,Mech,Male,3028,Non-IT,Property Advisor,Swapnil Satish Powar,2022-23,4.8,Pinclick,Mech,Male,Non-IT
3779,Mech,Male,3079,Non-IT,GET,Suyog Sandip Jagadale,2022-23,2.75,JoshiJampala Engineering Pvt. Ltd,Mech,Male,Non-IT
3780,Mech,Male,3083,Non-IT,GET,Ritesh Suresh Patil,2022-23,3,Privi Speciality Chemicals Limited,Mech,Male,Non-IT
3781,Mech,Male,3088,Non-IT,GET,Shreyas Kadam,2022-23,3.75,Firefly Pumps,Mech,Male,Non-IT
3782,Mech,Male,3089,Non-IT,GET,Sairaj Bhise,2022-23,3.75,Firefly Pumps,Mech,Male,Non-IT
3783,Mech,Male,3093,Non-IT,GAT,Devdatta Arvind Nerle,2022-23,2.4,Mahabal Industries,Mech,Male,Non-IT
3784,Mech,Male,3094,Non-IT,GAT,Dhiraj Dilip Gavali,2022-23,2.4,Mahabal Industries,Mech,Male,Non-IT
3785,Mech,Male,3095,Non-IT,GAT, Abhijeet Shankar Kamble,2022-23,2.4,Mahabal Industries,Mech,Male,Non-IT
3786,Mech,Male,3096,Non-IT,GAT,Suraj Sanjay Magdum,2022-23,2.4,Mahabal Industries,Mech,Male,Non-IT
3787,Mech,Male,3097,Non-IT,GAT, Akshay Arun Kotekar,2022-23,2.4,Mahabal Industries,Mech,Male,Non-IT
3788,Mech,Male,3098,Non-IT,GAT,Nihal Alamgir Desai,2022-23,2.4,Mahabal Industries,Mech,Male,Non-IT
3789,Mech,Male,3099,Non-IT,GAT, Fajal Rafik Shikalgar,2022-23,2.4,Mahabal Industries,Mech,Male,Non-IT
3790,Mech,Male,3102,Non-IT,GET,Uddhav Uttam Patil,2022-23,3.5,RLE International,Mech,Male,Non-IT
3791,Mech,Male,3109,Non-IT,GET,Nikhil Nandkumar Patil,2022-23,3.84,WIPRO PARI,Mech,Male,Non-IT
3792,Mech,Male,3110,Non-IT,GET,Prasad Ramesh Patil,2022-23,3.84,WIPRO PARI,Mech,Male,Non-IT
3793,Mech,Male,3111,Non-IT,GET,Pratik Prakash Salokhe,2022-23,3.84,WIPRO PARI,Mech,Male,Non-IT
3794,Mech,Male,3112,Non-IT,GET,Rushikesh Shrikant Jadhav,2022-23,3.84,WIPRO PARI,Mech,Male,Non-IT
3795,Mech,Male,3114,Non-IT,GET,Swapnil Satish Powar,2022-23,3.84,WIPRO PARI,Mech,Male,Non-IT
3796,Mech,Male,3146,Non-IT,Business Development Associate,Suyog Sandip Jagadale,2022-23,7,BYJU's,Mech,Male,Non-IT
3797,Mech,Male,3148,Non-IT,Business Development Associate,Sakib Sajjad Momin,2022-23,7,BYJU's,Mech,Male,Non-IT
3798,Mech,Male,3149,Non-IT,Business Development Associate, Prasad Sudhakar Atigre,2022-23,7,BYJU's,Mech,Male,Non-IT
3799,Mech,Male,3150,Non-IT,Business Development Associate, Prasad Shankar Vanare,2022-23,7,BYJU's,Mech,Male,Non-IT
3800,Mech,Male,3153,Non-IT,GET, Amit Bhanudas Devarde,2022-23,3.84,WIPRO PARI,Mech,Male,Non-IT
3801,Mech,Male,3154,Non-IT,Business Development Associate,Navman Momin,2022-23,7,BYJU's,Mech,Male,Non-IT
3802,Mech,Male,3159,Non-IT,GET,Vishwajeet Sanjaykumar Thombare,2022-23,3,Neilsoft,Mech,Male,Non-IT
3803,Mech,Male,3160,Non-IT,Trainee Engineer, Abhishek Arun Shelake,2022-23,1.8,Menon & Menon,Mech,Male,Non-IT
3804,Mech,Male,3161,Non-IT,Trainee Engineer, Abhishek Ramchandra Dhobale,2022-23,1.8,Menon & Menon,Mech,Male,Non-IT
3805,Mech,Male,3162,Non-IT,Trainee Engineer,Dhairyashil Shivraj Vajrekar,2022-23,1.8,Menon & Menon,Mech,Male,Non-IT
3806,Mech,Male,3163,Non-IT,Trainee Engineer,Prasad Sudhakar Atigre,2022-23,1.8,Menon & Menon,Mech,Male,Non-IT
3807,Mech,Male,3164,Non-IT,Trainee Engineer,Sairaj Mahesh Bhise,2022-23,1.8,Menon & Menon,Mech,Male,Non-IT
3808,Mech,Male,3165,Non-IT,Trainee Engineer,Shubham Ramesh Patil,2022-23,1.8,Menon & Menon,Mech,Male,Non-IT
3809,Mech,Male,3210,IT,GET,Sohel Mahibub Pathan,2023-24,6,CtrlS,Mech,Male,IT
3810,Mech,Male,3368,IT,Subject Matter Expert,Aditya Mahadev Nalavade,2023-24,3,Chegg India,Mech,Male,IT
3811,Mech,Male,3369,IT,Subject Matter Expert,Ajay Devrao Bhardewad,2023-24,3,Chegg India,Mech,Male,IT
3812,Mech,Male,3370,IT,Subject Matter Expert,Akash Avinash Sonule,2023-24,3,Chegg India,Mech,Male,IT
3813,Mech,Male,3371,IT,Subject Matter Expert,Aniket Nitin Mengane,2023-24,3,Chegg India,Mech,Male,IT
3814,Mech,Male,3372,IT,Subject Matter Expert,Digambar Dagadu Kumbhar,2023-24,3,Chegg India,Mech,Male,IT
3815,Mech,Male,3373,IT,Subject Matter Expert,Karan Rajesh Jankar,2023-24,3,Chegg India,Mech,Male,IT
3816,Mech,Male,3374,IT,Subject Matter Expert,Parth Prakash Patil,2023-24,3,Chegg India,Mech,Male,IT
3817,Mech,Male,3375,IT,Subject Matter Expert,Pavan Shripati Salokhe,2023-24,3,Chegg India,Mech,Male,IT
3818,Mech,Male,3376,IT,Subject Matter Expert,Prathamesh Krishnath Patil,2023-24,3,Chegg India,Mech,Male,IT
3819,Mech,Male,3377,IT,Subject Matter Expert,Ritesh Uttam Patil,2023-24,3,Chegg India,Mech,Male,IT
3820,Mech,Male,3378,IT,Subject Matter Expert,Shivprasad Manning Patil,2023-24,3,Chegg India,Mech,Male,IT
3821,Mech,Male,3379,IT,Subject Matter Expert,Urvesh Ramdas Vhavale,2023-24,3,Chegg India,Mech,Male,IT
3822,Mech,Male,3380,IT,Subject Matter Expert,Vaibhav Suresh Yadav,2023-24,3,Chegg India,Mech,Male,IT
3823,Mech,Male,3387,Non-IT,Relationship Manager, Ajay Devrao Bhardewad,2023-24,3,Magic Stone Prop Consultants LLP,Mech,Male,Non-IT
3824,Mech,Male,3391,Non-IT,Relationship Manager, Sharavan Sunil Patil,2023-24,3,Magic Stone Prop Consultants LLP,Mech,Male,Non-IT
3825,Mech,Male,3392,Non-IT,Relationship Manager,Ruturaj Adinath Patil,2023-24,3,Magic Stone Prop Consultants LLP,Mech,Male,Non-IT
3826,Mech,Male,3399,Non-IT,Relationship Manager, Nitin Ashok Dabade,2023-24,3,Magic Stone Prop Consultants LLP,Mech,Male,Non-IT
3827,Mech,Male,3427,IT,Software Engineer,Ajay Devrao Bhardewad,2023-24,4,EXCELR Solutions,Mech,Male,IT
3828,Mech,Male,3440,Non-IT,GET,Abhijeet Krushnat Kondekar,2023-24,3,Bharat Forge,Mech,Male,Non-IT
3829,Mech,Male,3441,Non-IT,GET, Ajay Devrao Bhardewad,2023-24,3,Bharat Forge,Mech,Male,Non-IT
3830,Mech,Male,3442,Non-IT,GET, Amit Krushnat Kumbhar,2023-24,3,Bharat Forge,Mech,Male,Non-IT
3831,Mech,Male,3443,Non-IT,Business Development Counsellar, Shubham Mallappa Kurle,2023-24,6.5,PlanetSpark,Mech,Male,Non-IT
3832,Mech,Male,3455,Non-IT,GET,Aditya Mahadev Nalavade,2023-24,4,WIPRO PARI,Mech,Male,Non-IT
3833,Mech,Male,3456,Non-IT,GET,Ajay Devrao Bhardewad,2023-24,4,WIPRO PARI,Mech,Male,Non-IT
3834,Mech,Male,3458,Non-IT,GET,Nitin Ashok Dabade,2023-24,4,WIPRO PARI,Mech,Male,Non-IT
3835,Mech,Male,3459,Non-IT,GET,Prathamesh Krishnath Patil,2023-24,4,WIPRO PARI,Mech,Male,Non-IT
3836,Mech,Male,3460,Non-IT,GET,Prathmesh Rajendra Jadhav,2023-24,4,WIPRO PARI,Mech,Male,Non-IT
3837,Mech,Male,3461,Non-IT,GET,Sanket Sudhakar Pawar,2023-24,4,WIPRO PARI,Mech,Male,Non-IT
3838,Mech,Male,3462,Non-IT,GET,Sharavan Sunil Patil,2023-24,4,WIPRO PARI,Mech,Male,Non-IT
3839,Mech,Male,3463,Non-IT,GET,Shreeram Dattatray Mali,2023-24,4,WIPRO PARI,Mech,Male,Non-IT
3840,Mech,Male,3464,Non-IT,GET,Shubham Mallappa Kurle,2023-24,4,WIPRO PARI,Mech,Male,Non-IT
3841,Mech,Male,3465,Non-IT,GET,Siddhant Prashant Wardhamane,2023-24,4,WIPRO PARI,Mech,Male,Non-IT
3842,Mech,Male,3466,Non-IT,GET,Tejas Tanaji Khanagaonkar,2023-24,4,WIPRO PARI,Mech,Male,Non-IT
3843,Mech,Male,3504,IT,Trainee Engineer,Akash Avinash Sonule,2023-24,3,Qspider,Mech,Male,IT
3844,Mech,Male,3509,IT,Trainee Engineer,Kshitij kisan powar,2023-24,3,Qspider,Mech,Male,IT
3845,Mech,Male,3521,Non-IT,Management Trainee,Vaibhav Suresh Yadav,2023-24,3,BVG Group,Mech,Male,Non-IT
3846,Mech,Male,3524,Non-IT,GET, Moeen Harun Attar,2023-24,3,Ghatge Patil Industries,Mech,Male,Non-IT
3847,Mech,Male,3525,Non-IT,GET,Nishant Chougule,2023-24,3,Ghatge Patil Industries,Mech,Male,Non-IT
3848,Mech,Male,3580,Non-IT,GET,Pratik Popat Vadgavkar,2023-24,6,Toyo Engineering,Mech,Male,Non-IT
3849,Mech,Male,3583,Non-IT,GET,Ritesh Uttam Patil,2023-24,6,Toyo Engineering,Mech,Male,Non-IT
3850,Mech,Male,3584,Non-IT,GET,Ruturaj Adinath Patil,2023-24,4.5,Praj Industries Limited.,Mech,Male,Non-IT
3851,Mech,Male,3623,Non-IT,GET, Ajinkya Sanjay Dongare,2023-24,2.7,Sree Sakthi Equipment’s Company,Mech,Male,Non-IT
3852,Mech,Male,3624,Non-IT,GET,"
 Sangram Popat Chougale",2023-24,2.7,Sree Sakthi Equipment’s Company,Mech,Male,Non-IT
3853,Mech,Male,3625,Non-IT,GET,"
 Yash Anil Mulik",2023-24,2.7,Sree Sakthi Equipment’s Company,Mech,Male,Non-IT
3854,Mech,Male,3633,IT,Digital,Kshitij kisan powar,2023-24,7.5,TCS,Mech,Male,IT
3855,Mech,Male,3648,IT,Ninja,Saurabh Dinkar Patil,2023-24,3.38,TCS,Mech,Male,IT
3856,Mech,Male,3676,Non-IT,GAT,Vedant Tambe,2023-24,3,TE Connectivity,Mech,Male,Non-IT
3857,Mech,Male,3677,Non-IT,GAT,Pavan Saloke,2023-24,3,TE Connectivity,Mech,Male,Non-IT
3858,Mech,Male,3742,IT,Trainee Engineer,Aditya Vilas Patil,2024-25,3.5,QSpiders,Mech,Male,IT
3859,Mech,Male,3752,IT,Trainee Engineer,Avadhut Chandrakant Mokashi,2024-25,3.5,QSpiders,Mech,Male,IT
3860,Mech,Male,3753,IT,Trainee Engineer,Avadhut Rajaram Sawant,2024-25,3.5,QSpiders,Mech,Male,IT
3861,Mech,Male,3764,IT,Trainee Engineer,Niranjan Shreedhar Gurao,2024-25,3.5,QSpiders,Mech,Male,IT
3862,Mech,Male,3863,Non-IT,GET,Abhishek Jagdish Patil,2024-25,3,Indovance,Mech,Male,Non-IT
3863,Mech,Male,3864,Non-IT,GET,Atharv Ravindra Kadam,2024-25,3,Indovance,Mech,Male,Non-IT
3864,Mech,Male,3865,Non-IT,GET,Shardul Sambhaji Chougale,2024-25,3,Indovance,Mech,Male,Non-IT
3865,Mech,Male,3896,Non-IT,GET,Aditya Vilas Patil,2024-25,3.5,BharatForge,Mech,Male,Non-IT
3866,Mech,Male,3897,Non-IT,GET,Avadhut Rajaram Sawant,2024-25,3.5,BharatForge,Mech,Male,Non-IT
3867,Mech,Male,3898,Non-IT,GET,Majid Shakeel Ahamad Peerzade,2024-25,3.5,BharatForge,Mech,Male,Non-IT
3868,Mech,Male,3899,Non-IT,GET,Niranjan Shreedhar Gurao,2024-25,3.5,BharatForge,Mech,Male,Non-IT
3869,Mech,Male,3900,Non-IT,GET,Prashant Mahadev Bhingardeve,2024-25,3.5,BharatForge,Mech,Male,Non-IT
3870,Mech,Male,3904,Non-IT,GET,Anurag Ulhas Deshpande,2024-25,5.8,Worley Inc,Mech,Male,Non-IT
3871,Mech,Male,3911,Non-IT,GET,Pranav Shrirang Jadhav,2024-25,5.8,Worley Inc,Mech,Male,Non-IT
3872,Mech,Male,3912,Non-IT,GET,Mandar Sanjay Joshi,2024-25,1.8,Crimson Energy Experts Pvt Ltd,Mech,Male,Non-IT
3873,Mech,Male,3937,Non-IT,GAT,Prathamesh Sushil Gaikwad,2024-25,5,JNK,Mech,Male,Non-IT
3874,Mech,Male,3938,Non-IT,GET,Avadhut Chandrakant Mokashi,2024-25,3.5,Wipro PARI Ltd.,Mech,Male,Non-IT
3875,Mech,Male,3939,Non-IT,GET,Jafar Firoz Shaikh,2024-25,3.5,Wipro PARI Ltd.,Mech,Male,Non-IT
3876,Mech,Male,3940,Non-IT,GET,Pratik Rajendra Patil,2024-25,3.5,Wipro PARI Ltd.,Mech,Male,Non-IT
3877,Mech,Male,3958,Non-IT,GET,Yuvraj Hadye,2024-25,5.8,Worley Inc,Mech,Male,Non-IT
3878,Mech,Male,3959,Non-IT,GET,Prem Milind Sawant,2024-25,3,Neilsoft,Mech,Male,Non-IT
3879,Mech,Male,3960,Non-IT,GET,Amit Balu Bhosekar,2024-25,3,Neilsoft,Mech,Male,Non-IT
3880,Mech,Male,3976,Non-IT,GET,Aditya Chandrakant Mastoli,2024-25,4.5,Force Motors,Mech,Male,Non-IT
3881,Mech,Male,3977,Non-IT,GET,Prathmesh Anandrao Kadam-Patil,2024-25,4.5,Force Motors,Mech,Male,Non-IT
3882,Mech,Male,3978,Non-IT,GET,Prem Milind Sawant,2024-25,4.5,Force Motors,Mech,Male,Non-IT
3883,Mech,Male,3979,Non-IT,GET,Sanmesh Sanjay Mane,2024-25,4.5,Force Motors,Mech,Male,Non-IT
3884,Mech,Male,3991,Non-IT,GET,Abhijeet Uttam Patil,2024-25,3.5,"RDC Concrete, Mumbai",Mech,Male,Non-IT
3885,Mech,Male,3992,Non-IT,GET,Avdhut Rajaram Sawant,2024-25,3.5,"RDC Concrete, Mumbai",Mech,Male,Non-IT
3886,Mech,Male,3999,Non-IT,GET,Arihant Bhendawade,2024-25,2.16,"Thomas & BriAN mFG., Navi Mumbai",Mech,Male,Non-IT
3887,Mech,Male,4073,Non-IT,GET,Atharva Gajanan Dhavale,2024-25,2.16,M and K Building Systems Pvt Ltd,Mech,Male,Non-IT
3888,Mech,Male,4074,Non-IT,GET,Jeevan Mahadev Sangavkar,2024-25,2.16,M and K Building Systems Pvt Ltd,Mech,Male,Non-IT
3889,Mech,Male,4075,Non-IT,GET,Pruthviraj Pravin Phalake,2024-25,2.16,M and K Building Systems Pvt Ltd,Mech,Male,Non-IT
3890,Mech,Male,4076,Non-IT,GET,sumit Anil Gadekar,2024-25,2.16,M and K Building Systems Pvt Ltd,Mech,Male,Non-IT
3891,Mech,Male,4077,Non-IT,GET,Swapnil Jeevan Gavali,2024-25,2.16,M and K Building Systems Pvt Ltd,Mech,Male,Non-IT
3892,Mech,Male,4091,Non-IT,GET,Prathamesh Parit,2024-25,3.5,Ghatage Patil Industries,Mech,Male,Non-IT
3893,Mech,Male,4092,Non-IT,GET,Tanish Barad,2024-25,3.5,Ghatage Patil Industries,Mech,Male,Non-IT
3894,Mech,Male,4093,Non-IT,GET,Sanket Ghadage,2024-25,3.5,Thomas &  Brian mfg Pvt Ltd,Mech,Male,Non-IT
3895,Mech,Male,4095,Non-IT,GET,Shardul Sambhaji Chougale,2024-25,3.5,Menon and Menon limited.,Mech,Male,Non-IT
3896,Mech,Male,4096,Non-IT,GET,Arihant Bhendawade,2024-25,3.5,Menon and Menon limited.,Mech,Male,Non-IT
3897,Mech,Male,4097,Non-IT,GET,Siddhesh Manohar More,2024-25,3.5,Menon and Menon limited.,Mech,Male,Non-IT
3898,Mech,Male,4098,Non-IT,GET,Venkateshprasad Anil Sangaonkar,2024-25,3.5,Menon and Menon limited.,Mech,Male,Non-IT
3899,Mech,Male,4099,Non-IT,GET,Aman Anay Mahajan,2024-25,3.5,Menon and Menon limited.,Mech,Male,Non-IT
3900,Mech,Male,4132,Non-IT,GET,Vishal Malappa Nalkar,2024-25,4.55,Jaya HInd,Mech,Male,Non-IT
3901,Mech,Male,4133,Non-IT,GET,Abhishek Jagdish Patil,2024-25,3,Kirloskar Brothers,Mech,Male,Non-IT
3902,Mech,Male,4138,Non-IT,GET,Shivtej Vishwanath Suryawanshi,2024-25,4,AEGIS LOGISTICS LTD,Mech,Male,Non-IT
3903,Mech,Male,4139,Non-IT,GET,Tanish Amol Barad,2024-25,4,AEGIS LOGISTICS LTD,Mech,Male,Non-IT
3904,Mech,Male,4154,Non-IT,GET,Om Mahesh More,2024-25,4,"Menon Rings, Gokul Shirgaon MIDC",Mech,Male,Non-IT
3905,Mech,Male,4155,Non-IT,GET,Parth Mahendra Mandape,2024-25,4,"Menon Rings, Gokul Shirgaon MIDC",Mech,Male,Non-IT
3906,Mech,Male,4156,Non-IT,GET,Prathmesh Anandrao Kadam-Patil,2024-25,4,"Menon Rings, Gokul Shirgaon MIDC",Mech,Male,Non-IT
3907,Mech,Male,4157,Non-IT,GET,ATHARVA RAJESH GHATGE,2024-25,4,"Menon Rings, Gokul Shirgaon MIDC",Mech,Male,Non-IT
3908,Mech,Male,4159,Non-IT,GET,Atharva Gajanan Dhavale,2024-25,4.42,Dhanvanthri Enginerring Pvt Ltd,Mech,Male,Non-IT
3909,Mech,Male,4183,Non-IT,GET,Abhishek Mandlik,2025-26,5.6,Johnson Control,Mech,Male,Non-IT
3910,Mech,Male,4187,Non-IT,Trainee Engineer,Harshal Bhimrao Sanap,2025-26,3,K12 Techni Services,Mech,Male,Non-IT
3911,Mech,Male,4188,Non-IT,Trainee Engineer,Mahmadali Firoj Bagwan,2025-26,3,K12 Techni Services,Mech,Male,Non-IT
3912,Mech,Male,4233,Non-IT,GET,Ashwajeet Avinash Yadav,2025-26,3,Bharat Forge,Mech,Male,Non-IT
3913,Mech,Male,4234,Non-IT,GET,Aditya Shivaji Sawant,2025-26,3,Bharat Forge,Mech,Male,Non-IT
3914,Mech,Male,4235,Non-IT,GET,Vishvdeep Abaji Patil,2025-26,3,Bharat Forge,Mech,Male,Non-IT
3915,Mech,Male,4239,Non-IT,GET,Aditya Mahajan,2025-26,3,M J Biopharm,Mech,Male,Non-IT
3916,Mech,Male,4240,Non-IT,GET,Shreevallabh Prashant Borvankar,2025-26,3,M J Biopharm,Mech,Male,Non-IT
3917,Mech,Male,4241,Non-IT,GET,Shubham Yuvraj Chougale,2025-26,3,M J Biopharm,Mech,Male,Non-IT
3918,Mech,Male,4351,Non-IT,Business Development Executive,Om Avinash Patil,2025-26,7,Launched Global ,Mech,Male,Non-IT
3919,Mech,Male,4352,Non-IT,Business Development Executive,Sahil Vivek Raut,2025-26,7,Launched Global ,Mech,Male,Non-IT
3920,Mech,Male,4355,Non-IT,Business Development Executive,Vedang Sagar Mirajkar,2025-26,7,Launched Global ,Mech,Male,Non-IT
3921,Mech,Male,4356,Non-IT,Business Development Executive,Vivek Vikas Aldar,2025-26,7,Launched Global ,Mech,Male,Non-IT
3922,Mech,Male,4357,Non-IT,Business Development Executive,Yashwant Tirupati Rathod,2025-26,7,Launched Global ,Mech,Male,Non-IT
3923,Mech,Male,4370,Non-IT,Business Development Executive,Appaji Dasharath Patil,2025-26,7,Launched Global ,Mech,Male,Non-IT
3924,Mech,Male,4414,Non-IT,Business Development Associate,Rahul Patil,2025-26,6,Unlox Academy,Mech,Male,Non-IT
3925,Mech,Male,4429,Non-IT,GET,Arshad Ramjan Sanadi,2025-26,5.46,Tecnimont,Mech,Male,Non-IT
3926,Mech,Male,4432,Non-IT,GET,Soham Patil,2025-26,5.46,Tecnimont,Mech,Male,Non-IT
3927,Mech,Male,4440,Non-IT,GET,Pranav Ashok Patil,2025-26,3,M J Biopharm,Mech,Male,Non-IT
3928,Mech,Male,4477,Non-IT,GAT,Mahmadali Firoj Bagwan,2025-26,5,Schaeffler India,Mech,Male,Non-IT
3929,Mech,Male,4478,Non-IT,GAT,Dhiraj Shivaji Sawant,2025-26,5,Schaeffler India,Mech,Male,Non-IT
3930,Mech,Male,4479,Non-IT,GAT,Ashok Yashwant Bhusnar,2025-26,5,Schaeffler India,Mech,Male,Non-IT
3931,Mech,Male,4533,Non-IT,BDE,Ajit Dasharath Gavade,2025-26,8,"Edu Versity,Banglore",Mech,Male,Non-IT
3932,Mech,Male,4538,Non-IT,GET,Aditya Mahajan,2025-26,3,"Sagar Defence,Pune",Mech,Male,Non-IT
3933,Mech,Male,4539,Non-IT,GET,Aditya Ramesh Metil,2025-26,3,"Sagar Defence,Pune",Mech,Male,Non-IT
3934,Mech,Male,4540,Non-IT,GET,Appaji Dasharath Patil,2025-26,3,"Sagar Defence,Pune",Mech,Male,Non-IT
3935,Mech,Male,4541,Non-IT,GET,Atharv Patil,2025-26,3,"Sagar Defence,Pune",Mech,Male,Non-IT
3936,Mech,Male,4542,Non-IT,GET,Atharva Vijay Drakshe,2025-26,3,"Sagar Defence,Pune",Mech,Male,Non-IT
3937,Mech,Male,4543,Non-IT,GET,Ganesh Tanaji Chougale,2025-26,3,"Sagar Defence,Pune",Mech,Male,Non-IT
3938,Mech,Male,4545,Non-IT,GET,Pranav Suhas Powar,2025-26,3,"Sagar Defence,Pune",Mech,Male,Non-IT
3939,Mech,Male,4552,Non-IT,GAT,Aditya Ramesh Metil,2025-26,3,Belrise Industries Pvt Ltd,Mech,Male,Non-IT
3940,Mech,Male,4554,Non-IT,GAT,Sahil Shantaram Shinde,2025-26,3,Belrise Industries Pvt Ltd,Mech,Male,Non-IT
3941,Mech,Male,4555,Non-IT,GAT,Arvind Mohan Kumbhar,2025-26,3,Belrise Industries Pvt Ltd,Mech,Male,Non-IT
3942,Mech,Male,4556,Non-IT,GAT,Prajyot Annaso Patil,2025-26,3,Belrise Industries Pvt Ltd,Mech,Male,Non-IT
3943,Mech,Male,4557,Non-IT,GAT,Pratiraj Rajaram Chougale,2025-26,3,Belrise Industries Pvt Ltd,Mech,Male,Non-IT
3944,Mech,Male,4558,Non-IT,GAT,Tanish Dadasaheb Pawar,2025-26,3,Belrise Industries Pvt Ltd,Mech,Male,Non-IT
3945,Mech,Male,4561,Non-IT,GET,Viraj Chandrakant Kamble,2025-26,2.5,Ekam Interface,Mech,Male,Non-IT
3946,Mech,Male,4562,Non-IT,GET,Prasad Prakash Waikul,2025-26,2.5,Ekam Interface,Mech,Male,Non-IT
3947,Mech,Male,4563,Non-IT,GET,Viren Vilas Kirulkar,2025-26,2.5,Ekam Interface,Mech,Male,Non-IT
3948,Mech,Male,4564,Non-IT,GET,Ajit Dasharath Gavade,2025-26,2.5,Ekam Interface,Mech,Male,Non-IT
3949,Mech,Male,4565,Non-IT,GET,Onkar Sutar,2025-26,2.5,Ekam Interface,Mech,Male,Non-IT
3950,Mech,Male,4566,Non-IT,GET,Om Avinash Patil,2025-26,2.5,Ekam Interface,Mech,Male,Non-IT
3951,Mech,Male,4567,Non-IT,GAT,Viraj Chandrakant Kamble,2025-26,5,Schaeffler India,Mech,Male,Non-IT
3952,Mech,Male,4568,Non-IT,GAT,Prasad Prakash Waikul,2025-26,5,Schaeffler India,Mech,Male,Non-IT
3953,Mech,Male,4569,Non-IT,GAT,Om Avinash Patil,2025-26,5,Schaeffler India,Mech,Male,Non-IT
3954,Mech,Male,4605,Non-IT,GET,Rahul Khandu Mane,2025-26,3,"Sagar Defence,Pune",Mech,Male,Non-IT
3955,Mech,Male,4606,Non-IT,GET,Varad Ashok Deshmukh,2025-26,3,"Sagar Defence,Pune",Mech,Male,Non-IT
3956,Mech,Male,4607,Non-IT,GET,Viren Vilas Kirulkar,2025-26,3,"Sagar Defence,Pune",Mech,Male,Non-IT
3957,Mech,Male,4608,Non-IT,GET,Sahil Shantaram Shinde,2025-26,3,"Sagar Defence,Pune",Mech,Male,Non-IT
3958,Mech,Male,4609,Non-IT,GET,Atharv Santosh Kulkarni,2025-26,3,"Sagar Defence,Pune",Mech,Male,Non-IT
3959,Mech,Male,4610,Non-IT,GET,Harshvardhan Pratap Chougule,2025-26,3,"Sagar Defence,Pune",Mech,Male,Non-IT
3960,Mech,Male,4611,Non-IT,GET,Pankaj Amrut Kamble,2025-26,3,"Sagar Defence,Pune",Mech,Male,Non-IT
3961,Mech,Male,4612,Non-IT,GET,Rahul Patil,2025-26,3,"Sagar Defence,Pune",Mech,Male,Non-IT
3962,Mech,Male,4614,Non-IT,GET,Sanket Satish Kore,2025-26,3,"Sagar Defence,Pune",Mech,Male,Non-IT
3963,Mech,Male,4615,Non-IT,GET,Aditya Tatyasaheb Chougule,2025-26,5,Europa Lock,Mech,Male,Non-IT
3964,Mech,Male,4616,Non-IT,GET,Rahul Patil,2025-26,5,Europa Lock,Mech,Male,Non-IT
3965,Mech,Male,4618,IT,Operations Lead,Asim Yasin Pathan,2025-26,5.5,Amazon,Mech,Male,IT
3966,Mechanical,Female,185,Non-IT,GAT,Nivale Asmita Ashok,2017-18,3.5,Ghadge Patil,Mechanical,Female,Non-IT
3967,Mechanical,Female,191,Non-IT,Trainee Engineer,Desai Rutuja Vishwas,2017-18,1.8,Zavar Group,Mechanical,Female,Non-IT
3968,Mechanical,Female,199,Non-IT,GAT,Khavare Pooja Dhananjay,2017-18,1.8,Ghatge Patil,Mechanical,Female,Non-IT
3969,Mechanical,Female,205,Non-IT,Trainee Engineer,Nimbalkar Indrayani Arvind,2017-18,1.8,Chetan Motors,Mechanical,Female,Non-IT
3970,Mechanical,Female,221,Non-IT,Trainee Engineer,Suryawanshi Aishwarya Gajanan,2017-18,1.8,PR Engineering Gokul Shirgaon,Mechanical,Female,Non-IT
3971,Mechanical,Female,222,Non-IT,Trainee Engineer, Sutar Ashlesha Arun,2017-18,1.8,Preciforge And Gear,Mechanical,Female,Non-IT
3972,Mechanical,Female,241,Non-IT,CRM,Maitriya Damugade,2017-18,1.8,Amazon India,Mechanical,Female,Non-IT
3973,Mechanical,Female,250,Non-IT,EMPLOYEE TRAINEE,Aashlesha a. Sutar,2017-18,1.8,"DHOOT TRANSMISSION,PUNE",Mechanical,Female,Non-IT
3974,Mechanical,Female,251,Non-IT,EMPLOYEE TRAINEE,Asmita a navale,2017-18,1.8,"DHOOT TRANSMISSION,PUNE",Mechanical,Female,Non-IT
3975,Mechanical,Female,252,Non-IT,EMPLOYEE TRAINEE,Dhanashri j. Sutar,2017-18,1.8,"DHOOT TRANSMISSION,PUNE",Mechanical,Female,Non-IT
3976,Mechanical,Female,253,Non-IT,EMPLOYEE TRAINEE,Gourishankar s. Tambve,2017-18,1.8,"DHOOT TRANSMISSION,PUNE",Mechanical,Female,Non-IT
3977,Mechanical,Female,259,Non-IT,EMPLOYEE TRAINEE,Pradnya parakash patil,2017-18,1.8,"DHOOT TRANSMISSION,PUNE",Mechanical,Female,Non-IT
3978,Mechanical,Female,261,Non-IT,EMPLOYEE TRAINEE,Rutuja v. Desai,2017-18,1.8,"DHOOT TRANSMISSION,PUNE",Mechanical,Female,Non-IT
3979,Mechanical,Female,265,Non-IT,EMPLOYEE TRAINEE,Soni n. Nagargoje,2017-18,1.8,"DHOOT TRANSMISSION,PUNE",Mechanical,Female,Non-IT
3980,Mechanical,Female,267,Non-IT,EMPLOYEE TRAINEE,Varsha ekshinge d,2017-18,1.8,"DHOOT TRANSMISSION,PUNE",Mechanical,Female,Non-IT
3981,Mechanical,Female,271,Non-IT,Trainee Engineer,Susmita sudam mali,2017-18,2.4,"AnExpertise,Pune",Mechanical,Female,Non-IT
3982,Mechanical,Female,512,Non-IT,GET,Pratima Mithari,2018-19,3.5,Diageo Spirits,Mechanical,Female,Non-IT
3983,Mechanical,Female,515,Non-IT,Trainee Engineer,Snehal Patil,2018-19,2.2,John Deere,Mechanical,Female,Non-IT
3984,Mechanical,Female,516,Non-IT,Trainee Engineer,Shubhangi Patil,2018-19,2.2,John Deere,Mechanical,Female,Non-IT
3985,Mechanical,Female,517,Non-IT,Business,Pratima Mithare,2018-19,1.8,Patnajali Group,Mechanical,Female,Non-IT
3986,Mechanical,Female,520,Non-IT,Trainee Engineer,Dhanashri Shivaji Gunjane,2018-19,3,"QSPIDER,PUNE",Mechanical,Female,Non-IT
3987,Mechanical,Female,728,Non-IT,BDM,Srushti Patil,2019-20,3.75,BYJUs,Mechanical,Female,Non-IT
3988,Mechanical,Female,735,Non-IT,Programmer Analyst Trainee,Nayan Deepak Parab,2019-20,4,Cognizant,Mechanical,Female,Non-IT
3989,Mechanical,Female,756,Non-IT,Associate Engineer,Gandhali  Kamble,2019-20,1.8,Dexterity Anasatte Management Solutions Pvt. Ltd,Mechanical,Female,Non-IT
3990,Mechanical,Female,761,Non-IT,Associate Engineer,Janhavi Yadav,2019-20,1.8,Dexterity Anasatte Management Solutions Pvt. Ltd,Mechanical,Female,Non-IT
3991,Mechanical,Female,765,Non-IT,Associate Engineer,Manali Shinge,2019-20,1.8,Dexterity Anasatte Management Solutions Pvt. Ltd,Mechanical,Female,Non-IT
3992,Mechanical,Female,791,Non-IT,Associate Engineer,Shivani Patil,2019-20,1.8,Dexterity Anasatte Management Solutions Pvt. Ltd,Mechanical,Female,Non-IT
3993,Mechanical,Female,797,Non-IT,Associate Engineer,Srushti Patil,2019-20,1.8,Dexterity Anasatte Management Solutions Pvt. Ltd,Mechanical,Female,Non-IT
3994,Mechanical,Female,810,Non-IT,Associate Engineer,Aishwarya Bhosale,2019-20,1.8,Dexterity Anasatte Management Solutions Pvt. Ltd,Mechanical,Female,Non-IT
3995,Mechanical,Female,815,Non-IT,Associate Engineer,Srushti Patil,2019-20,1.8,Dexterity Anasatte Management Solutions Pvt. Ltd,Mechanical,Female,Non-IT
3996,Mechanical,Female,827,Non-IT,Trainee Engineer,Pranil hatkar,2019-20,1.8,Ghatge Patil,Mechanical,Female,Non-IT
3997,Mechanical,Female,833,Non-IT,Trainee Engineer,Manali Shinge,2019-20,1.8,Ghatge Patil,Mechanical,Female,Non-IT
3998,Mechanical,Female,834,Non-IT,Trainee Engineer,Janhavi Yadav,2019-20,1.8,Ghatge Patil,Mechanical,Female,Non-IT
3999,Mechanical,Female,891,Non-IT,Subject Matter Expert,Punam Waghmode,2020-21,3,Chegg India,Mechanical,Female,Non-IT
4000,Mechanical,Female,928,Non-IT,Business Development Manager, Pradnya Sarjerao Chopade,2020-21,5,Inmovidu Tech,Mechanical,Female,Non-IT
4001,Mechanical,Female,941,IT,GenC-Developer,Pradnya Chopade,2020-21,4.5,Cognizant,Mechanical,Female,IT
4002,Mechanical,Female,954,Non-IT,GET,Jagruti Patil,2020-21,3.5,Worley,Mechanical,Female,Non-IT
4003,Mechanical,Female,1303,IT,Associate Professional,Saifulla Ajmuddin Patel,2021-22,4,DXC Technology,Mechanical,Female,IT
4004,Mechanical,Female,1316,IT,Software Developer, Sanmati Rajiv Sawalwade,2021-22,6,"GamesKraft,Banglore",Mechanical,Female,IT
4005,Mechanical,Female,1318,IT,Functional Consultant,Rasika Jadhav,2021-22,4,Evosys,Mechanical,Female,IT
4006,Mechanical,Female,1362,IT,Assistant System Engineer-Trainee,Shreya Bharat Jagadale,2021-22,3.36,Tata Consultancy Services,Mechanical,Female,IT
4007,Mechanical,Female,1366,IT,Assistant System Engineer-Trainee, Prajakta Bhikaji Mane,2021-22,3.36,Tata Consultancy Services,Mechanical,Female,IT
4008,Mechanical,Female,1470,Non-IT,Community Influncer,Aishwarya thorat,2021-22,3,MentorBoxx,Mechanical,Female,Non-IT
4009,Mechanical,Female,1506,IT,Project Engineer,Yasin Mehboob Maner,2021-22,3.5,Wipro,Mechanical,Female,IT
4010,Mechanical,Female,1595,Non-IT,GET,Rutuja Sanjay Shinde,2021-22,3.5,Reliance Retail,Mechanical,Female,Non-IT
4011,Mechanical,Female,1597,Non-IT,GET,Snehal Devanand Munde,2021-22,3.5,Reliance Retail,Mechanical,Female,Non-IT
4012,Mechanical,Female,1652,IT,GenC - Select,rutika suryakant patil,2021-22,4,Cognizant,Mechanical,Female,IT
4013,Mechanical,Female,1657,IT,GenC - Select,Sneha Ashok Chavan,2021-22,4,Cognizant,Mechanical,Female,IT
4014,Mechanical,Female,1684,Non-IT,Management Trainee,Utkarsha Undale,2021-22,4.5,Square Yards,Mechanical,Female,Non-IT
4015,Mechanical,Female,1751,IT,Trainee Engineer (PPO),Aishwarya shivaji thorat,2021-22,3,Palle Technology,Mechanical,Female,IT
4016,Mechanical,Female,1754,IT,Trainee Engineer (PPO),rutika suryakant patil,2021-22,3,Palle Technology,Mechanical,Female,IT
4017,Mechanical,Female,1756,IT,Trainee Engineer (PPO),Sachin Savaleram Mante,2021-22,3,Palle Technology,Mechanical,Female,IT
4018,Mechanical,Female,1758,Non-IT,Trainee Engineer (PPO),Rohini Baban Thamake,2021-22,2.4,Menon  Bearings and Menon Alkop,Mechanical,Female,Non-IT
4019,Mechanical,Female,1795,IT,System Engineer,Rutuja Shinde,2021-22,3.6,Infosys,Mechanical,Female,IT
4020,Mechanical,Female,1798,IT,System Engineer,Aishwarya thorat,2021-22,3.6,Infosys,Mechanical,Female,IT
4021,Mechanical,Female,1929,IT,Associate Professional,Saifulla Ajmuddin Patel,2021-22,4,DXC Technology,Mechanical,Female,IT
4022,Mechanical,Female,1942,IT,Software Developer, Sanmati Rajiv Sawalwade,2021-22,6,"GamesKraft,Banglore",Mechanical,Female,IT
4023,Mechanical,Female,1944,IT,Functional Consultant,Rasika Jadhav,2021-22,4,Evosys,Mechanical,Female,IT
4024,Mechanical,Female,1988,IT,Assistant System Engineer-Trainee,Shreya Bharat Jagadale,2021-22,3.36,Tata Consultancy Services,Mechanical,Female,IT
4025,Mechanical,Female,1992,IT,Assistant System Engineer-Trainee, Prajakta Bhikaji Mane,2021-22,3.36,Tata Consultancy Services,Mechanical,Female,IT
4026,Mechanical,Female,2096,Non-IT,Community Influncer,Aishwarya thorat,2021-22,3,MentorBoxx,Mechanical,Female,Non-IT
4027,Mechanical,Female,2132,IT,Project Engineer,Yasin Mehboob Maner,2021-22,3.5,Wipro,Mechanical,Female,IT
4028,Mechanical,Female,2221,Non-IT,GET,Rutuja Sanjay Shinde,2021-22,3.5,Reliance Retail,Mechanical,Female,Non-IT
4029,Mechanical,Female,2223,Non-IT,GET,Snehal Devanand Munde,2021-22,3.5,Reliance Retail,Mechanical,Female,Non-IT
4030,Mechanical,Female,2278,IT,GenC - Select,rutika suryakant patil,2021-22,4,Cognizant,Mechanical,Female,IT
4031,Mechanical,Female,2283,IT,GenC - Select,Sneha Ashok Chavan,2021-22,4,Cognizant,Mechanical,Female,IT
4032,Mechanical,Female,2310,Non-IT,Management Trainee,Utkarsha Undale,2021-22,4.5,Square Yards,Mechanical,Female,Non-IT
4033,Mechanical,Female,2377,IT,Trainee Engineer (PPO),Aishwarya shivaji thorat,2021-22,3,Palle Technology,Mechanical,Female,IT
4034,Mechanical,Female,2380,IT,Trainee Engineer (PPO),rutika suryakant patil,2021-22,3,Palle Technology,Mechanical,Female,IT
4035,Mechanical,Female,2382,IT,Trainee Engineer (PPO),Sachin Savaleram Mante,2021-22,3,Palle Technology,Mechanical,Female,IT
4036,Mechanical,Female,2384,Non-IT,Trainee Engineer (PPO),Rohini Baban Thamake,2021-22,2.4,Menon  Bearings and Menon Alkop,Mechanical,Female,Non-IT
4037,Mechanical,Female,2421,IT,System Engineer,Rutuja Shinde,2021-22,3.6,Infosys,Mechanical,Female,IT
4038,Mechanical,Female,2424,IT,System Engineer,Aishwarya thorat,2021-22,3.6,Infosys,Mechanical,Female,IT
4039,Mechanical,Male,61,Non-IT,BDE - Heating & Vantilation,Amogh Vijay Bakshi,2016-17,1.2,"Esaplling Pvt Ltd,Pune",Mechanical,Male,Non-IT
4040,Mechanical,Male,62,Non-IT,BDE - Heating & Vantilation,Ketan Kedar Gayawal,2016-17,1.2,"Esaplling Pvt Ltd,Pune",Mechanical,Male,Non-IT
4041,Mechanical,Male,63,Non-IT,BDE,Kore Santosh Sadashiv,2016-17,1.2,"Esaplling Pvt Ltd,Pune",Mechanical,Male,Non-IT
4042,Mechanical,Male,64,Non-IT,BDE-HVAC,Jagtap Suraj Suresh,2016-17,1.2,"Esaplling Pvt Ltd,Pune",Mechanical,Male,Non-IT
4043,Mechanical,Male,65,Non-IT,Account Manager Sales,Akshay Patil,2016-17,2.4,"ALIBABA ,MUMBAI",Mechanical,Male,Non-IT
4044,Mechanical,Male,66,Non-IT,Account Manager Sales,Tejas Pawar,2016-17,2.4,"ALIBABA ,MUMBAI",Mechanical,Male,Non-IT
4045,Mechanical,Male,67,Non-IT,GET,Ram Munishwar,2016-17,3,PRAJ,Mechanical,Male,Non-IT
4046,Mechanical,Male,68,Non-IT,CRM,Akshay Patil,2016-17,1.8,AMAZON.IN,Mechanical,Male,Non-IT
4047,Mechanical,Male,69,Non-IT,CRM,Sourabh Thorat,2016-17,1.8,AMAZON.IN,Mechanical,Male,Non-IT
4048,Mechanical,Male,70,Non-IT,TRAINEE-SAP,SAGAR SHETE,2016-17,3.16,CAPGEMINI,Mechanical,Male,Non-IT
4049,Mechanical,Male,71,Non-IT,Trainee Engineer,Akshay Mane,2016-17,1.8,"Cooper Group,Satara",Mechanical,Male,Non-IT
4050,Mechanical,Male,72,Non-IT,Trainee Engineer,Sourabh Ingawale,2016-17,1.8,"Cooper Group,Satara",Mechanical,Male,Non-IT
4051,Mechanical,Male,73,Non-IT,GET,Vitthal Magdum,2016-17,1.8,"Envision Technology,Mumbai",Mechanical,Male,Non-IT
4052,Mechanical,Male,74,Non-IT,GET (Design ),Vaibhav Taware,2016-17,2.4,"Meenakshi Metals,Pune",Mechanical,Male,Non-IT
4053,Mechanical,Male,75,Non-IT,GET (Design ),Sadashiv Sutar,2016-17,2.4,"Meenakshi Metals,Pune",Mechanical,Male,Non-IT
4054,Mechanical,Male,182,Non-IT,Trainee Engineer,Varad suratekar,2017-18,3,CADSYS,Mechanical,Male,Non-IT
4055,Mechanical,Male,183,Non-IT,GAT,Kumar Umranikar,2017-18,3.5,Metamorphosis India pvt. Ltd.,Mechanical,Male,Non-IT
4056,Mechanical,Male,184,Non-IT,GET,Magadum Alka Mahipati,2017-18,3.5,Bostch,Mechanical,Male,Non-IT
4057,Mechanical,Male,186,Non-IT,GAT,Patil Siddharth Sunil,2017-18,3.5,Ghadge Patil,Mechanical,Male,Non-IT
4058,Mechanical,Male,187,Non-IT,GET,Patil Suhas Govind,2017-18,3.5,Bostch,Mechanical,Male,Non-IT
4059,Mechanical,Male,188,Non-IT,Trainee Engineer,Patkare Vaibhav Janu,2017-18,3.5,"Complex Enterprises, Pune",Mechanical,Male,Non-IT
4060,Mechanical,Male,189,Non-IT,GAT,Bhosale sourabh Prakash,2017-18,3.5,Vaibhav Tech,Mechanical,Male,Non-IT
4061,Mechanical,Male,190,Non-IT,Trainee Engineer,Dhabolkar Amol Bikaji,2017-18,1.8,New melting Center,Mechanical,Male,Non-IT
4062,Mechanical,Male,192,Non-IT,Trainee Engineer,Gaikwad Bhushan Shrikant,2017-18,1.8,Mojji Engineering,Mechanical,Male,Non-IT
4063,Mechanical,Male,193,Non-IT,Trainee Engineer,Ghadge Rushikesh,2017-18,1.8,Omkar dies,Mechanical,Male,Non-IT
4064,Mechanical,Male,194,Non-IT,Trainee Engineer,Mahesh Chandane,2017-18,1.8,Sanika Industries,Mechanical,Male,Non-IT
4065,Mechanical,Male,195,Non-IT,Trainee Engineer,Ghodke Aditya Shrikant,2017-18,1.8,"NTPC, Solapur",Mechanical,Male,Non-IT
4066,Mechanical,Male,196,Non-IT,Trainee Engineer,Jadhav Sushant Gorakh,2017-18,1.8,"Kaybouvet, Satara",Mechanical,Male,Non-IT
4067,Mechanical,Male,197,Non-IT,Trainee Engineer,Kadam Sairaj Dilip,2017-18,1.8,Magna Styre,Mechanical,Male,Non-IT
4068,Mechanical,Male,198,Non-IT,GAT,Khadekar Pravin Suresh,2017-18,1.8,Bosch,Mechanical,Male,Non-IT
4069,Mechanical,Male,200,Non-IT,Trainee Engineer,Kondaval Rohan,2017-18,1.8,Premium Transmission  Ltd. Pune,Mechanical,Male,Non-IT
4070,Mechanical,Male,201,Non-IT,Trainee Engineer,Kumbhar Omkar tanaji,2017-18,1.8, Top Gear Transmission,Mechanical,Male,Non-IT
4071,Mechanical,Male,202,Non-IT,Trainee Engineer,Kolekar Ruturaj Bapu,2017-18,1.8,"Menon Piston, Kolhapur",Mechanical,Male,Non-IT
4072,Mechanical,Male,203,Non-IT,Trainee Engineer,Lad Shounak Shailendra,2017-18,1.8,AMS Marin,Mechanical,Male,Non-IT
4073,Mechanical,Male,204,Non-IT,Trainee Engineer,Mohite Lakhan Yuvraj,2017-18,1.8,Vijendra Industries,Mechanical,Male,Non-IT
4074,Mechanical,Male,206,Non-IT,Trainee Engineer,Nalawade Sanket Dipak,2017-18,1.8,Ghatke Patil,Mechanical,Male,Non-IT
4075,Mechanical,Male,207,Non-IT,Trainee Engineer, Patil Akash Namdev,2017-18,1.8,Bostch,Mechanical,Male,Non-IT
4076,Mechanical,Male,208,Non-IT,Trainee Engineer,Patil Ashish Bangwant Rao,2017-18,1.8,Zener Group,Mechanical,Male,Non-IT
4077,Mechanical,Male,209,Non-IT,Trainee Engineer,Patil Jaywant Chandrakant,2017-18,1.8,Sai Services,Mechanical,Male,Non-IT
4078,Mechanical,Male,210,Non-IT,GAT,Patil Gaurav Vilas,2017-18,1.8,Metamorfosis Pune,Mechanical,Male,Non-IT
4079,Mechanical,Male,211,Non-IT,GAT,Patil Pratik Prakash,2017-18,1.8,Ghatge Patil Industries,Mechanical,Male,Non-IT
4080,Mechanical,Male,212,Non-IT,Trainee Engineer,Randive Nachiket Rajiv,2017-18,1.8,Mennon Piston,Mechanical,Male,Non-IT
4081,Mechanical,Male,213,Non-IT,Trainee Engineer, Gourish Mangesh Rao,2017-18,1.8,Omkar Dies Pune,Mechanical,Male,Non-IT
4082,Mechanical,Male,214,Non-IT,Trainee Engineer,Salonkhe Vittal Vijay,2017-18,1.8,Top Gear transmission Satara,Mechanical,Male,Non-IT
4083,Mechanical,Male,215,Non-IT,Trainee Engineer,Sawant Shivam Anil,2017-18,1.8,Trivo,Mechanical,Male,Non-IT
4084,Mechanical,Male,216,Non-IT,Trainee Engineer,Sawant Vikarant Sanjay,2017-18,1.8,Cooper corporation,Mechanical,Male,Non-IT
4085,Mechanical,Male,217,Non-IT,Trainee Engineer,Shinde Aniket Balwant,2017-18,1.8,Arkmachtech Pvt. Ltd.,Mechanical,Male,Non-IT
4086,Mechanical,Male,218,Non-IT,Trainee Engineer,Shinde Sopan Pirappa,2017-18,1.8,Seinomero Nirman Pvt. Ltd. Shirwal,Mechanical,Male,Non-IT
4087,Mechanical,Male,219,Non-IT,Trainee Engineer,Sutar Mayur Banudas,2017-18,1.8,Tata tech,Mechanical,Male,Non-IT
4088,Mechanical,Male,220,Non-IT,Trainee Engineer,Shirke Sourabh Sanjay,2017-18,1.8, Kirloskar,Mechanical,Male,Non-IT
4089,Mechanical,Male,223,Non-IT,GAT,Sutar Vinod Vijay Kumar,2017-18,2.4,TE Connectivity,Mechanical,Male,Non-IT
4090,Mechanical,Male,224,Non-IT,Trainee Engineer,Tadawale avdhut Kiran,2017-18,1.8,Padmavati Industries Gokul Shirgaon,Mechanical,Male,Non-IT
4091,Mechanical,Male,225,Non-IT,GAT,Thorat Adesh Amar,2017-18,3.5,Vaibhav Industries,Mechanical,Male,Non-IT
4092,Mechanical,Male,226,Non-IT,Trainee Engineer,Todkar Rakesh Vijay,2017-18,1.8,Shivam Tech Pvt. Ltd. Pune,Mechanical,Male,Non-IT
4093,Mechanical,Male,227,Non-IT,Trainee Engineer,Tidke Nitin Maruti,2017-18,1.8,Sareg Engineering Pvt. Ltd. Aurangabad,Mechanical,Male,Non-IT
4094,Mechanical,Male,228,Non-IT,Trainee Engineer,Umranikar Kumar Ramesh,2017-18,1.8,Metamorfosis Engitech Pvt. Ltd,Mechanical,Male,Non-IT
4095,Mechanical,Male,229,Non-IT,Trainee Engineer,Yadav Pratik Yashwant,2017-18,1.8,Pridal Technomines Kothrud,Mechanical,Male,Non-IT
4096,Mechanical,Male,230,Non-IT,Trainee Engineer,Kambale Avinash Dhanaji,2017-18,2.8,Saveda Engineering Palus,Mechanical,Male,Non-IT
4097,Mechanical,Male,231,Non-IT,Trainee Engineer,Amol Mangure,2017-18,3.8,Indurance Accuratech Pune,Mechanical,Male,Non-IT
4098,Mechanical,Male,232,Non-IT,System Engineer,Patil Shubham,2017-18,3.5,TCS,Mechanical,Male,Non-IT
4099,Mechanical,Male,233,Non-IT,Trainee Engineer,Panhalkar Atif,2017-18,3,Arya Engineering Aundh,Mechanical,Male,Non-IT
4100,Mechanical,Male,234,Non-IT,GAT,Patil Siddharth Sunil,2017-18,1.8,Ghatge Patil,Mechanical,Male,Non-IT
4101,Mechanical,Male,235,Non-IT,System Engineer,Sagar Bagal,2017-18,3.5,TCS,Mechanical,Male,Non-IT
4102,Mechanical,Male,236,Non-IT,System Engineer,Shubham Narute,2017-18,3.5,TCS,Mechanical,Male,Non-IT
4103,Mechanical,Male,237,Non-IT,Trainee Engineer,Palave Ankush N.,2017-18,3,"QSPIDER,PUNE",Mechanical,Male,Non-IT
4104,Mechanical,Male,238,Non-IT,Trainee Engineer,Pawar Dhanaji S.,2017-18,4,"QSPIDER,PUNE",Mechanical,Male,Non-IT
4105,Mechanical,Male,239,Non-IT,Trainee Engineer,Narute Shubham J.,2017-18,5,"QSPIDER,PUNE",Mechanical,Male,Non-IT
4106,Mechanical,Male,240,Non-IT,Trainee Engineer,Gavade Sagar R.,2017-18,6,"QSPIDER,PUNE",Mechanical,Male,Non-IT
4107,Mechanical,Male,242,Non-IT,CRM,Yash Patil,2017-18,2.8,Amazon India,Mechanical,Male,Non-IT
4108,Mechanical,Male,243,Non-IT,BDM,Ruturaj Kolekar,2017-18,3.5,"Just Dial,Pune",Mechanical,Male,Non-IT
4109,Mechanical,Male,244,Non-IT,BDM,Sagar Gawade,2017-18,3.5,"Just Dial,Pune",Mechanical,Male,Non-IT
4110,Mechanical,Male,245,Non-IT,BDM,Ashish Adake,2017-18,3.5,"Just Dial,Pune",Mechanical,Male,Non-IT
4111,Mechanical,Male,246,Non-IT,BDM,Prasad Bhad,2017-18,3.5,"Just Dial,Pune",Mechanical,Male,Non-IT
4112,Mechanical,Male,247,Non-IT,BDM,Mahesh Channe,2017-18,3.5,"Just Dial,Pune",Mechanical,Male,Non-IT
4113,Mechanical,Male,248,Non-IT,BDM,Sangram Mane,2017-18,3.5,"Just Dial,Pune",Mechanical,Male,Non-IT
4114,Mechanical,Male,249,Non-IT,GET,Aashutosh Nalawade,2017-18,3,Asahi india pvt. Ltd.,Mechanical,Male,Non-IT
4115,Mechanical,Male,254,Non-IT,EMPLOYEE TRAINEE,Harishchandra ekal,2017-18,1.8,"DHOOT TRANSMISSION,PUNE",Mechanical,Male,Non-IT
4116,Mechanical,Male,255,Non-IT,EMPLOYEE TRAINEE,Karna k. Jambhale,2017-18,1.8,"DHOOT TRANSMISSION,PUNE",Mechanical,Male,Non-IT
4117,Mechanical,Male,256,Non-IT,EMPLOYEE TRAINEE,Mayur sutar,2017-18,1.8,"DHOOT TRANSMISSION,PUNE",Mechanical,Male,Non-IT
4118,Mechanical,Male,257,Non-IT,EMPLOYEE TRAINEE,Mohite lakhan y.,2017-18,1.8,"DHOOT TRANSMISSION,PUNE",Mechanical,Male,Non-IT
4119,Mechanical,Male,258,Non-IT,EMPLOYEE TRAINEE,Patil navnath h.,2017-18,1.8,"DHOOT TRANSMISSION,PUNE",Mechanical,Male,Non-IT
4120,Mechanical,Male,260,Non-IT,EMPLOYEE TRAINEE,Rahl v. Patil,2017-18,1.8,"DHOOT TRANSMISSION,PUNE",Mechanical,Male,Non-IT
4121,Mechanical,Male,262,Non-IT,EMPLOYEE TRAINEE,Sagar d. Jadhav,2017-18,1.8,"DHOOT TRANSMISSION,PUNE",Mechanical,Male,Non-IT
4122,Mechanical,Male,263,Non-IT,EMPLOYEE TRAINEE,Santosh varekar v.,2017-18,1.8,"DHOOT TRANSMISSION,PUNE",Mechanical,Male,Non-IT
4123,Mechanical,Male,264,Non-IT,EMPLOYEE TRAINEE,Siddheshwar s. Narasale,2017-18,1.8,"DHOOT TRANSMISSION,PUNE",Mechanical,Male,Non-IT
4124,Mechanical,Male,266,Non-IT,EMPLOYEE TRAINEE,Vaibhav j patkare,2017-18,1.8,"DHOOT TRANSMISSION,PUNE",Mechanical,Male,Non-IT
4125,Mechanical,Male,268,Non-IT,GAT,Ankush Palve,2017-18,1.8,RIVIGO INDIA,Mechanical,Male,Non-IT
4126,Mechanical,Male,269,Non-IT,GAT,Manish Anil Bondre,2017-18,2.4,TE Connectivity,Mechanical,Male,Non-IT
4127,Mechanical,Male,270,Non-IT,GAT,Onkar mestri,2017-18,3.5,"Vaibhav tech solutions,pune",Mechanical,Male,Non-IT
4128,Mechanical,Male,272,Non-IT,Trainee Engineer,Mahesh tanaji jadhav,2017-18,2.4,"AnExpertise,Pune",Mechanical,Male,Non-IT
4129,Mechanical,Male,273,Non-IT,Trainee Engineer,Jagtap swapnil shivaji,2017-18,2.4,"AnExpertise,Pune",Mechanical,Male,Non-IT
4130,Mechanical,Male,274,Non-IT,Trainee Engineer,Rushikesh s. Charapale,2017-18,2.4,"AnExpertise,Pune",Mechanical,Male,Non-IT
4131,Mechanical,Male,275,Non-IT,Trainee Engineer,Onkar s. Anvekar,2017-18,2.4,"AnExpertise,Pune",Mechanical,Male,Non-IT
4132,Mechanical,Male,276,Non-IT,Trainee Engineer,Shubham j narute,2017-18,2.4,"AnExpertise,Pune",Mechanical,Male,Non-IT
4133,Mechanical,Male,277,Non-IT,Trainee Engineer,Shubham s. Dilwale,2017-18,2.4,"AnExpertise,Pune",Mechanical,Male,Non-IT
4134,Mechanical,Male,278,Non-IT,Trainee Engineer,Suraj bhosale,2017-18,2.4,"AnExpertise,Pune",Mechanical,Male,Non-IT
4135,Mechanical,Male,495,Non-IT,Trainee Engineer,Aniket Patil,2018-19,1.8,Accurate Sales & Services,Mechanical,Male,Non-IT
4136,Mechanical,Male,496,Non-IT,Trainee Engineer,Swapnil Patil,2018-19,1.8,Accurate Sales & Services,Mechanical,Male,Non-IT
4137,Mechanical,Male,497,Non-IT,Trainee Engineer,Sagar salavi,2018-19,1.8,Accurate Sales & Services,Mechanical,Male,Non-IT
4138,Mechanical,Male,498,Non-IT,Trainee Engineer,Chetan Jadhav,2018-19,1.8,Accurate Sales & Services,Mechanical,Male,Non-IT
4139,Mechanical,Male,499,Non-IT,Trainee Engineer,Rajesh Kadam,2018-19,1.8,Accurate Sales & Services,Mechanical,Male,Non-IT
4140,Mechanical,Male,500,Non-IT,Trainee Engineer,Ranjeetsinh Jadhav,2018-19,1.8,Accurate Sales & Services,Mechanical,Male,Non-IT
4141,Mechanical,Male,501,Non-IT,Trainee Engineer,Rohit Joshi,2018-19,1.8,Services,Mechanical,Male,Non-IT
4142,Mechanical,Male,502,Non-IT,Trainee Engineer,Arinjay CHiwate,2018-19,1.8,Services,Mechanical,Male,Non-IT
4143,Mechanical,Male,503,Non-IT,CRM,Rishav Sinha,2018-19,1.88,Amazon India,Mechanical,Male,Non-IT
4144,Mechanical,Male,504,Non-IT,CRM,Kaustubh Shinde,2018-19,1.88,"Anexpertize,Pune",Mechanical,Male,Non-IT
4145,Mechanical,Male,505,Non-IT,CRM,Ketan Holey,2018-19,1.88,"Anexpertize,Pune",Mechanical,Male,Non-IT
4146,Mechanical,Male,506,Non-IT,Trainee Engineer,Ajinkya Patil,2018-19,2.4,"Anexpertize,Pune",Mechanical,Male,Non-IT
4147,Mechanical,Male,507,Non-IT,Trainee Engineer,Raviraj Jadhav,2018-19,2.4,"Dhoot  Transmission,Pune",Mechanical,Male,Non-IT
4148,Mechanical,Male,508,Non-IT,Trainee Engineer,Suyash Joshi,2018-19,2.4,Ghatge Patil Industries,Mechanical,Male,Non-IT
4149,Mechanical,Male,509,Non-IT,Trainee Engineer,Rohit Patil,2018-19,2.4,John Deere,Mechanical,Male,Non-IT
4150,Mechanical,Male,510,Non-IT,Trainee Engineer,Akash Sawant,2018-19,2.4,"Anexpertize,Pune",Mechanical,Male,Non-IT
4151,Mechanical,Male,511,Non-IT,EMPLOYEE TRAINEE,Chetan Jadhav,2018-19,1.8,"Dhoot
Transmission,Pune",Mechanical,Male,Non-IT
4152,Mechanical,Male,513,Non-IT,GET,Shubham B. Jadhav,2018-19,1.8,Ghatge Patil Industries,Mechanical,Male,Non-IT
4153,Mechanical,Male,514,Non-IT,Trainee Engineer,Pratik kanse,2018-19,2.2,John Deere,Mechanical,Male,Non-IT
4154,Mechanical,Male,518,Non-IT,Development,Sanket R. Mane,2018-19,6.2,Pin Click,Mechanical,Male,Non-IT
4155,Mechanical,Male,519,Non-IT,Property Advisor,Dhamane Rushikesh Mohan,2018-19,3,"QSPIDER,PUNE",Mechanical,Male,Non-IT
4156,Mechanical,Male,521,Non-IT,Trainee Engineer,Vaibhav Vikas Sawant,2018-19,3,"QSPIDER,PUNE",Mechanical,Male,Non-IT
4157,Mechanical,Male,522,Non-IT,Trainee Engineer,Pratik Babaso Kanase,2018-19,3,"QSPIDER,PUNE",Mechanical,Male,Non-IT
4158,Mechanical,Male,523,Non-IT,Trainee Engineer,Sourabh Kulkarni,2018-19,3,"QSPIDER,PUNE",Mechanical,Male,Non-IT
4159,Mechanical,Male,524,Non-IT,Software Engineer,Ketan Holey,2018-19,3.5,SLK Group,Mechanical,Male,Non-IT
4160,Mechanical,Male,525,Non-IT,Software Engineer,Satyam Gadekar,2018-19,3.5,SLK Group,Mechanical,Male,Non-IT
4161,Mechanical,Male,526,Non-IT,Field Officer,Aniket Patil,2018-19,2.8,Tafe Tractor Pvt. Ltd,Mechanical,Male,Non-IT
4162,Mechanical,Male,527,Non-IT,Field Officer,Vitthal Sambhaji Shirole,2018-19,2.8,Tafe Tractor Pvt. Ltd,Mechanical,Male,Non-IT
4163,Mechanical,Male,528,Non-IT,GAT,Pratik kanse,2018-19,3.5,TE Connectivity,Mechanical,Male,Non-IT
4164,Mechanical,Male,529,Non-IT,GAT,Kiran Patil,2018-19,3.5,TE Connectivity,Mechanical,Male,Non-IT
4165,Mechanical,Male,530,Non-IT,GAT,Ajay Madane,2018-19,3.5,TE Connectivity,Mechanical,Male,Non-IT
4166,Mechanical,Male,531,Non-IT,GAT,Rishav Sinha,2018-19,3.5,TE Connectivity,Mechanical,Male,Non-IT
4167,Mechanical,Male,532,Non-IT,GAT,Sourabh Vyankatesh kulkarni,2018-19,3.5,"Vaibhav tech solutions,pune",Mechanical,Male,Non-IT
4168,Mechanical,Male,533,Non-IT,GAT,Vaibha Vikas Sawant,2018-19,3.5,"Vaibhav tech solutions,pune",Mechanical,Male,Non-IT
4169,Mechanical,Male,534,Non-IT,GAT,Ranjeetsinh Rajaram Jadhav,2018-19,3.5,"Vaibhav tech solutions,pune",Mechanical,Male,Non-IT
4170,Mechanical,Male,535,Non-IT,GAT,Yash Krishnat Korane,2018-19,3.5,"Vaibhav tech solutions,pune",Mechanical,Male,Non-IT
4171,Mechanical,Male,725,Non-IT,GET,Aniket Patil,2019-20,3.5,Aquapharma PVT. LTD,Mechanical,Male,Non-IT
4172,Mechanical,Male,726,Non-IT,GET,Avinash Lohar,2019-20,1.8,Bhavani Iron Industries,Mechanical,Male,Non-IT
4173,Mechanical,Male,727,Non-IT,GET,Vaibhav Chougule,2019-20,1.8,Bhavani Iron Industries,Mechanical,Male,Non-IT
4174,Mechanical,Male,729,Non-IT,Programmer Analyst Trainee,Salaman Desai,2019-20,4,Cognizant,Mechanical,Male,Non-IT
4175,Mechanical,Male,730,Non-IT,Programmer Analyst Trainee,Vishal Adkurkar,2019-20,4,Cognizant,Mechanical,Male,Non-IT
4176,Mechanical,Male,731,Non-IT,Programmer Analyst Trainee,Ashwin Pawar,2019-20,4,Cognizant,Mechanical,Male,Non-IT
4177,Mechanical,Male,732,Non-IT,Programmer Analyst Trainee,Sourabh Jadhav,2019-20,4,Cognizant,Mechanical,Male,Non-IT
4178,Mechanical,Male,733,Non-IT,Programmer Analyst Trainee,Onkar Sawant-,2019-20,4,Cognizant,Mechanical,Male,Non-IT
4179,Mechanical,Male,734,Non-IT,Programmer Analyst Trainee,Pavan Sankpal,2019-20,4,Cognizant,Mechanical,Male,Non-IT
4180,Mechanical,Male,736,Non-IT,SAP MM Consultant,Shubham nagargoje,2019-20,3,CYH info solutions,Mechanical,Male,Non-IT
4181,Mechanical,Male,737,Non-IT,Associate Engineer,Abhijeet Kalagate,2019-20,1.8,Dexterity Anasatte Management Solutions Pvt. Ltd,Mechanical,Male,Non-IT
4182,Mechanical,Male,738,Non-IT,Associate Engineer,Abhishek Ghatage,2019-20,1.8,Dexterity Anasatte Management Solutions Pvt. Ltd,Mechanical,Male,Non-IT
4183,Mechanical,Male,739,Non-IT,Associate Engineer,adesh jadhav,2019-20,1.8,Dexterity Anasatte Management Solutions Pvt. Ltd,Mechanical,Male,Non-IT
4184,Mechanical,Male,740,Non-IT,Associate Engineer,Adhiraj Jagtap,2019-20,1.8,Dexterity Anasatte Management Solutions Pvt. Ltd,Mechanical,Male,Non-IT
4185,Mechanical,Male,741,Non-IT,Associate Engineer,Akash  Mali,2019-20,1.8,Dexterity Anasatte Management Solutions Pvt. Ltd,Mechanical,Male,Non-IT
4186,Mechanical,Male,742,Non-IT,Associate Engineer,Akshay Sakhare,2019-20,1.8,Dexterity Anasatte Management Solutions Pvt. Ltd,Mechanical,Male,Non-IT
4187,Mechanical,Male,743,Non-IT,Associate Engineer,Amol Chavan,2019-20,1.8,Dexterity Anasatte Management Solutions Pvt. Ltd,Mechanical,Male,Non-IT
4188,Mechanical,Male,744,Non-IT,Associate Engineer,Aniruddh Ghatage,2019-20,1.8,Dexterity Anasatte Management Solutions Pvt. Ltd,Mechanical,Male,Non-IT
4189,Mechanical,Male,745,Non-IT,Associate Engineer,Ashfaque Momin,2019-20,1.8,Dexterity Anasatte Management Solutions Pvt. Ltd,Mechanical,Male,Non-IT
4190,Mechanical,Male,746,Non-IT,Associate Engineer,Ashish Bodake,2019-20,1.8,Dexterity Anasatte Management Solutions Pvt. Ltd,Mechanical,Male,Non-IT
4191,Mechanical,Male,747,Non-IT,Associate Engineer,Ashutosh Mirje,2019-20,1.8,Dexterity Anasatte Management Solutions Pvt. Ltd,Mechanical,Male,Non-IT
4192,Mechanical,Male,748,Non-IT,Associate Engineer,AVIRAJ CHOUGALE,2019-20,1.8,Dexterity Anasatte Management Solutions Pvt. Ltd,Mechanical,Male,Non-IT
4193,Mechanical,Male,749,Non-IT,Associate Engineer,AZIM SUTAR,2019-20,1.8,Dexterity Anasatte Management Solutions Pvt. Ltd,Mechanical,Male,Non-IT
4194,Mechanical,Male,750,Non-IT,Associate Engineer,Bhooshan Jadhav,2019-20,1.8,Dexterity Anasatte Management Solutions Pvt. Ltd,Mechanical,Male,Non-IT
4195,Mechanical,Male,751,Non-IT,Associate Engineer,Charudatt Ghatage,2019-20,1.8,Dexterity Anasatte Management Solutions Pvt. Ltd,Mechanical,Male,Non-IT
4196,Mechanical,Male,752,Non-IT,Associate Engineer,Dhanaji Chavan,2019-20,1.8,Dexterity Anasatte Management Solutions Pvt. Ltd,Mechanical,Male,Non-IT
4197,Mechanical,Male,753,Non-IT,Associate Engineer,Digvijay  Bhosale,2019-20,1.8,Dexterity Anasatte Management Solutions Pvt. Ltd,Mechanical,Male,Non-IT
4198,Mechanical,Male,754,Non-IT,Associate Engineer,DIPAK HUMBE,2019-20,1.8,Dexterity Anasatte Management Solutions Pvt. Ltd,Mechanical,Male,Non-IT
4199,Mechanical,Male,755,Non-IT,Associate Engineer,Shrinath Gaikwad,2019-20,1.8,Dexterity Anasatte Management Solutions Pvt. Ltd,Mechanical,Male,Non-IT
4200,Mechanical,Male,757,Non-IT,Associate Engineer,Ganesh Gajare,2019-20,1.8,Dexterity Anasatte Management Solutions Pvt. Ltd,Mechanical,Male,Non-IT
4201,Mechanical,Male,758,Non-IT,Associate Engineer,Ganesh Gore,2019-20,1.8,Dexterity Anasatte Management Solutions Pvt. Ltd,Mechanical,Male,Non-IT
4202,Mechanical,Male,759,Non-IT,Associate Engineer,Harshvardhan Gharpankar,2019-20,1.8,Dexterity Anasatte Management Solutions Pvt. Ltd,Mechanical,Male,Non-IT
4203,Mechanical,Male,760,Non-IT,Associate Engineer,Suraj Hatkar,2019-20,1.8,Dexterity Anasatte Management Solutions Pvt. Ltd,Mechanical,Male,Non-IT
4204,Mechanical,Male,762,Non-IT,Associate Engineer,Swapnil Karande,2019-20,1.8,Dexterity Anasatte Management Solutions Pvt. Ltd,Mechanical,Male,Non-IT
4205,Mechanical,Male,763,Non-IT,Associate Engineer,Krishna Bajari,2019-20,1.8,Dexterity Anasatte Management Solutions Pvt. Ltd,Mechanical,Male,Non-IT
4206,Mechanical,Male,764,Non-IT,Associate Engineer,Rushikesh  Kumthekar,2019-20,1.8,Dexterity Anasatte Management Solutions Pvt. Ltd,Mechanical,Male,Non-IT
4207,Mechanical,Male,766,Non-IT,Associate Engineer,Mayuresh Nikam,2019-20,1.8,Dexterity Anasatte Management Solutions Pvt. Ltd,Mechanical,Male,Non-IT
4208,Mechanical,Male,767,Non-IT,Associate Engineer,Ramchandra Mulik.,2019-20,1.8,Dexterity Anasatte Management Solutions Pvt. Ltd,Mechanical,Male,Non-IT
4209,Mechanical,Male,768,Non-IT,Associate Engineer,Nikhil Sinnur,2019-20,1.8,Dexterity Anasatte Management Solutions Pvt. Ltd,Mechanical,Male,Non-IT
4210,Mechanical,Male,769,Non-IT,Associate Engineer,Nikhil Date,2019-20,1.8,Dexterity Anasatte Management Solutions Pvt. Ltd,Mechanical,Male,Non-IT
4211,Mechanical,Male,770,Non-IT,Associate Engineer,RAJVARDHAN  POWAR,2019-20,1.8,Dexterity Anasatte Management Solutions Pvt. Ltd,Mechanical,Male,Non-IT
4212,Mechanical,Male,771,Non-IT,Associate Engineer,Niraj Mane,2019-20,1.8,Dexterity Anasatte Management Solutions Pvt. Ltd,Mechanical,Male,Non-IT
4213,Mechanical,Male,772,Non-IT,Associate Engineer,Omkar Patil,2019-20,1.8,Dexterity Anasatte Management Solutions Pvt. Ltd,Mechanical,Male,Non-IT
4214,Mechanical,Male,773,Non-IT,Associate Engineer,Omkar Salokhe,2019-20,1.8,Dexterity Anasatte Management Solutions Pvt. Ltd,Mechanical,Male,Non-IT
4215,Mechanical,Male,774,Non-IT,Associate Engineer,Onkar Sawant,2019-20,1.8,Dexterity Anasatte Management Solutions Pvt. Ltd,Mechanical,Male,Non-IT
4216,Mechanical,Male,775,Non-IT,Associate Engineer,Dinesh Pathade,2019-20,1.8,Dexterity Anasatte Management Solutions Pvt. Ltd,Mechanical,Male,Non-IT
4217,Mechanical,Male,776,Non-IT,Associate Engineer,Omkar Patil,2019-20,1.8,Dexterity Anasatte Management Solutions Pvt. Ltd,Mechanical,Male,Non-IT
4218,Mechanical,Male,777,Non-IT,Associate Engineer,Prathamesh  Patil,2019-20,1.8,Dexterity Anasatte Management Solutions Pvt. Ltd,Mechanical,Male,Non-IT
4219,Mechanical,Male,778,Non-IT,Associate Engineer,Pradip Fasake,2019-20,1.8,Dexterity Anasatte Management Solutions Pvt. Ltd,Mechanical,Male,Non-IT
4220,Mechanical,Male,779,Non-IT,Associate Engineer,Prafulla  Bhanage,2019-20,1.8,Dexterity Anasatte Management Solutions Pvt. Ltd,Mechanical,Male,Non-IT
4221,Mechanical,Male,780,Non-IT,Associate Engineer,Pravin Pawar,2019-20,1.8,Dexterity Anasatte Management Solutions Pvt. Ltd,Mechanical,Male,Non-IT
4222,Mechanical,Male,781,Non-IT,Associate Engineer,Pavan Sankpal,2019-20,1.8,Dexterity Anasatte Management Solutions Pvt. Ltd,Mechanical,Male,Non-IT
4223,Mechanical,Male,782,Non-IT,Associate Engineer,Rohit Kumbhar,2019-20,1.8,Dexterity Anasatte Management Solutions Pvt. Ltd,Mechanical,Male,Non-IT
4224,Mechanical,Male,783,Non-IT,Associate Engineer,Rohan  Patil,2019-20,1.8,Dexterity Anasatte Management Solutions Pvt. Ltd,Mechanical,Male,Non-IT
4225,Mechanical,Male,784,Non-IT,Associate Engineer,Rohit Shelake,2019-20,1.8,Dexterity Anasatte Management Solutions Pvt. Ltd,Mechanical,Male,Non-IT
4226,Mechanical,Male,785,Non-IT,Associate Engineer,Rushikesh Bodake,2019-20,1.8,Dexterity Anasatte Management Solutions Pvt. Ltd,Mechanical,Male,Non-IT
4227,Mechanical,Male,786,Non-IT,Associate Engineer,Sadanand Shendolkar,2019-20,1.8,Dexterity Anasatte Management Solutions Pvt. Ltd,Mechanical,Male,Non-IT
4228,Mechanical,Male,787,Non-IT,Associate Engineer,Sahil Patil,2019-20,1.8,Dexterity Anasatte Management Solutions Pvt. Ltd,Mechanical,Male,Non-IT
4229,Mechanical,Male,788,Non-IT,Associate Engineer,Sandesh Birambole,2019-20,1.8,Dexterity Anasatte Management Solutions Pvt. Ltd,Mechanical,Male,Non-IT
4230,Mechanical,Male,789,Non-IT,Associate Engineer,Saurabh Bhalekar,2019-20,1.8,Dexterity Anasatte Management Solutions Pvt. Ltd,Mechanical,Male,Non-IT
4231,Mechanical,Male,790,Non-IT,Associate Engineer,Shirish Chougule,2019-20,1.8,Dexterity Anasatte Management Solutions Pvt. Ltd,Mechanical,Male,Non-IT
4232,Mechanical,Male,792,Non-IT,Associate Engineer,Shridhar Kerure,2019-20,1.8,Dexterity Anasatte Management Solutions Pvt. Ltd,Mechanical,Male,Non-IT
4233,Mechanical,Male,793,Non-IT,Associate Engineer,Shubham Nakate,2019-20,1.8,Dexterity Anasatte Management Solutions Pvt. Ltd,Mechanical,Male,Non-IT
4234,Mechanical,Male,794,Non-IT,Associate Engineer,Siddhesh Chougule,2019-20,1.8,Dexterity Anasatte Management Solutions Pvt. Ltd,Mechanical,Male,Non-IT
4235,Mechanical,Male,795,Non-IT,Associate Engineer,Sourabh Jadhav,2019-20,1.8,Dexterity Anasatte Management Solutions Pvt. Ltd,Mechanical,Male,Non-IT
4236,Mechanical,Male,796,Non-IT,Associate Engineer,Shubham Powar,2019-20,1.8,Dexterity Anasatte Management Solutions Pvt. Ltd,Mechanical,Male,Non-IT
4237,Mechanical,Male,798,Non-IT,Associate Engineer,Sumit Patil,2019-20,1.8,Dexterity Anasatte Management Solutions Pvt. Ltd,Mechanical,Male,Non-IT
4238,Mechanical,Male,799,Non-IT,Associate Engineer,Sunny Ingawale,2019-20,1.8,Dexterity Anasatte Management Solutions Pvt. Ltd,Mechanical,Male,Non-IT
4239,Mechanical,Male,800,Non-IT,Associate Engineer,Swapnil Gurav,2019-20,1.8,Dexterity Anasatte Management Solutions Pvt. Ltd,Mechanical,Male,Non-IT
4240,Mechanical,Male,801,Non-IT,Associate Engineer,Tayyab  Mujawar,2019-20,1.8,Dexterity Anasatte Management Solutions Pvt. Ltd,Mechanical,Male,Non-IT
4241,Mechanical,Male,802,Non-IT,Associate Engineer,Umair Waikar,2019-20,1.8,Dexterity Anasatte Management Solutions Pvt. Ltd,Mechanical,Male,Non-IT
4242,Mechanical,Male,803,Non-IT,Associate Engineer,DARSHAN VARNE,2019-20,1.8,Dexterity Anasatte Management Solutions Pvt. Ltd,Mechanical,Male,Non-IT
4243,Mechanical,Male,804,Non-IT,Associate Engineer,Vaibhav Chougale,2019-20,1.8,Dexterity Anasatte Management Solutions Pvt. Ltd,Mechanical,Male,Non-IT
4244,Mechanical,Male,805,Non-IT,Associate Engineer,Vyankatesh Mudpe,2019-20,1.8,Dexterity Anasatte Management Solutions Pvt. Ltd,Mechanical,Male,Non-IT
4245,Mechanical,Male,806,Non-IT,Associate Engineer,Gajanan Yallurkar,2019-20,1.8,Dexterity Anasatte Management Solutions Pvt. Ltd,Mechanical,Male,Non-IT
4246,Mechanical,Male,807,Non-IT,Associate Engineer,Aditya Vankudre,2019-20,1.8,Dexterity Anasatte Management Solutions Pvt. Ltd,Mechanical,Male,Non-IT
4247,Mechanical,Male,808,Non-IT,Associate Engineer,Siddhesh Jadhav,2019-20,1.8,Dexterity Anasatte Management Solutions Pvt. Ltd,Mechanical,Male,Non-IT
4248,Mechanical,Male,809,Non-IT,Associate Engineer,Aditya Mahajan,2019-20,1.8,Dexterity Anasatte Management Solutions Pvt. Ltd,Mechanical,Male,Non-IT
4249,Mechanical,Male,811,Non-IT,Associate Engineer,DIPAK HUMBE,2019-20,1.8,Dexterity Anasatte Management Solutions Pvt. Ltd,Mechanical,Male,Non-IT
4250,Mechanical,Male,812,Non-IT,Associate Engineer,Rangnath Harkal,2019-20,1.8,Dexterity Anasatte Management Solutions Pvt. Ltd,Mechanical,Male,Non-IT
4251,Mechanical,Male,813,Non-IT,Associate Engineer,Sarvesh Lokhande,2019-20,1.8,Dexterity Anasatte Management Solutions Pvt. Ltd,Mechanical,Male,Non-IT
4252,Mechanical,Male,814,Non-IT,Associate Engineer,Shirish Chougule,2019-20,1.8,Dexterity Anasatte Management Solutions Pvt. Ltd,Mechanical,Male,Non-IT
4253,Mechanical,Male,816,Non-IT,Associate Engineer,Rohan Patil,2019-20,1.8,Dexterity Anasatte Management Solutions Pvt. Ltd,Mechanical,Male,Non-IT
4254,Mechanical,Male,817,Non-IT,Associate Engineer,Mahesh  Vanjari,2019-20,1.8,Dexterity Anasatte Management Solutions Pvt. Ltd,Mechanical,Male,Non-IT
4255,Mechanical,Male,818,Non-IT,Associate Engineer,Pavan Sankpal,2019-20,1.8,Dexterity Anasatte Management Solutions Pvt. Ltd,Mechanical,Male,Non-IT
4256,Mechanical,Male,819,Non-IT,Associate Engineer,Shrikant  Kamble,2019-20,1.8,Dexterity Anasatte Management Solutions Pvt. Ltd,Mechanical,Male,Non-IT
4257,Mechanical,Male,820,Non-IT,Associate Engineer,Onkar Sawant,2019-20,1.8,Dexterity Anasatte Management Solutions Pvt. Ltd,Mechanical,Male,Non-IT
4258,Mechanical,Male,821,Non-IT,Software developer trainee,Ramchandra Mulik,2019-20,1.8,DX info system,Mechanical,Male,Non-IT
4259,Mechanical,Male,822,Non-IT,Software developer trainee,Nikhil Surtekar,2019-20,1.8,DX info system,Mechanical,Male,Non-IT
4260,Mechanical,Male,823,Non-IT,Trainee Engineer,Omkar Patil,2019-20,13.68,"Executive ship management,singapore",Mechanical,Male,Non-IT
4261,Mechanical,Male,824,Non-IT,Trainee Engineer,Sadanand Shendolkar,2019-20,1.8,Ghatge Patil,Mechanical,Male,Non-IT
4262,Mechanical,Male,825,Non-IT,Trainee Engineer,Krishna Bajari,2019-20,1.8,Ghatge Patil,Mechanical,Male,Non-IT
4263,Mechanical,Male,826,Non-IT,Trainee Engineer,Shubham Powar,2019-20,1.8,Ghatge Patil,Mechanical,Male,Non-IT
4264,Mechanical,Male,828,Non-IT,Trainee Engineer,Suraj Hatkar,2019-20,1.8,Ghatge Patil,Mechanical,Male,Non-IT
4265,Mechanical,Male,829,Non-IT,Trainee Engineer,Amol Chavan,2019-20,1.8,Ghatge Patil,Mechanical,Male,Non-IT
4266,Mechanical,Male,830,Non-IT,Trainee Engineer,Siddharth Mangaonkar,2019-20,1.8,Ghatge Patil,Mechanical,Male,Non-IT
4267,Mechanical,Male,831,Non-IT,Trainee Engineer,Sarvesh Lokhande,2019-20,1.8,Ghatge Patil,Mechanical,Male,Non-IT
4268,Mechanical,Male,832,Non-IT,Trainee Engineer,Siddhesh Jadhav,2019-20,1.8,Ghatge Patil,Mechanical,Male,Non-IT
4269,Mechanical,Male,835,Non-IT,Front end developer,Swapnil Shelar,2019-20,4,GreyAtom,Mechanical,Male,Non-IT
4270,Mechanical,Male,836,Non-IT,Lft. Officer,Prathmesh Patil,2019-20,18,Indian Navy,Mechanical,Male,Non-IT
4271,Mechanical,Male,837,Non-IT,System Engineer,Rushikesh Patil,2019-20,3.5,Infosys,Mechanical,Male,Non-IT
4272,Mechanical,Male,838,Non-IT,System Engineer,Shreyas Hambirrao Valake,2019-20,3.5,Infosys,Mechanical,Male,Non-IT
4273,Mechanical,Male,839,Non-IT,System Engineer,Shubham Kadam,2019-20,3.5,Infosys,Mechanical,Male,Non-IT
4274,Mechanical,Male,840,Non-IT,Trainee Engineer,AZIM SUTAR,2019-20,1.8,Shreyas Industries ,Mechanical,Male,Non-IT
4275,Mechanical,Male,841,Non-IT,Trainee Engineer,MAYURESH KHATAVKAR,2019-20,1.8,Shreyas Industries ,Mechanical,Male,Non-IT
4276,Mechanical,Male,842,Non-IT,Software Developer,Saurabh Kale,2019-20,3.5,SLK Benglore,Mechanical,Male,Non-IT
4277,Mechanical,Male,843,Non-IT,Asst.System Engineer,Suraj Hatkar,2019-20,3.36,Tata Consultancy Services,Mechanical,Male,Non-IT
4278,Mechanical,Male,844,Non-IT,Trainee Engineer,Shubham Powar,2019-20,1.6,TRIPLAN,Mechanical,Male,Non-IT
4279,Mechanical,Male,871,IT,Assisatnt system Engineer-Trainee,Ajinkya Patil,2020-21,3.36,Tata Consultancy Services,Mechanical,Male,IT
4280,Mechanical,Male,872,IT,Assisatnt system Engineer-Trainee,Anirudha Shinde,2020-21,3.36,Tata Consultancy Services,Mechanical,Male,IT
4281,Mechanical,Male,873,IT,Assisatnt system Engineer-Trainee,Pruthviraj Khot,2020-21,3.36,Tata Consultancy Services,Mechanical,Male,IT
4282,Mechanical,Male,874,IT,Assisatnt system Engineer-Trainee,Ritik Suryavanshi,2020-21,3.36,Tata Consultancy Services,Mechanical,Male,IT
4283,Mechanical,Male,875,Non-IT,Business Development Trainee,Anirudha Shinde,2020-21,6.5,BYJU,Mechanical,Male,Non-IT
4284,Mechanical,Male,876,Non-IT,Intern,Shriram Anandrao Naik,2020-21,1.2,BLUeSINGA,Mechanical,Male,Non-IT
4285,Mechanical,Male,877,Non-IT,Property Developer,Dhiryasheel Vikas Patil,2020-21,4.6,Pinclick,Mechanical,Male,Non-IT
4286,Mechanical,Male,878,Non-IT,Property Developer,Ashutosh Tanaji Desai,2020-21,4.6,Pinclick,Mechanical,Male,Non-IT
4287,Mechanical,Male,879,Non-IT,Property Developer,Sardul Sachin Sharma,2020-21,4.6,Pinclick,Mechanical,Male,Non-IT
4288,Mechanical,Male,880,Non-IT,Property Developer,Shriram Anandrao Naik,2020-21,4.6,Pinclick,Mechanical,Male,Non-IT
4289,Mechanical,Male,881,Non-IT,Property Developer,Swaroop Vinayak Pawshe,2020-21,4.6,Pinclick,Mechanical,Male,Non-IT
4290,Mechanical,Male,882,Non-IT,Subject Matter Expert,Omkar Yadav,2020-21,3,Chegg India,Mechanical,Male,Non-IT
4291,Mechanical,Male,883,Non-IT,Subject Matter Expert,Shardul Sachin Sharma,2020-21,3,Chegg India,Mechanical,Male,Non-IT
4292,Mechanical,Male,884,Non-IT,Subject Matter Expert,Rushikesh Kumbhar,2020-21,3,Chegg India,Mechanical,Male,Non-IT
4293,Mechanical,Male,885,Non-IT,Subject Matter Expert,Ranjit Oval,2020-21,3,Chegg India,Mechanical,Male,Non-IT
4294,Mechanical,Male,886,Non-IT,Subject Matter Expert,Mithilesh Chimate,2020-21,3,Chegg India,Mechanical,Male,Non-IT
4295,Mechanical,Male,887,Non-IT,Subject Matter Expert,Sujay Sanjay  jadhav,2020-21,3,Chegg India,Mechanical,Male,Non-IT
4296,Mechanical,Male,888,Non-IT,Subject Matter Expert,Shubham Sisal,2020-21,3,Chegg India,Mechanical,Male,Non-IT
4297,Mechanical,Male,889,Non-IT,Subject Matter Expert,Popat More,2020-21,3,Chegg India,Mechanical,Male,Non-IT
4298,Mechanical,Male,890,Non-IT,Subject Matter Expert,Piyush Mahadik,2020-21,3,Chegg India,Mechanical,Male,Non-IT
4299,Mechanical,Male,892,Non-IT,Subject Matter Expert,Ashish Nikam,2020-21,3,Chegg India,Mechanical,Male,Non-IT
4300,Mechanical,Male,893,Non-IT,Subject Matter Expert,Narayan Hanamat Dhas,2020-21,3,Chegg India,Mechanical,Male,Non-IT
4301,Mechanical,Male,894,Non-IT,Subject Matter Expert,Vaibhav Patil,2020-21,3,Chegg India,Mechanical,Male,Non-IT
4302,Mechanical,Male,895,IT,Development manager,Narayan Hanamat Dhas,2020-21,3.5,Doubtnut,Mechanical,Male,IT
4303,Mechanical,Male,896,IT,Development manager,Shubham Basavraj Patil,2020-21,3.5,Doubtnut,Mechanical,Male,IT
4304,Mechanical,Male,897,IT,Academic Counsellor,Pratik Arvind Pathak,2020-21,4.5,Vedantu,Mechanical,Male,IT
4305,Mechanical,Male,898,Non-IT,GET,Sujay Sanjay  jadhav,2020-21,3.5,Diageo,Mechanical,Male,Non-IT
4306,Mechanical,Male,899,Non-IT,GET,Ashutosh Mirje,2020-21,3.5,Reliance Retail,Mechanical,Male,Non-IT
4307,Mechanical,Male,900,Non-IT,GET, Digvijay Gujar,2020-21,3.5,Reliance Retail,Mechanical,Male,Non-IT
4308,Mechanical,Male,901,Non-IT,GET, Mayur Patil,2020-21,3.5,Reliance Retail,Mechanical,Male,Non-IT
4309,Mechanical,Male,902,Non-IT,GET, Mithilesh Chimate,2020-21,3.5,Reliance Retail,Mechanical,Male,Non-IT
4310,Mechanical,Male,903,Non-IT,GET, Omkar Patil,2020-21,3.5,Reliance Retail,Mechanical,Male,Non-IT
4311,Mechanical,Male,904,Non-IT,GET, Pramod Raut,2020-21,3.5,Reliance Retail,Mechanical,Male,Non-IT
4312,Mechanical,Male,905,Non-IT,GET, Pratik Pathak,2020-21,3.5,Reliance Retail,Mechanical,Male,Non-IT
4313,Mechanical,Male,906,Non-IT,GET, Devdatta Bhosale,2020-21,3.5,Reliance Retail,Mechanical,Male,Non-IT
4314,Mechanical,Male,907,Non-IT,GET, Omkar Khedkar,2020-21,3.5,Reliance Retail,Mechanical,Male,Non-IT
4315,Mechanical,Male,908,Non-IT,GET, Sandipan Shelke,2020-21,3.5,Reliance Retail,Mechanical,Male,Non-IT
4316,Mechanical,Male,909,Non-IT,GET, Sanket Khadre,2020-21,3.5,Reliance Retail,Mechanical,Male,Non-IT
4317,Mechanical,Male,910,Non-IT,GET, Shubham Patil,2020-21,3.5,Reliance Retail,Mechanical,Male,Non-IT
4318,Mechanical,Male,911,Non-IT,GET, Shubham Singh,2020-21,3.5,Reliance Retail,Mechanical,Male,Non-IT
4319,Mechanical,Male,912,Non-IT,GET, Sujay Jadhav,2020-21,3.5,Reliance Retail,Mechanical,Male,Non-IT
4320,Mechanical,Male,913,Non-IT,GET, Swaroop Pawase,2020-21,3.5,Reliance Retail,Mechanical,Male,Non-IT
4321,Mechanical,Male,914,Non-IT,GET, Yashdeep Renuse,2020-21,3.5,Reliance Retail,Mechanical,Male,Non-IT
4322,Mechanical,Male,915,Non-IT,GET, Shubham Patil,2020-21,3.5,Reliance Retail,Mechanical,Male,Non-IT
4323,Mechanical,Male,916,Non-IT,GET,Omkar Yadav,2020-21,3.5,Reliance Retail,Mechanical,Male,Non-IT
4324,Mechanical,Male,917,Non-IT,GET, Ruturaj Khot,2020-21,3.5,Reliance Retail,Mechanical,Male,Non-IT
4325,Mechanical,Male,918,Non-IT,GET, Suraj Gundale,2020-21,3.5,Reliance Retail,Mechanical,Male,Non-IT
4326,Mechanical,Male,919,Non-IT,GET, Arjun Pawar,2020-21,3.5,Reliance Retail,Mechanical,Male,Non-IT
4327,Mechanical,Male,920,Non-IT,GET, Nikhil Patil,2020-21,3.5,Reliance Retail,Mechanical,Male,Non-IT
4328,Mechanical,Male,921,Non-IT,GET, Prathamesh Joshi,2020-21,3.5,Reliance Retail,Mechanical,Male,Non-IT
4329,Mechanical,Male,922,Non-IT,GET, Rahul Muttanvar,2020-21,3.5,Reliance Retail,Mechanical,Male,Non-IT
4330,Mechanical,Male,923,IT,Automation Engineer,Arjun sunil pawar,2020-21,2.8,Quality Kiosk,Mechanical,Male,IT
4331,Mechanical,Male,924,Non-IT,Business Development Manager,Vishvesh Vivek  Khaladkar,2020-21,5,Inmovidu Tech,Mechanical,Male,Non-IT
4332,Mechanical,Male,925,Non-IT,Business Development Manager,Nitin Bhagatsingh Naik,2020-21,5,Inmovidu Tech,Mechanical,Male,Non-IT
4333,Mechanical,Male,926,Non-IT,Business Development Manager, Omkar Balaso Yadav,2020-21,5,Inmovidu Tech,Mechanical,Male,Non-IT
4334,Mechanical,Male,927,Non-IT,Business Development Manager, Piyush Tanaji Mahadik,2020-21,5,Inmovidu Tech,Mechanical,Male,Non-IT
4335,Mechanical,Male,929,Non-IT,Business Development Manager, Prashant Ghanshyam Bhosale,2020-21,5,Inmovidu Tech,Mechanical,Male,Non-IT
4336,Mechanical,Male,930,Non-IT,Business Development Manager, Rohit Bharat Yalmar,2020-21,5,Inmovidu Tech,Mechanical,Male,Non-IT
4337,Mechanical,Male,931,Non-IT,Business Development Manager, Ruturaj Pratap Khot,2020-21,5,Inmovidu Tech,Mechanical,Male,Non-IT
4338,Mechanical,Male,932,Non-IT,Business Development Manager,Sagar mahaveer Chougule,2020-21,5,Inmovidu Tech,Mechanical,Male,Non-IT
4339,Mechanical,Male,933,Non-IT,Business Development Manager, Sufiyan Shamshuddin Momin,2020-21,5,Inmovidu Tech,Mechanical,Male,Non-IT
4340,Mechanical,Male,934,IT,Game Tester,Shardul Sachin Sharma,2020-21,2.62,Ubisoft,Mechanical,Male,IT
4341,Mechanical,Male,935,Non-IT,GET,Omkar Yadav,2020-21,3,RDC Concrete,Mechanical,Male,Non-IT
4342,Mechanical,Male,936,IT,Software Engineer,Ashik Chavan,2020-21,3.5,Qspider,Mechanical,Male,IT
4343,Mechanical,Male,937,IT,Software Engineer,Sujay Sanjay  jadhav,2020-21,3.5,Qspider,Mechanical,Male,IT
4344,Mechanical,Male,938,Non-IT,GET,Rahul Parit,2020-21,1.8,Dharati Industries,Mechanical,Male,Non-IT
4345,Mechanical,Male,939,IT,GenC-Developer,Swaroop Vinayak Pawshe,2020-21,4.5,Cognizant,Mechanical,Male,IT
4346,Mechanical,Male,940,IT,GenC-Developer,Krushnal Renake,2020-21,4.5,Cognizant,Mechanical,Male,IT
4347,Mechanical,Male,942,IT,System Engineer,Aashish Yadav,2020-21,3.6,Infosys,Mechanical,Male,IT
4348,Mechanical,Male,943,IT,System Engineer,Dhairysheel Patil,2020-21,3.6,Infosys,Mechanical,Male,IT
4349,Mechanical,Male,944,IT,System Engineer,Vijay Ambekar,2020-21,3.6,Infosys,Mechanical,Male,IT
4350,Mechanical,Male,945,IT,Software Developer,Dhairysheel Patil,2020-21,4.5,Accenture,Mechanical,Male,IT
4351,Mechanical,Male,946,Non-IT,GET,Varad Vidyadhar Joshi,2020-21,3.5,API Technical Services Private Limited,Mechanical,Male,Non-IT
4352,Mechanical,Male,947,IT,GET,Aditya Kulkarni,2020-21,3.5,Neilsoft,Mechanical,Male,IT
4353,Mechanical,Male,948,IT,System Analyst,Vijay Ambekar,2020-21,3.8,CAPGEMINI,Mechanical,Male,IT
4354,Mechanical,Male,949,Non-IT,Technical Sales Engineer,Digambar Sanjay Powar,2020-21,3.5,Pure EV,Mechanical,Male,Non-IT
4355,Mechanical,Male,950,IT,System Engineer,Sourabh Patil,2020-21,3.36,Tata Consultancy Services,Mechanical,Male,IT
4356,Mechanical,Male,951,Non-IT,BDE,Vikas Rupchan Rathod,2020-21,3,ToolKart,Mechanical,Male,Non-IT
4357,Mechanical,Male,952,IT,System Analyst,Aashutosh Desai,2020-21,3.8,CAPGEMINI,Mechanical,Male,IT
4358,Mechanical,Male,953,Non-IT,Jr.Engineer,Aashish NIkam,2020-21,4.4,Hero Cars,Mechanical,Male,Non-IT
4359,Mechanical,Male,955,IT,System Engineer,Vishvesh Vivek  Khaladkar,2020-21,3.36,Tata Consultancy Services,Mechanical,Male,IT
4360,Mechanical,Male,1295,IT,Associate Professional,Atharv Ajay Chavan,2021-22,4,DXC Technology,Mechanical,Male,IT
4361,Mechanical,Male,1296,IT,Associate Professional,AVINASH VISHNU CHAVAN,2021-22,4,DXC Technology,Mechanical,Male,IT
4362,Mechanical,Male,1297,IT,Associate Professional,Avishkar Tanaji Patil,2021-22,4,DXC Technology,Mechanical,Male,IT
4363,Mechanical,Male,1298,IT,Associate Professional,Chaitanya Chandrakant Jagdale,2021-22,4,DXC Technology,Mechanical,Male,IT
4364,Mechanical,Male,1299,IT,Associate Professional,Deepak Dattatray Agalave,2021-22,4,DXC Technology,Mechanical,Male,IT
4365,Mechanical,Male,1300,IT,Associate Professional,Dikshant Ranjit Etawadekar,2021-22,4,DXC Technology,Mechanical,Male,IT
4366,Mechanical,Male,1301,IT,Associate Professional,Rutuj Chandrakant Satpute,2021-22,4,DXC Technology,Mechanical,Male,IT
4367,Mechanical,Male,1302,IT,Associate Professional,Sachin Savleram Mante,2021-22,4,DXC Technology,Mechanical,Male,IT
4368,Mechanical,Male,1304,IT,Associate Professional,Sairaj Bharat Patil,2021-22,4,DXC Technology,Mechanical,Male,IT
4369,Mechanical,Male,1305,IT,Associate Professional,Sanket Sanjay Powar,2021-22,4,DXC Technology,Mechanical,Male,IT
4370,Mechanical,Male,1306,IT,Associate Professional,Sanket Shivaji Shinde,2021-22,4,DXC Technology,Mechanical,Male,IT
4371,Mechanical,Male,1307,IT,Associate Professional,Shivam Manohar Hajare,2021-22,4,DXC Technology,Mechanical,Male,IT
4372,Mechanical,Male,1308,IT,Associate Professional,Shivam Sanmukh Dhere,2021-22,4,DXC Technology,Mechanical,Male,IT
4373,Mechanical,Male,1309,IT,Associate Professional,Vaibhav SANGRAM bhosale,2021-22,4,DXC Technology,Mechanical,Male,IT
4374,Mechanical,Male,1320,IT,Intern + PPO,Onkar kulkarni,2021-22,4,Evosys,Mechanical,Male,IT
4375,Mechanical,Male,1361,IT,Assistant System Engineer-Trainee,Harsh harish upadhyay,2021-22,3.36,Tata Consultancy Services,Mechanical,Male,IT
4376,Mechanical,Male,1363,IT,Assistant System Engineer-Trainee,Onkar Ashok Kulkarni,2021-22,3.36,Tata Consultancy Services,Mechanical,Male,IT
4377,Mechanical,Male,1364,IT,Assistant System Engineer-Trainee,Nitin Vijayrao Titvekar,2021-22,3.36,Tata Consultancy Services,Mechanical,Male,IT
4378,Mechanical,Male,1365,IT,Assistant System Engineer-Trainee,Shreyas Krishnat Lad,2021-22,3.36,Tata Consultancy Services,Mechanical,Male,IT
4379,Mechanical,Male,1367,IT,Assistant System Engineer-Trainee,Shubham bajarang Dalvi,2021-22,3.36,Tata Consultancy Services,Mechanical,Male,IT
4380,Mechanical,Male,1395,IT,System Engineer,SHREYASH Madhukar MALI,2021-22,7.5,Tata Consultancy Services,Mechanical,Male,IT
4381,Mechanical,Male,1462,Non-IT,Community Influncer,Shivam Dhere,2021-22,3,MentorBoxx,Mechanical,Male,Non-IT
4382,Mechanical,Male,1463,Non-IT,Community Influncer,Rohan Vasudev,2021-22,3,MentorBoxx,Mechanical,Male,Non-IT
4383,Mechanical,Male,1464,Non-IT,Community Influncer,Swapnil Gore,2021-22,3,MentorBoxx,Mechanical,Male,Non-IT
4384,Mechanical,Male,1465,Non-IT,Community Influncer,Junaid Dastagir Nadaf,2021-22,3,MentorBoxx,Mechanical,Male,Non-IT
4385,Mechanical,Male,1466,Non-IT,Community Influncer,Prathamesh Malhari Padman,2021-22,3,MentorBoxx,Mechanical,Male,Non-IT
4386,Mechanical,Male,1467,Non-IT,Community Influncer, Gautam Sanjay Chavan,2021-22,3,MentorBoxx,Mechanical,Male,Non-IT
4387,Mechanical,Male,1468,Non-IT,Community Influncer,Ankush Panare,2021-22,3,MentorBoxx,Mechanical,Male,Non-IT
4388,Mechanical,Male,1469,Non-IT,Community Influncer,Anikesh kerba Kamble,2021-22,3,MentorBoxx,Mechanical,Male,Non-IT
4389,Mechanical,Male,1471,Non-IT,Community Influncer,Tosim Mehabub Mujawar,2021-22,3,MentorBoxx,Mechanical,Male,Non-IT
4390,Mechanical,Male,1472,Non-IT,Community Influncer,Omkar Dhananjay Raut,2021-22,3,MentorBoxx,Mechanical,Male,Non-IT
4391,Mechanical,Male,1473,Non-IT,Community Influncer,Vishwajeet Vijay Patil,2021-22,3,MentorBoxx,Mechanical,Male,Non-IT
4392,Mechanical,Male,1499,IT,Project Engineer,Abhay Babasaheb Randive,2021-22,3.5,Wipro,Mechanical,Male,IT
4393,Mechanical,Male,1500,IT,Project Engineer,Akshay Arvind Patil,2021-22,3.5,Wipro,Mechanical,Male,IT
4394,Mechanical,Male,1501,IT,Project Engineer,Nitin Vijayrao Titvekar,2021-22,3.5,Wipro,Mechanical,Male,IT
4395,Mechanical,Male,1502,IT,Project Engineer,Omkar Arun Ulape,2021-22,3.5,Wipro,Mechanical,Male,IT
4396,Mechanical,Male,1503,IT,Project Engineer,Rahul Mahadev Narake,2021-22,3.5,Wipro,Mechanical,Male,IT
4397,Mechanical,Male,1504,IT,Project Engineer,Shivam Manohar Hajare,2021-22,3.5,Wipro,Mechanical,Male,IT
4398,Mechanical,Male,1505,IT,Project Engineer,Shreyas Krishnat Lad,2021-22,3.5,Wipro,Mechanical,Male,IT
4399,Mechanical,Male,1507,IT,Project Engineer,Pranav Pramod Sarwade,2021-22,3.5,Wipro,Mechanical,Male,IT
4400,Mechanical,Male,1508,IT,Project Engineer,Onkar Ashok Kulkarni,2021-22,3.5,Wipro,Mechanical,Male,IT
4401,Mechanical,Male,1536,IT,Trainee Engineer,Tejas Uttam Mohite,2021-22,3.8,Qspider,Mechanical,Male,IT
4402,Mechanical,Male,1537,IT,Trainee Engineer,Sandesh Sandip Ajamane,2021-22,3.8,Qspider,Mechanical,Male,IT
4403,Mechanical,Male,1538,IT,Trainee Engineer,Sourabh sudhir kanase,2021-22,3.8,Qspider,Mechanical,Male,IT
4404,Mechanical,Male,1539,IT,Trainee Engineer,Prathamesh Malhari Padman,2021-22,3.8,Qspider,Mechanical,Male,IT
4405,Mechanical,Male,1540,IT,Trainee Engineer,Yashodeep Rahul Daiv,2021-22,3.8,Qspider,Mechanical,Male,IT
4406,Mechanical,Male,1541,IT,Trainee Engineer,Junaid Nadaf,2021-22,3.8,Qspider,Mechanical,Male,IT
4407,Mechanical,Male,1542,IT,Trainee Engineer,Swapnil Vasant Gore,2021-22,3.8,Qspider,Mechanical,Male,IT
4408,Mechanical,Male,1556,Non-IT,Trainee Engineer,AVINASH VISHNU CHAVAN,2021-22,6.5,Anglo-Eastern Ship Management,Mechanical,Male,Non-IT
4409,Mechanical,Male,1591,Non-IT,GET, Akash Ashok Jadhav,2021-22,3.5,Reliance Retail,Mechanical,Male,Non-IT
4410,Mechanical,Male,1592,Non-IT,GET,Kiran Bhimrao Kamble,2021-22,3.5,Reliance Retail,Mechanical,Male,Non-IT
4411,Mechanical,Male,1593,Non-IT,GET,Rahul Mahadev Narake,2021-22,3.5,Reliance Retail,Mechanical,Male,Non-IT
4412,Mechanical,Male,1594,Non-IT,GET,Rohan Sunil Vasudev,2021-22,3.5,Reliance Retail,Mechanical,Male,Non-IT
4413,Mechanical,Male,1596,Non-IT,GET,Shantanu Udaychand Patole,2021-22,3.5,Reliance Retail,Mechanical,Male,Non-IT
4414,Mechanical,Male,1598,Non-IT,GET,Tejas Uttam Mohite,2021-22,3.5,Reliance Retail,Mechanical,Male,Non-IT
4415,Mechanical,Male,1599,Non-IT,GET,Tushar Ajit Patole,2021-22,3.5,Reliance Retail,Mechanical,Male,Non-IT
4416,Mechanical,Male,1643,IT,GenC - Select,Nitin Vijayrao Titvekar,2021-22,4,Cognizant,Mechanical,Male,IT
4417,Mechanical,Male,1644,IT,GenC - Select,Abhay Babasaheb Randive,2021-22,4,Cognizant,Mechanical,Male,IT
4418,Mechanical,Male,1645,IT,GenC - Select,Chaitanya Chandrakant Jagdale,2021-22,4,Cognizant,Mechanical,Male,IT
4419,Mechanical,Male,1646,IT,GenC - Select,Shivam Manohar Hajare,2021-22,4,Cognizant,Mechanical,Male,IT
4420,Mechanical,Male,1647,IT,GenC - Select,Shubham Atul Tapkire,2021-22,4,Cognizant,Mechanical,Male,IT
4421,Mechanical,Male,1648,IT,GenC - Select,Hritvij Ramesh Gaikwad,2021-22,4,Cognizant,Mechanical,Male,IT
4422,Mechanical,Male,1649,IT,GenC - Select,Adish Ashish Mandavkar,2021-22,4,Cognizant,Mechanical,Male,IT
4423,Mechanical,Male,1650,IT,GenC - Select,Manav Uday Patil,2021-22,4,Cognizant,Mechanical,Male,IT
4424,Mechanical,Male,1651,IT,GenC - Select,shivam shrikant shinde,2021-22,4,Cognizant,Mechanical,Male,IT
4425,Mechanical,Male,1653,IT,GenC - Select,Sourabh sudhir kanase,2021-22,4,Cognizant,Mechanical,Male,IT
4426,Mechanical,Male,1654,IT,GenC - Select,Akash Ashok Jadhav,2021-22,4,Cognizant,Mechanical,Male,IT
4427,Mechanical,Male,1655,IT,GenC - Select,Purvesh Shrikant Peche,2021-22,4,Cognizant,Mechanical,Male,IT
4428,Mechanical,Male,1656,IT,GenC - Select,Hemant Dileep Jadhav,2021-22,4,Cognizant,Mechanical,Male,IT
4429,Mechanical,Male,1658,IT,GenC - Select,Shubham bajarang Dalvi,2021-22,4,Cognizant,Mechanical,Male,IT
4430,Mechanical,Male,1659,IT,GenC - Select,Tejas Uttam Mohite,2021-22,4,Cognizant,Mechanical,Male,IT
4431,Mechanical,Male,1660,IT,GenC - Select,Pranav Pundlik Belgaonkar,2021-22,4,Cognizant,Mechanical,Male,IT
4432,Mechanical,Male,1661,IT,GenC - Select,Deepak Dattatray Agalave,2021-22,4,Cognizant,Mechanical,Male,IT
4433,Mechanical,Male,1662,IT,GenC - Select,Avishkar Tanaji Patil,2021-22,4,Cognizant,Mechanical,Male,IT
4434,Mechanical,Male,1663,IT,GenC - Select,Sanket Sanjay Powar,2021-22,4,Cognizant,Mechanical,Male,IT
4435,Mechanical,Male,1664,IT,GenC - Select,Omkar Arun Ulape,2021-22,4,Cognizant,Mechanical,Male,IT
4436,Mechanical,Male,1665,IT,GenC - Select,Shivam Sanmukh Dhere,2021-22,4,Cognizant,Mechanical,Male,IT
4437,Mechanical,Male,1666,IT,GenC - Select,Rahul Mahadev Narake,2021-22,4,Cognizant,Mechanical,Male,IT
4438,Mechanical,Male,1714,IT,Trainee Engineer,Shubham Pawar,2021-22,3,Pentagon Space Pvt Ltd.,Mechanical,Male,IT
4439,Mechanical,Male,1715,IT,Trainee Engineer,Akshay Vijay Jadhav,2021-22,3,Pentagon Space Pvt Ltd.,Mechanical,Male,IT
4440,Mechanical,Male,1727,IT,Web Developer,Vishwajit Patil,2021-22,3.6,Hummingbird Web Solutions Pvt. Ltd.,Mechanical,Male,IT
4441,Mechanical,Male,1734,IT,System Analyst,Deepak Dattatray Agalave,2021-22,4,CAPGEMINI,Mechanical,Male,IT
4442,Mechanical,Male,1735,IT,System Analyst,Adish Ashish Mandavkar,2021-22,4,CAPGEMINI,Mechanical,Male,IT
4443,Mechanical,Male,1736,IT,System Analyst,Chinmay Vinayak Sutar,2021-22,4,CAPGEMINI,Mechanical,Male,IT
4444,Mechanical,Male,1737,IT,System Analyst,Hemant Dilee Jadhav,2021-22,4,CAPGEMINI,Mechanical,Male,IT
4445,Mechanical,Male,1738,IT,System Analyst,ShivamManohar hajare,2021-22,4,CAPGEMINI,Mechanical,Male,IT
4446,Mechanical,Male,1739,IT,System Analyst,Sanket Shivaji Shinde,2021-22,4,CAPGEMINI,Mechanical,Male,IT
4447,Mechanical,Male,1743,Non-IT,Trainee Engineer (PPO),Chinmay Vinayak Sutar,2021-22,4,ELEATION,Mechanical,Male,Non-IT
4448,Mechanical,Male,1744,Non-IT,Trainee Engineer (PPO),shivam shrikant shinde,2021-22,4,ELEATION,Mechanical,Male,Non-IT
4449,Mechanical,Male,1745,Non-IT,Trainee Engineer (PPO),Suyog Balavant Sutar,2021-22,4,ELEATION,Mechanical,Male,Non-IT
4450,Mechanical,Male,1746,Non-IT,Trainee Engineer (PPO),Gaurav Girish Gholkar,2021-22,4,ELEATION,Mechanical,Male,Non-IT
4451,Mechanical,Male,1749,Non-IT,Trainee Engineer (PPO),Onkar Vishnu Maske,2021-22,4,ELEATION,Mechanical,Male,Non-IT
4452,Mechanical,Male,1752,IT,Trainee Engineer (PPO),Avadhut lahu shinde,2021-22,3,Palle Technology,Mechanical,Male,IT
4453,Mechanical,Male,1753,IT,Trainee Engineer (PPO),Rushikesh Parasharam Khade,2021-22,3,Palle Technology,Mechanical,Male,IT
4454,Mechanical,Male,1759,Non-IT,Trainee Engineer (PPO),Ganesh Mahadev Langote,2021-22,2.4,Menon  Bearings and Menon Alkop,Mechanical,Male,Non-IT
4455,Mechanical,Male,1760,Non-IT,Trainee Engineer (PPO),Uddesh Balasaheb Patole,2021-22,2.4,Menon  Bearings and Menon Alkop,Mechanical,Male,Non-IT
4456,Mechanical,Male,1761,Non-IT,Trainee Engineer (PPO),Vishwajeet Vijay Patil,2021-22,2.4,Menon  Bearings and Menon Alkop,Mechanical,Male,Non-IT
4457,Mechanical,Male,1766,Non-IT,GET,Manav Uday Patil,2021-22,4.5,Sudarshan Chemical icals,Mechanical,Male,Non-IT
4458,Mechanical,Male,1776,IT,System Engineer,Gaurav Salunkhe,2021-22,3.6,Infosys,Mechanical,Male,IT
4459,Mechanical,Male,1779,IT,System Engineer,Shivam Shinde,2021-22,3.6,Infosys,Mechanical,Male,IT
4460,Mechanical,Male,1781,IT,System Engineer,Manav Patil,2021-22,3.6,Infosys,Mechanical,Male,IT
4461,Mechanical,Male,1790,Non-IT,Trainee Engineer,Prathmesh Padman,2021-22,3.5,Wheels India Pvt Ltd,Mechanical,Male,Non-IT
4462,Mechanical,Male,1791,Non-IT,Trainee Engineer,Rushikesh Chavan,2021-22,3.5,Wheels India Pvt Ltd,Mechanical,Male,Non-IT
4463,Mechanical,Male,1792,Non-IT,Trainee Engineer,Shubham Gidde,2021-22,3.5,Wheels India Pvt Ltd,Mechanical,Male,Non-IT
4464,Mechanical,Male,1794,IT,System Engineer,Rahul Narke,2021-22,3.6,Infosys,Mechanical,Male,IT
4465,Mechanical,Male,1801,IT,Project Engineer,Rohan Sunil Vasudev,2021-22,3.5,Wipro,Mechanical,Male,IT
4466,Mechanical,Male,1802,IT,Project Engineer,Sachin Patil,2021-22,3.5,Wipro,Mechanical,Male,IT
4467,Mechanical,Male,1804,IT,System Engineer,Prithviraj Maheshrao Parab,2021-22,3.6,Infosys,Mechanical,Male,IT
4468,Mechanical,Male,1810,Non-IT,GET,Shubham Purushottam  Pawar,2021-22,2.5,WIPRO PARI,Mechanical,Male,Non-IT
4469,Mechanical,Male,1811,Non-IT,GET,Sahebali Sakhavatali Shekhmansuri,2021-22,2.5,WIPRO PARI,Mechanical,Male,Non-IT
4470,Mechanical,Male,1814,Non-IT,GET,Ganesh Mahadev Langote,2021-22,2.5,WIPRO PARI,Mechanical,Male,Non-IT
4471,Mechanical,Male,1823,Non-IT,Associate Property Advisor,Akshay Vijay Jadhav,2021-22,4.8,"PinClick,Pune",Mechanical,Male,Non-IT
4472,Mechanical,Male,1824,Non-IT,Associate Property Advisor,Avadhut lahu shinde,2021-22,4.8,"PinClick,Pune",Mechanical,Male,Non-IT
4473,Mechanical,Male,1825,Non-IT,Associate Property Advisor,Ganesh Mahadev Langote,2021-22,4.8,"PinClick,Pune",Mechanical,Male,Non-IT
4474,Mechanical,Male,1841,IT,System Engineer,Onkar Eknath Patil,2021-22,3.6,Infosys,Mechanical,Male,IT
4475,Mechanical,Male,1853,Non-IT,GAE,atul arvind kanade,2021-22,2.58,Walchandnagar Industries,Mechanical,Male,Non-IT
4476,Mechanical,Male,1854,Non-IT,GAE,Tosim mehabub mujavar,2021-22,2.58,Walchandnagar Industries,Mechanical,Male,Non-IT
4477,Mechanical,Male,1860,Non-IT,GET,Yogesh Jyotiba Halnure,2021-22,3.5,alten,Mechanical,Male,Non-IT
4478,Mechanical,Male,1864,Non-IT,Trainee Engineer, Tejas Uttam Mohite,2021-22,2.4,TuringMinds.Ai,Mechanical,Male,Non-IT
4479,Mechanical,Male,1872,Non-IT,GAT,Kiran Bhimrao Kamble,2021-22,6,Larsen & Toubro,Mechanical,Male,Non-IT
4480,Mechanical,Male,1921,IT,Associate Professional,Atharv Ajay Chavan,2021-22,4,DXC Technology,Mechanical,Male,IT
4481,Mechanical,Male,1922,IT,Associate Professional,AVINASH VISHNU CHAVAN,2021-22,4,DXC Technology,Mechanical,Male,IT
4482,Mechanical,Male,1923,IT,Associate Professional,Avishkar Tanaji Patil,2021-22,4,DXC Technology,Mechanical,Male,IT
4483,Mechanical,Male,1924,IT,Associate Professional,Chaitanya Chandrakant Jagdale,2021-22,4,DXC Technology,Mechanical,Male,IT
4484,Mechanical,Male,1925,IT,Associate Professional,Deepak Dattatray Agalave,2021-22,4,DXC Technology,Mechanical,Male,IT
4485,Mechanical,Male,1926,IT,Associate Professional,Dikshant Ranjit Etawadekar,2021-22,4,DXC Technology,Mechanical,Male,IT
4486,Mechanical,Male,1927,IT,Associate Professional,Rutuj Chandrakant Satpute,2021-22,4,DXC Technology,Mechanical,Male,IT
4487,Mechanical,Male,1928,IT,Associate Professional,Sachin Savleram Mante,2021-22,4,DXC Technology,Mechanical,Male,IT
4488,Mechanical,Male,1930,IT,Associate Professional,Sairaj Bharat Patil,2021-22,4,DXC Technology,Mechanical,Male,IT
4489,Mechanical,Male,1931,IT,Associate Professional,Sanket Sanjay Powar,2021-22,4,DXC Technology,Mechanical,Male,IT
4490,Mechanical,Male,1932,IT,Associate Professional,Sanket Shivaji Shinde,2021-22,4,DXC Technology,Mechanical,Male,IT
4491,Mechanical,Male,1933,IT,Associate Professional,Shivam Manohar Hajare,2021-22,4,DXC Technology,Mechanical,Male,IT
4492,Mechanical,Male,1934,IT,Associate Professional,Shivam Sanmukh Dhere,2021-22,4,DXC Technology,Mechanical,Male,IT
4493,Mechanical,Male,1935,IT,Associate Professional,Vaibhav SANGRAM bhosale,2021-22,4,DXC Technology,Mechanical,Male,IT
4494,Mechanical,Male,1946,IT,Intern + PPO,Onkar kulkarni,2021-22,4,Evosys,Mechanical,Male,IT
4495,Mechanical,Male,1987,IT,Assistant System Engineer-Trainee,Harsh harish upadhyay,2021-22,3.36,Tata Consultancy Services,Mechanical,Male,IT
4496,Mechanical,Male,1989,IT,Assistant System Engineer-Trainee,Onkar Ashok Kulkarni,2021-22,3.36,Tata Consultancy Services,Mechanical,Male,IT
4497,Mechanical,Male,1990,IT,Assistant System Engineer-Trainee,Nitin Vijayrao Titvekar,2021-22,3.36,Tata Consultancy Services,Mechanical,Male,IT
4498,Mechanical,Male,1991,IT,Assistant System Engineer-Trainee,Shreyas Krishnat Lad,2021-22,3.36,Tata Consultancy Services,Mechanical,Male,IT
4499,Mechanical,Male,1993,IT,Assistant System Engineer-Trainee,Shubham bajarang Dalvi,2021-22,3.36,Tata Consultancy Services,Mechanical,Male,IT
4500,Mechanical,Male,2021,IT,System Engineer,SHREYASH Madhukar MALI,2021-22,7.5,Tata Consultancy Services,Mechanical,Male,IT
4501,Mechanical,Male,2088,Non-IT,Community Influncer,Shivam Dhere,2021-22,3,MentorBoxx,Mechanical,Male,Non-IT
4502,Mechanical,Male,2089,Non-IT,Community Influncer,Rohan Vasudev,2021-22,3,MentorBoxx,Mechanical,Male,Non-IT
4503,Mechanical,Male,2090,Non-IT,Community Influncer,Swapnil Gore,2021-22,3,MentorBoxx,Mechanical,Male,Non-IT
4504,Mechanical,Male,2091,Non-IT,Community Influncer,Junaid Dastagir Nadaf,2021-22,3,MentorBoxx,Mechanical,Male,Non-IT
4505,Mechanical,Male,2092,Non-IT,Community Influncer,Prathamesh Malhari Padman,2021-22,3,MentorBoxx,Mechanical,Male,Non-IT
4506,Mechanical,Male,2093,Non-IT,Community Influncer, Gautam Sanjay Chavan,2021-22,3,MentorBoxx,Mechanical,Male,Non-IT
4507,Mechanical,Male,2094,Non-IT,Community Influncer,Ankush Panare,2021-22,3,MentorBoxx,Mechanical,Male,Non-IT
4508,Mechanical,Male,2095,Non-IT,Community Influncer,Anikesh kerba Kamble,2021-22,3,MentorBoxx,Mechanical,Male,Non-IT
4509,Mechanical,Male,2097,Non-IT,Community Influncer,Tosim Mehabub Mujawar,2021-22,3,MentorBoxx,Mechanical,Male,Non-IT
4510,Mechanical,Male,2098,Non-IT,Community Influncer,Omkar Dhananjay Raut,2021-22,3,MentorBoxx,Mechanical,Male,Non-IT
4511,Mechanical,Male,2099,Non-IT,Community Influncer,Vishwajeet Vijay Patil,2021-22,3,MentorBoxx,Mechanical,Male,Non-IT
4512,Mechanical,Male,2125,IT,Project Engineer,Abhay Babasaheb Randive,2021-22,3.5,Wipro,Mechanical,Male,IT
4513,Mechanical,Male,2126,IT,Project Engineer,Akshay Arvind Patil,2021-22,3.5,Wipro,Mechanical,Male,IT
4514,Mechanical,Male,2127,IT,Project Engineer,Nitin Vijayrao Titvekar,2021-22,3.5,Wipro,Mechanical,Male,IT
4515,Mechanical,Male,2128,IT,Project Engineer,Omkar Arun Ulape,2021-22,3.5,Wipro,Mechanical,Male,IT
4516,Mechanical,Male,2129,IT,Project Engineer,Rahul Mahadev Narake,2021-22,3.5,Wipro,Mechanical,Male,IT
4517,Mechanical,Male,2130,IT,Project Engineer,Shivam Manohar Hajare,2021-22,3.5,Wipro,Mechanical,Male,IT
4518,Mechanical,Male,2131,IT,Project Engineer,Shreyas Krishnat Lad,2021-22,3.5,Wipro,Mechanical,Male,IT
4519,Mechanical,Male,2133,IT,Project Engineer,Pranav Pramod Sarwade,2021-22,3.5,Wipro,Mechanical,Male,IT
4520,Mechanical,Male,2134,IT,Project Engineer,Onkar Ashok Kulkarni,2021-22,3.5,Wipro,Mechanical,Male,IT
4521,Mechanical,Male,2162,IT,Trainee Engineer,Tejas Uttam Mohite,2021-22,3.8,Qspider,Mechanical,Male,IT
4522,Mechanical,Male,2163,IT,Trainee Engineer,Sandesh Sandip Ajamane,2021-22,3.8,Qspider,Mechanical,Male,IT
4523,Mechanical,Male,2164,IT,Trainee Engineer,Sourabh sudhir kanase,2021-22,3.8,Qspider,Mechanical,Male,IT
4524,Mechanical,Male,2165,IT,Trainee Engineer,Prathamesh Malhari Padman,2021-22,3.8,Qspider,Mechanical,Male,IT
4525,Mechanical,Male,2166,IT,Trainee Engineer,Yashodeep Rahul Daiv,2021-22,3.8,Qspider,Mechanical,Male,IT
4526,Mechanical,Male,2167,IT,Trainee Engineer,Junaid Nadaf,2021-22,3.8,Qspider,Mechanical,Male,IT
4527,Mechanical,Male,2168,IT,Trainee Engineer,Swapnil Vasant Gore,2021-22,3.8,Qspider,Mechanical,Male,IT
4528,Mechanical,Male,2182,Non-IT,Trainee Engineer,AVINASH VISHNU CHAVAN,2021-22,6.5,Anglo-Eastern Ship Management,Mechanical,Male,Non-IT
4529,Mechanical,Male,2217,Non-IT,GET, Akash Ashok Jadhav,2021-22,3.5,Reliance Retail,Mechanical,Male,Non-IT
4530,Mechanical,Male,2218,Non-IT,GET,Kiran Bhimrao Kamble,2021-22,3.5,Reliance Retail,Mechanical,Male,Non-IT
4531,Mechanical,Male,2219,Non-IT,GET,Rahul Mahadev Narake,2021-22,3.5,Reliance Retail,Mechanical,Male,Non-IT
4532,Mechanical,Male,2220,Non-IT,GET,Rohan Sunil Vasudev,2021-22,3.5,Reliance Retail,Mechanical,Male,Non-IT
4533,Mechanical,Male,2222,Non-IT,GET,Shantanu Udaychand Patole,2021-22,3.5,Reliance Retail,Mechanical,Male,Non-IT
4534,Mechanical,Male,2224,Non-IT,GET,Tejas Uttam Mohite,2021-22,3.5,Reliance Retail,Mechanical,Male,Non-IT
4535,Mechanical,Male,2225,Non-IT,GET,Tushar Ajit Patole,2021-22,3.5,Reliance Retail,Mechanical,Male,Non-IT
4536,Mechanical,Male,2269,IT,GenC - Select,Nitin Vijayrao Titvekar,2021-22,4,Cognizant,Mechanical,Male,IT
4537,Mechanical,Male,2270,IT,GenC - Select,Abhay Babasaheb Randive,2021-22,4,Cognizant,Mechanical,Male,IT
4538,Mechanical,Male,2271,IT,GenC - Select,Chaitanya Chandrakant Jagdale,2021-22,4,Cognizant,Mechanical,Male,IT
4539,Mechanical,Male,2272,IT,GenC - Select,Shivam Manohar Hajare,2021-22,4,Cognizant,Mechanical,Male,IT
4540,Mechanical,Male,2273,IT,GenC - Select,Shubham Atul Tapkire,2021-22,4,Cognizant,Mechanical,Male,IT
4541,Mechanical,Male,2274,IT,GenC - Select,Hritvij Ramesh Gaikwad,2021-22,4,Cognizant,Mechanical,Male,IT
4542,Mechanical,Male,2275,IT,GenC - Select,Adish Ashish Mandavkar,2021-22,4,Cognizant,Mechanical,Male,IT
4543,Mechanical,Male,2276,IT,GenC - Select,Manav Uday Patil,2021-22,4,Cognizant,Mechanical,Male,IT
4544,Mechanical,Male,2277,IT,GenC - Select,shivam shrikant shinde,2021-22,4,Cognizant,Mechanical,Male,IT
4545,Mechanical,Male,2279,IT,GenC - Select,Sourabh sudhir kanase,2021-22,4,Cognizant,Mechanical,Male,IT
4546,Mechanical,Male,2280,IT,GenC - Select,Akash Ashok Jadhav,2021-22,4,Cognizant,Mechanical,Male,IT
4547,Mechanical,Male,2281,IT,GenC - Select,Purvesh Shrikant Peche,2021-22,4,Cognizant,Mechanical,Male,IT
4548,Mechanical,Male,2282,IT,GenC - Select,Hemant Dileep Jadhav,2021-22,4,Cognizant,Mechanical,Male,IT
4549,Mechanical,Male,2284,IT,GenC - Select,Shubham bajarang Dalvi,2021-22,4,Cognizant,Mechanical,Male,IT
4550,Mechanical,Male,2285,IT,GenC - Select,Tejas Uttam Mohite,2021-22,4,Cognizant,Mechanical,Male,IT
4551,Mechanical,Male,2286,IT,GenC - Select,Pranav Pundlik Belgaonkar,2021-22,4,Cognizant,Mechanical,Male,IT
4552,Mechanical,Male,2287,IT,GenC - Select,Deepak Dattatray Agalave,2021-22,4,Cognizant,Mechanical,Male,IT
4553,Mechanical,Male,2288,IT,GenC - Select,Avishkar Tanaji Patil,2021-22,4,Cognizant,Mechanical,Male,IT
4554,Mechanical,Male,2289,IT,GenC - Select,Sanket Sanjay Powar,2021-22,4,Cognizant,Mechanical,Male,IT
4555,Mechanical,Male,2290,IT,GenC - Select,Omkar Arun Ulape,2021-22,4,Cognizant,Mechanical,Male,IT
4556,Mechanical,Male,2291,IT,GenC - Select,Shivam Sanmukh Dhere,2021-22,4,Cognizant,Mechanical,Male,IT
4557,Mechanical,Male,2292,IT,GenC - Select,Rahul Mahadev Narake,2021-22,4,Cognizant,Mechanical,Male,IT
4558,Mechanical,Male,2340,IT,Trainee Engineer,Shubham Pawar,2021-22,3,Pentagon Space Pvt Ltd.,Mechanical,Male,IT
4559,Mechanical,Male,2341,IT,Trainee Engineer,Akshay Vijay Jadhav,2021-22,3,Pentagon Space Pvt Ltd.,Mechanical,Male,IT
4560,Mechanical,Male,2353,IT,Web Developer,Vishwajit Patil,2021-22,3.6,Hummingbird Web Solutions Pvt. Ltd.,Mechanical,Male,IT
4561,Mechanical,Male,2360,IT,System Analyst,Deepak Dattatray Agalave,2021-22,4,CAPGEMINI,Mechanical,Male,IT
4562,Mechanical,Male,2361,IT,System Analyst,Adish Ashish Mandavkar,2021-22,4,CAPGEMINI,Mechanical,Male,IT
4563,Mechanical,Male,2362,IT,System Analyst,Chinmay Vinayak Sutar,2021-22,4,CAPGEMINI,Mechanical,Male,IT
4564,Mechanical,Male,2363,IT,System Analyst,Hemant Dilee Jadhav,2021-22,4,CAPGEMINI,Mechanical,Male,IT
4565,Mechanical,Male,2364,IT,System Analyst,ShivamManohar hajare,2021-22,4,CAPGEMINI,Mechanical,Male,IT
4566,Mechanical,Male,2365,IT,System Analyst,Sanket Shivaji Shinde,2021-22,4,CAPGEMINI,Mechanical,Male,IT
4567,Mechanical,Male,2369,Non-IT,Trainee Engineer (PPO),Chinmay Vinayak Sutar,2021-22,4,ELEATION,Mechanical,Male,Non-IT
4568,Mechanical,Male,2370,Non-IT,Trainee Engineer (PPO),shivam shrikant shinde,2021-22,4,ELEATION,Mechanical,Male,Non-IT
4569,Mechanical,Male,2371,Non-IT,Trainee Engineer (PPO),Suyog Balavant Sutar,2021-22,4,ELEATION,Mechanical,Male,Non-IT
4570,Mechanical,Male,2372,Non-IT,Trainee Engineer (PPO),Gaurav Girish Gholkar,2021-22,4,ELEATION,Mechanical,Male,Non-IT
4571,Mechanical,Male,2375,Non-IT,Trainee Engineer (PPO),Onkar Vishnu Maske,2021-22,4,ELEATION,Mechanical,Male,Non-IT
4572,Mechanical,Male,2378,IT,Trainee Engineer (PPO),Avadhut lahu shinde,2021-22,3,Palle Technology,Mechanical,Male,IT
4573,Mechanical,Male,2379,IT,Trainee Engineer (PPO),Rushikesh Parasharam Khade,2021-22,3,Palle Technology,Mechanical,Male,IT
4574,Mechanical,Male,2385,Non-IT,Trainee Engineer (PPO),Ganesh Mahadev Langote,2021-22,2.4,Menon  Bearings and Menon Alkop,Mechanical,Male,Non-IT
4575,Mechanical,Male,2386,Non-IT,Trainee Engineer (PPO),Uddesh Balasaheb Patole,2021-22,2.4,Menon  Bearings and Menon Alkop,Mechanical,Male,Non-IT
4576,Mechanical,Male,2387,Non-IT,Trainee Engineer (PPO),Vishwajeet Vijay Patil,2021-22,2.4,Menon  Bearings and Menon Alkop,Mechanical,Male,Non-IT
4577,Mechanical,Male,2392,Non-IT,GET,Manav Uday Patil,2021-22,4.5,Sudarshan Chemical icals,Mechanical,Male,Non-IT
4578,Mechanical,Male,2402,IT,System Engineer,Gaurav Salunkhe,2021-22,3.6,Infosys,Mechanical,Male,IT
4579,Mechanical,Male,2405,IT,System Engineer,Shivam Shinde,2021-22,3.6,Infosys,Mechanical,Male,IT
4580,Mechanical,Male,2407,IT,System Engineer,Manav Patil,2021-22,3.6,Infosys,Mechanical,Male,IT
4581,Mechanical,Male,2416,Non-IT,Trainee Engineer,Prathmesh Padman,2021-22,3.5,Wheels India Pvt Ltd,Mechanical,Male,Non-IT
4582,Mechanical,Male,2417,Non-IT,Trainee Engineer,Rushikesh Chavan,2021-22,3.5,Wheels India Pvt Ltd,Mechanical,Male,Non-IT
4583,Mechanical,Male,2418,Non-IT,Trainee Engineer,Shubham Gidde,2021-22,3.5,Wheels India Pvt Ltd,Mechanical,Male,Non-IT
4584,Mechanical,Male,2420,IT,System Engineer,Rahul Narke,2021-22,3.6,Infosys,Mechanical,Male,IT
4585,Mechanical,Male,2427,IT,Project Engineer,Rohan Sunil Vasudev,2021-22,3.5,Wipro,Mechanical,Male,IT
4586,Mechanical,Male,2428,IT,Project Engineer,Sachin Patil,2021-22,3.5,Wipro,Mechanical,Male,IT
4587,Mechanical,Male,2430,IT,System Engineer,Prithviraj Maheshrao Parab,2021-22,3.6,Infosys,Mechanical,Male,IT
4588,Mechanical,Male,2436,Non-IT,GET,Shubham Purushottam  Pawar,2021-22,2.5,WIPRO PARI,Mechanical,Male,Non-IT
4589,Mechanical,Male,2437,Non-IT,GET,Sahebali Sakhavatali Shekhmansuri,2021-22,2.5,WIPRO PARI,Mechanical,Male,Non-IT
4590,Mechanical,Male,2440,Non-IT,GET,Ganesh Mahadev Langote,2021-22,2.5,WIPRO PARI,Mechanical,Male,Non-IT
4591,Mechanical,Male,2449,Non-IT,Associate Property Advisor,Akshay Vijay Jadhav,2021-22,4.8,"PinClick,Pune",Mechanical,Male,Non-IT
4592,Mechanical,Male,2450,Non-IT,Associate Property Advisor,Avadhut lahu shinde,2021-22,4.8,"PinClick,Pune",Mechanical,Male,Non-IT
4593,Mechanical,Male,2451,Non-IT,Associate Property Advisor,Ganesh Mahadev Langote,2021-22,4.8,"PinClick,Pune",Mechanical,Male,Non-IT
4594,Mechanical,Male,2467,IT,System Engineer,Onkar Eknath Patil,2021-22,3.6,Infosys,Mechanical,Male,IT
4595,Mechanical,Male,2479,Non-IT,GAE,atul arvind kanade,2021-22,2.58,Walchandnagar Industries,Mechanical,Male,Non-IT
4596,Mechanical,Male,2480,Non-IT,GAE,Tosim mehabub mujavar,2021-22,2.58,Walchandnagar Industries,Mechanical,Male,Non-IT
4597,Mechanical,Male,2486,Non-IT,GET,Yogesh Jyotiba Halnure,2021-22,3.5,alten,Mechanical,Male,Non-IT
4598,Mechanical,Male,2490,Non-IT,Trainee Engineer, Tejas Uttam Mohite,2021-22,2.4,TuringMinds.Ai,Mechanical,Male,Non-IT
4599,Mechanical,Male,2498,Non-IT,GAT,Kiran Bhimrao Kamble,2021-22,6,Larsen & Toubro,Mechanical,Male,Non-IT
4600,Production,Female,846,Non-IT,Associate Engineer,Pratiksha  Pawar,2019-20,1.8,Dexterity Anasatte Management Solutions Pvt. Ltd,Production,Female,Non-IT
4601,Production,Female,851,Non-IT,Associate Engineer,Rutuja Jadhav,2019-20,1.8,Dexterity Anasatte Management Solutions Pvt. Ltd,Production,Female,Non-IT
4602,Production,Female,859,Non-IT,Associate Engineer,Pratiksha  Pawar,2019-20,1.8,Dexterity Anasatte Management Solutions Pvt. Ltd,Production,Female,Non-IT
4603,Production,Male,845,Non-IT,Associate Engineer,Prashant Patil,2019-20,1.8,Dexterity Anasatte Management Solutions Pvt. Ltd,Production,Male,Non-IT
4604,Production,Male,847,Non-IT,Associate Engineer,Ajay Huddar,2019-20,1.8,Dexterity Anasatte Management Solutions Pvt. Ltd,Production,Male,Non-IT
4605,Production,Male,848,Non-IT,Associate Engineer,Digambar  Gore,2019-20,1.8,Dexterity Anasatte Management Solutions Pvt. Ltd,Production,Male,Non-IT
4606,Production,Male,849,Non-IT,Associate Engineer,Shantanu Kharade,2019-20,1.8,Dexterity Anasatte Management Solutions Pvt. Ltd,Production,Male,Non-IT
4607,Production,Male,850,Non-IT,Associate Engineer,Rushikesh Patil,2019-20,1.8,Dexterity Anasatte Management Solutions Pvt. Ltd,Production,Male,Non-IT
4608,Production,Male,852,Non-IT,Associate Engineer,Sourabh  Chavan,2019-20,1.8,Dexterity Anasatte Management Solutions Pvt. Ltd,Production,Male,Non-IT
4609,Production,Male,853,Non-IT,Associate Engineer,Kedar Patil,2019-20,1.8,Dexterity Anasatte Management Solutions Pvt. Ltd,Production,Male,Non-IT
4610,Production,Male,854,Non-IT,Associate Engineer,Kuladeep Kale,2019-20,1.8,Dexterity Anasatte Management Solutions Pvt. Ltd,Production,Male,Non-IT
4611,Production,Male,855,Non-IT,Associate Engineer,Vishal Malvekar,2019-20,1.8,Dexterity Anasatte Management Solutions Pvt. Ltd,Production,Male,Non-IT
4612,Production,Male,856,Non-IT,Associate Engineer,Abhilash Jangam,2019-20,1.8,Dexterity Anasatte Management Solutions Pvt. Ltd,Production,Male,Non-IT
4613,Production,Male,857,Non-IT,Associate Engineer,Tushar Bhosale,2019-20,1.8,Dexterity Anasatte Management Solutions Pvt. Ltd,Production,Male,Non-IT
4614,Production,Male,858,Non-IT,Associate Engineer,Prashant Patil,2019-20,1.8,Dexterity Anasatte Management Solutions Pvt. Ltd,Production,Male,Non-IT
4615,Production,Male,860,Non-IT,Associate Engineer,Ajay Huddar,2019-20,1.8,Dexterity Anasatte Management Solutions Pvt. Ltd,Production,Male,Non-IT
4616,Production,Male,861,Non-IT,Associate Engineer,Digambar  Gore,2019-20,1.8,Dexterity Anasatte Management Solutions Pvt. Ltd,Production,Male,Non-IT
4617,Production,Male,862,Non-IT,Associate Engineer,Shantanu Kharade,2019-20,1.8,Dexterity Anasatte Management Solutions Pvt. Ltd,Production,Male,Non-IT
4618,Production,Male,863,Non-IT,Associate Engineer,Rushikesh Patil,2019-20,1.8,Dexterity Anasatte Management Solutions Pvt. Ltd,Production,Male,Non-IT
4619,Production,Male,864,Non-IT,Associate Engineer,Rutuja Jadhav,2019-20,1.8,Dexterity Anasatte Management Solutions Pvt. Ltd,Production,Male,Non-IT
4620,Production,Male,865,Non-IT,Associate Engineer,Sourabh  Chavan,2019-20,1.8,Dexterity Anasatte Management Solutions Pvt. Ltd,Production,Male,Non-IT
4621,Production,Male,866,Non-IT,Associate Engineer,Kedar Patil,2019-20,1.8,Dexterity Anasatte Management Solutions Pvt. Ltd,Production,Male,Non-IT
4622,Production,Male,867,Non-IT,Associate Engineer,Kuladeep Kale,2019-20,1.8,Dexterity Anasatte Management Solutions Pvt. Ltd,Production,Male,Non-IT
4623,Production,Male,868,Non-IT,Associate Engineer,Vishal Malvekar,2019-20,1.8,Dexterity Anasatte Management Solutions Pvt. Ltd,Production,Male,Non-IT
4624,Production,Male,869,Non-IT,Associate Engineer,Abhilash Jangam,2019-20,1.8,Dexterity Anasatte Management Solutions Pvt. Ltd,Production,Male,Non-IT
4625,Production,Male,870,Non-IT,Associate Engineer,Tushar Bhosale,2019-20,1.8,Dexterity Anasatte Management Solutions Pvt. Ltd,Production,Male,Non-IT
