Branch,Gender,Salary Offered,Count of Index,Placed in Company,Name of Student,IT/NONIT,Job Post,Year
AIML,Female,2.5,1,Walstar Techologies,Akanksha Solankurkar,Intern,Python,2025-26
AIML,Female,2.5,1,Walstar Techologies,Arya Sanjay Chodankar,Intern,Wordpress Developer,2025-26
AIML,Female,5,1,Quality Kiosk,Aditi Ashok Burud,IT,Automation Engineer,2023-24
AIML,Female,5,1,Quality Kiosk,Amra Bakhtiyar Nadaf,IT,Automation Engineer,2023-24
AIML,Female,5,1,Quality Kiosk,Uttakarsha Uttam Bhise,IT,Automation Engineer,2023-24
AIML,Female,3.5,1,ExcelR,Sayali Sanjay Pundapal,IT,Full Stack,2025-26
AIML,Female,4,1,Hexaware,Arti Anil Kumbhar,IT,GET,2023-24
AIML,Female,4,1,Hexaware,Darshan Annasaheb Bastawade,IT,GET,2023-24
AIML,Female,6,1,CtrlS,Manasi Suresh Gawade,IT,GET,2023-24
AIML,Female,4,1,Hexaware,Srushti Shripad Kulkarni,IT,GET,2023-24
AIML,Female,3.5,1,Dialogues Media,Alishiba Devdas Ghatage,IT,HR,2024-25
AIML,Female,3.38,1,TCS,Srushti Shripad Kulkarni,IT,Ninja,2023-24
AIML,Female,4,1,Cognizant,Simantini Madhukar Patil,IT,Programmer Analyst,2024-25
AIML,Female,3.25,1,Tech Mahindra,Anjali Jaywant Kumbhar,IT,Project Engineer,2023-24
AIML,Female,3.25,1,Tech Mahindra,Saee Vivek Nimbalkar,IT,Project Engineer,2023-24
AIML,Female,3.25,1,TechMahindra,BHAGYASHREE MAHALING SWAMI,IT,Project Trainee,2024-25
AIML,Female,3.25,1,TechMahindra,Simantini Madhukar Patil,IT,Project Trainee,2024-25
AIML,Female,3.25,1,TechMahindra,Srushti Sanjeev Shedshale,IT,Project Trainee,2024-25
AIML,Female,5.46,1,Fox Solutions Pvt Ltd,Vibhavari Sutar,IT,Software Developer,2025-26
AIML,Female,3,1,RedGirraffe Ecommerce Pvt Ltd,Arpana Choudhary,IT,Software Developer (Traine),2023-24
AIML,Female,,1,Accenture,Arti Anil Kumbhar,IT,Software Engineer,2023-24
AIML,Female,4,1,EXCELR Solutions,Arti Anil Kumbhar,IT,Software Engineer,2023-24
AIML,Female,4,1,EXCELR Solutions,Girija Sanjay Raut,IT,Software Engineer,2023-24
AIML,Female,4.2,1,Infosys,Karuna Vitthal Nikam,IT,Software Engineer,2024-25
AIML,Female,4,1,Hexaware Technologies Pvt. Ltd.,Masirah Ilahi Shaikh,IT,Software Engineer,2024-25
AIML,Female,4,1,Hexaware Technologies Pvt. Ltd.,Rajanigandha Randhir Salokhe,IT,Software Engineer,2024-25
AIML,Female,4,1,Hexaware Technologies Pvt. Ltd.,Sadhana Dnyaneshwar Shendage,IT,Software Engineer,2024-25
AIML,Female,4,1,Hexaware Technologies Pvt. Ltd.,Saman Shabbir Solapure,IT,Software Engineer,2024-25
AIML,Female,4,1,Hexaware Technologies Pvt. Ltd.,Simantini Madhukar Patil,IT,Software Engineer,2024-25
AIML,Female,8.5,1,Hewlett Packard (HP),Sonali Bhanudas Mali,IT,Software Engineer,2025-26
AIML,Female,4,1,Hexaware Technologies Pvt. Ltd.,Suhani Vitthal Ingale,IT,Software Engineer,2024-25
AIML,Female,4,1,EXCELR Solutions,Vaishnavi Dipak Gulave,IT,Software Engineer,2023-24
AIML,Female,4.5,1,Deloitte Cybar Gurukul Program,Siddhi Ramesh Magdum,IT,Software Engineer Trainee,2025-26
AIML,Female,3,1,Chegg India,Aditi Ashok Burud,IT,Subject Matter Expert,2023-24
AIML,Female,3,1,Chegg India,Akshada Vikas Patil,IT,Subject Matter Expert,2023-24
AIML,Female,3,1,Chegg India,Anjali Jaywant Kumbhar,IT,Subject Matter Expert,2023-24
AIML,Female,3,1,Chegg India,Arti Anil Kumbhar,IT,Subject Matter Expert,2023-24
AIML,Female,3,1,Chegg India,Girija Sanjay Raut,IT,Subject Matter Expert,2023-24
AIML,Female,3,1,Chegg India,Priya Nitin Lokhande,IT,Subject Matter Expert,2023-24
AIML,Female,3,1,Chegg India,Saba Shakil Attar,IT,Subject Matter Expert,2023-24
AIML,Female,3,1,Chegg India,Saee Vivek Nimbalkar,IT,Subject Matter Expert,2023-24
AIML,Female,3,1,Chegg India,Saloni Abhay Navaghane,IT,Subject Matter Expert,2023-24
AIML,Female,3.6,1,Infosys,Ashana Mahesh Chavan,IT,System Engineer,2025-26
AIML,Female,3.6,1,Infosys,Prerana Umaji Suryawanshi,IT,System Engineer,2025-26
AIML,Female,3.6,1,Infosys,Radhika Uddhav Kachare,IT,System Engineer,2025-26
AIML,Female,3.6,1,Infosys,Sayali Sanjay Pundapal,IT,System Engineer,2025-26
AIML,Female,3.6,1,Infosys,Shravani Mohan Jadhav,IT,System Engineer,2025-26
AIML,Female,3.6,1,Infosys,Vinaya Amol Kore,IT,System Engineer,2025-26
AIML,Female,3,1,"Technolearn,Pune", Dhanashri Bharat Jadhav,IT,Trainee Engineer,2023-24
AIML,Female,3.5,1,Global Quest Technologies,Alishiba Devdas Ghatage,IT,Trainee Engineer,2024-25
AIML,Female,3.5,1,Global Quest Technologies,Ankita Shivaji Patil,IT,Trainee Engineer,2024-25
AIML,Female,3.5,1,Global Quest Technologies,BHAGYASHREE MAHALING SWAMI,IT,Trainee Engineer,2024-25
AIML,Female,3.5,1,QSpiders,Srushti Sanjeev Shedshale,IT,Trainee Engineer,2024-25
AIML,Female,3.5,1,Global Quest Technologies,Suhani Vitthal Ingale,IT,Trainee Engineer,2024-25
AIML,Female,3,1,Qspider,Vaishnavi Dipak Gulave,IT,Trainee Engineer,2023-24
AIML,Female,4.6,1,EY GDS, Vaishnavi Dipak Gulave,IT,Trainee Programmer,2023-24
AIML,Female,8,1,"Edu Versity,Banglore",Arya Sanjay Chodankar,Non-IT,BDE,2025-26
AIML,Female,8,1,"Edu Versity,Banglore",Priyanka Prasad Utture,Non-IT,BDE,2025-26
AIML,Female,8,1,"Edu Versity,Banglore",Shravani Abhijit Kulkarni,Non-IT,BDE,2025-26
AIML,Female,6.5,1,Corizo,Girija Sanjay Raut,Non-IT,Business Development Associate,2023-24
AIML,Female,6,1,Unlox Academy,Priyanka Prasad Utture,Non-IT,Business Development Associate,2025-26
AIML,Female,6,1,Unlox Academy,Sana Mujawar,Non-IT,Business Development Associate,2025-26
AIML,Female,6,1,Unlox Academy,Siddhi Shrikrishna Lokare,Non-IT,Business Development Associate,2025-26
AIML,Female,7,1,Launched Global ,Priyanka Prasad Utture,Non-IT,Business Development Executive,2025-26
AIML,Female,7,1,Launched Global ,Saniya Kondekar,Non-IT,Business Development Executive,2025-26
AIML,Female,7,1,Launched Global ,Shravani Abhijit Kulkarni,Non-IT,Business Development Executive,2025-26
AIML,Female,7,1,Launched Global ,Siddhi Ramesh Magdum,Non-IT,Business Development Executive,2025-26
AIML,Female,7,1,Launched Global ,Sonali Bhanudas Mali,Non-IT,Business Development Executive,2025-26
AIML,Female,3.5,1,Planet Spark,Anushka Mohite,Non-IT,Business Development Trainee,2025-26
AIML,Male,2.5,1,Walstar Techologies,Vinayak Murlidhar Rhatankar,Intern,React,2025-26
AIML,Male,4,1,TestYantra Software Solutions,Alkesh Rambhau Dhole,Intern,Software Engineer Trainee,2025-26
AIML,Male,4,1,TestYantra Software Solutions,Rajveer Prithviraj Desai,Intern,Software Engineer Trainee,2025-26
AIML,Male,1.2,1,Technolite,Rahim Mahagonde,IT,Android Development,2023-24
AIML,Male,3.5,1,Mouri Tech,Arya Vikram Khochage,IT,Associate Software Trainee,2024-25
AIML,Male,3.6,1,Neutrino Tech Systems,Aman Zakir Pathan,IT,Associate SW Engineer,2023-24
AIML,Male,1.2,1,Lambda Resources,Safwan Hawale,IT,Data Analyst intern,2023-24
AIML,Male,7.5,1,TCS,Digvijay Dattatray Patil,IT,Digital,2023-24
AIML,Male,3.5,1,ExcelR,Chetan Mohan Raval,IT,Full Stack,2025-26
AIML,Male,2.5,1,Qualitykiosk Technologies Pvt Ltd,Arya Vikram Khochage,IT,Functional Engineer,2024-25
AIML,Male,2.5,1,Qualitykiosk Technologies Pvt Ltd,Omvighnesh Mangesh Koyande,IT,Functional Engineer,2024-25
AIML,Male,3.5,1,TechMahindra,Atharv Santosh Patil,IT,GET,2023-24
AIML,Male,4,1,Hexaware,Atharva Rahul Wakade,IT,GET,2023-24
AIML,Male,4,1,Hexaware,Gourav Sanjay Kumbhar,IT,GET,2023-24
AIML,Male,6,1,CtrlS,Om Dilip Sawant,IT,GET,2023-24
AIML,Male,3.5,1,TechMahindra,Om Dilip Sawant,IT,GET,2023-24
AIML,Male,3.5,1,TechMahindra,Pavan Nagesh More,IT,GET,2023-24
AIML,Male,4,1,Hexaware,Ritesh Ravindra Lad,IT,GET,2023-24
AIML,Male,6,1,Course5,Rishikesh Mane,IT,ML-Analyst,2023-24
AIML,Male,18,1,CISCO,Aniket Mane,IT,Network Engineer,2024-25
AIML,Male,3.38,1,TCS,Atharv Santosh Patil,IT,Ninja,2023-24
AIML,Male,3.38,1,TCS,Darshan Annasaheb Bastawade,IT,Ninja,2023-24
AIML,Male,4,1,Cognizent,Jaykumar Prakash Patil,IT,Programmer Analyst,2024-25
AIML,Male,3.25,1,Tech Mahindra,Jatin Sunil Sawant,IT,Project Engineer,2023-24
AIML,Male,3.25,1,Tech Mahindra,Nihal Naushad Sayyad,IT,Project Engineer,2023-24
AIML,Male,3.25,1,TechMahindra,Kunal Pratap Patil,IT,Project Trainee,2024-25
AIML,Male,3.25,1,TechMahindra,Rohit Sadanand Masti,IT,Project Trainee,2024-25
AIML,Male,3.25,1,TechMahindra,Shivam Maruti Nandekar,IT,Project Trainee,2024-25
AIML,Male,4,1,EXCELR Solutions,Aafan dastagir momin,IT,Software Engineer,2023-24
AIML,Male,4,1,Hexaware Technologies Pvt. Ltd.,Aayush Kamalakar Vadagaonkar,IT,Software Engineer,2024-25
AIML,Male,8.5,1,Hewlett Packard (HP),Abhinav Shivaji Gavade,IT,Software Engineer,2025-26
AIML,Male,4,1,EXCELR Solutions,Aman Zakir Pathan,IT,Software Engineer,2023-24
AIML,Male,4,1,EXCELR Solutions,Amra Bakhtiyar Nadaf,IT,Software Engineer,2023-24
AIML,Male,4,1,Hexaware Technologies Pvt. Ltd.,Dharmraj Annasaheb Patil,IT,Software Engineer,2024-25
AIML,Male,4,1,Hexaware Technologies Pvt. Ltd.,GOURAV JAGANNATH KUMBHAR,IT,Software Engineer,2024-25
AIML,Male,4,1,Hexaware Technologies Pvt. Ltd.,KEDARRAJE KIRAN GAIKWAD,IT,Software Engineer,2024-25
AIML,Male,4,1,EXCELR Solutions,Nihal Naushad Sayyad,IT,Software Engineer,2023-24
AIML,Male,4,1,EXCELR Solutions,Pratham Ravindra Sonale,IT,Software Engineer,2023-24
AIML,Male,4,1,EXCELR Solutions,Pratik Manoj Raut,IT,Software Engineer,2023-24
AIML,Male,4,1,EXCELR Solutions,Saba Shakil Attar,IT,Software Engineer,2023-24
AIML,Male,4,1,Hexaware Technologies Pvt. Ltd.,Shubham Kempanna Babanavar,IT,Software Engineer,2024-25
AIML,Male,4,1,Hexaware Technologies Pvt. Ltd.,Vajresh Dattatray Kulkarni,IT,Software Engineer,2024-25
AIML,Male,4,1,EXCELR Solutions,Yash Shyam Phulbagkar,IT,Software Engineer,2023-24
AIML,Male,2.5,1,ApMoSys Techologies,Aniruddha Anil Ghatage,IT,Software Engineer Trainee,2025-26
AIML,Male,2.5,1,"Greamio Technolgies, Pune",Aniruddha Anil Ghatage,IT,Software Engineer Trainee,2025-26
AIML,Male,4,1,ApMoSys Technologies Pvt. Ltd.,Arya Vikram Khochage,IT,Software Engineer Trainee,2024-25
AIML,Male,3.5,1,The Kiran Academy,Manthan Dhanaji Shinde,IT,Software Engineer Trainee,2025-26
AIML,Male,4,1,ApMoSys Technologies Pvt. Ltd.,Shubhankar Waman Kulkarni,IT,Software Engineer Trainee,2024-25
AIML,Male,4.8,1,Microlise,Tejas Anil Patil,IT,Software Engineer Trainee,2025-26
AIML,Male,3,1,Chegg India,Abhishek Bhupal Mane,IT,Subject Matter Expert,2023-24
AIML,Male,3,1,Chegg India,Darshan Annasaheb Bastawade,IT,Subject Matter Expert,2023-24
AIML,Male,3,1,Chegg India,Digvijay Dattatray Patil,IT,Subject Matter Expert,2023-24
AIML,Male,3,1,Chegg India,Nihal Naushad Sayyad,IT,Subject Matter Expert,2023-24
AIML,Male,3,1,Chegg India,Om Dilip Sawant,IT,Subject Matter Expert,2023-24
AIML,Male,3,1,Chegg India,Pavan Nagesh More,IT,Subject Matter Expert,2023-24
AIML,Male,3,1,Chegg India,Pranav Shridhar Sawant,IT,Subject Matter Expert,2023-24
AIML,Male,3,1,Chegg India,Prasad Sambhaji Bapat,IT,Subject Matter Expert,2023-24
AIML,Male,3,1,Chegg India,Pratik Manoj Raut,IT,Subject Matter Expert,2023-24
AIML,Male,3,1,Chegg India,Swagat Kumar Waingade,IT,Subject Matter Expert,2023-24
AIML,Male,3,1,Chegg India,Tejas Suchandra Waghmare,IT,Subject Matter Expert,2023-24
AIML,Male,3,1,Chegg India,Vithoba Namdev Jadhav,IT,Subject Matter Expert,2023-24
AIML,Male,3,1,Chegg India,Yash Shyam Phulbagkar,IT,Subject Matter Expert,2023-24
AIML,Male,3,1,AltiusTech Health IT Solutions LLP,Akbar Aliahmed Khan,IT,Technical Support,2024-25
AIML,Male,3,1,Pentagon Space Pvt Ltd, Hitesh Rajesh Sharma,IT,Trainee Engineer,2023-24
AIML,Male,3,1,Walstar Technologies Pvt. Ltd,Alkesh Rambhau Dhole,IT,Trainee Engineer,2025-26
AIML,Male,3.5,1,QSpiders,Aniket Chandrakant More,IT,Trainee Engineer,2024-25
AIML,Male,3.5,1,Global Quest Technologies,Arya Vikram Khochage,IT,Trainee Engineer,2024-25
AIML,Male,3,1,Kiran Academy,Digvijay Patil,IT,Trainee Engineer,2023-24
AIML,Male,3.5,1,QSpiders,Harshvardhan Daulat Kadam,IT,Trainee Engineer,2024-25
AIML,Male,3.5,1,"TCognition,Kolhapur",Jaykumar Prakash Patil,IT,Trainee Engineer,2024-25
AIML,Male,3.5,1,QSpiders,Kunal Pratap Patil,IT,Trainee Engineer,2024-25
AIML,Male,3.5,1,Global Quest Technologies,Om Parasharam Shetake,IT,Trainee Engineer,2024-25
AIML,Male,3.5,1,Global Quest Technologies,Omvighnesh Mangesh Koyande,IT,Trainee Engineer,2024-25
AIML,Male,3,1,Kiran Academy,Pranav Savant,IT,Trainee Engineer,2023-24
AIML,Male,3,1,Qspider,Rushikesh Santosh Ghodake,IT,Trainee Engineer,2023-24
AIML,Male,3.5,1,QSpiders,Shivam Maruti Nandekar,IT,Trainee Engineer,2024-25
AIML,Male,3,1,Qspider,Tejas Suchandra Waghmare,IT,Trainee Engineer,2023-24
AIML,Male,1.8,1,HDFC ERGO,Predeep Mokashi,IT,Web Development Intern,2023-24
AIML,Male,3,1,Hudl India Pvt Ltd,Akash Ramesh Mandlik,IT,Wyscout Analyst,2023-24
AIML,Male,6,1,Edustation,Yash Shyam Phulbagkar,Non-IT,BDA,2023-24
AIML,Male,8,1,"Edu Versity,Banglore",Aniruddha Anil Ghatage,Non-IT,BDE,2025-26
AIML,Male,8,1,"Edu Versity,Banglore",Gufran Anjumkhan Naikwadi,Non-IT,BDE,2025-26
AIML,Male,8,1,"Edu Versity,Banglore",Rajveer Prithviraj Desai,Non-IT,BDE,2025-26
AIML,Male,8,1,"Edu Versity,Banglore",Ruturaj Ramdas Nikam,Non-IT,BDE,2025-26
AIML,Male,8,1,"Edu Versity,Banglore",Saiprasad Bhagvatrao Lendale,Non-IT,BDE,2025-26
AIML,Male,8,1,"Edu Versity,Banglore",Suyash Sujay Varekar,Non-IT,BDE,2025-26
AIML,Male,8,1,"Edu Versity,Banglore",Utkarsh Ramesh Maskar,Non-IT,BDE,2025-26
AIML,Male,6.5,1,Corizo, Hitesh Rajesh Sharma,Non-IT,Business Development Associate,2023-24
AIML,Male,6,1,Unlox Academy,Aniruddha Anil Ghatage,Non-IT,Business Development Associate,2025-26
AIML,Male,6,1,Unlox Academy,Gufran Anjumkhan Naikwadi,Non-IT,Business Development Associate,2025-26
AIML,Male,6,1,Unlox Academy,Rajvardhan Shivaji Dhenge,Non-IT,Business Development Associate,2025-26
AIML,Male,6,1,Unlox Academy,Suparshav Mahaveer Patil,Non-IT,Business Development Associate,2025-26
AIML,Male,6,1,Unlox Academy,Utkarsh Ramesh Maskar,Non-IT,Business Development Associate,2025-26
AIML,Male,6.5,1,PlanetSpark, Prasad Sambhaji Bapat,Non-IT,Business Development Counsellar,2023-24
AIML,Male,7,1,Launched Global ,Abhinav Shivaji Gavade,Non-IT,Business Development Executive,2025-26
AIML,Male,7,1,Launched Global ,Aniruddha Anil Ghatage,Non-IT,Business Development Executive,2025-26
AIML,Male,7,1,Launched Global ,Gufran Anjumkhan Naikwadi,Non-IT,Business Development Executive,2025-26
AIML,Male,7,1,Launched Global ,Rajvardhan Shivaji Dhenge,Non-IT,Business Development Executive,2025-26
AIML,Male,7,1,Launched Global ,Rajveer Prithviraj Desai,Non-IT,Business Development Executive,2025-26
AIML,Male,7,1,Launched Global ,Saiprasad Bhagvatrao Lendale,Non-IT,Business Development Executive,2025-26
AIML,Male,7,1,Launched Global ,Suparshav Mahaveer Patil,Non-IT,Business Development Executive,2025-26
AIML,Male,8.2,1,GlowLogics Solutions Pvt Ltd,Manthan Dhanaji Shinde,Non-IT,Inside Sales Executive,2025-26
AIML,Male,17.2,1,GlowLogics Solutions Pvt Ltd,Vaibhav Prakash Buddhe,Non-IT,Inside Sales Executive,2025-26
AIML,Male,3,1,K12 Techni Services,Viraj Janardan Navasare,Non-IT,Trainee Engineer,2025-26
Chem,Female,4.2,1,DXC Technology,Vidya Pandurang Waghmode,IT,Associate Professional,2022-23
Chem,Female,3,1,Diageo India,Rutuja Dhananjay kadam,Non-IT,Apprentice Engineer,2024-25
Chem,Female,3,1,Diageo India,Soniya Shivaji Patil,Non-IT,Apprentice Engineer,2024-25
Chem,Female,3,1,Diageo India,Soumya Dilip Rukadikar,Non-IT,Apprentice Engineer,2024-25
Chem,Female,4.5,1,Praj Industries Limited., Sonali Baburao Sutar,Non-IT,GET,2023-24
Chem,Female,2.25,1,TKT Engineering, Sonali Baburao Sutar,Non-IT,GET,2023-24
Chem,Female,6.5,1,Technimont, Trupti Ankush Shinde,Non-IT,GET,2023-24
Chem,Female,1.8,1,"ChemSepT Engineering Pvt Ltd, Pune",Devayani Santosh Badave,Non-IT,GET,2024-25
Chem,Female,2.16,1,Laxmi Organics,Divya Jagdale,Non-IT,GET,2022-23
Chem,Female,4,1,Accent Techno Solution,Gayatri Ashok Kshirsagar,Non-IT,GET,2024-25
Chem,Female,1.8,1,"Sepadu Tech Pvt. Ltd., Mumbai",Himani Bhoyar,Non-IT,GET,2023-24
Chem,Female,2.16,1,Laxmi Organics,Mrunmayee Ingle,Non-IT,GET,2022-23
Chem,Female,2.25,1,"Fluid Systems., Pune",Prajakta Pratapsinha Patil,Non-IT,GET,2022-23
Chem,Female,5.15,1,Worley,Prerana Rajkumar Sugatekar,Non-IT,GET,2023-24
Chem,Female,2.4,1,"Chemsep India Pvt. Ltd., Pune",Priyanka jadhav,Non-IT,GET,2023-24
Chem,Female,2.4,1,"Chemsep India Pvt. Ltd., Pune",Rajlaxmi Jadhav,Non-IT,GET,2023-24
Chem,Female,2.16,1,Laxmi Organics,Rasika Bhatkar,Non-IT,GET,2022-23
Chem,Female,1.8,1,CH Four energy solution,Sajiya Riyaj Mulla,Non-IT,GET,2024-25
Chem,Female,2.25,1,"Fluid Systems., Pune",Sandhya Chavan,Non-IT,GET,2022-23
Chem,Female,1.8,1,"ChemSepT Engineering Pvt Ltd, Pune",Sanika Namdev Kashid,Non-IT,GET,2024-25
Chem,Female,3,1,MOSIL Lubricants,Saniya Harun Mullani,Non-IT,GET,2025-26
Chem,Female,3,1,Aarati Pharmaceuticals,Shejal Tanaji Sutar,Non-IT,GET,2023-24
Chem,Female,2.16,1,Laxmi Organics,Shreya Taraye,Non-IT,GET,2022-23
Chem,Female,1.8,1,"ChemSepT Engineering Pvt Ltd, Pune",Soniya Shivaji Patil,Non-IT,GET,2024-25
Chem,Female,1.8,1,"ChemSepT Engineering Pvt Ltd, Pune",Soumya Dilip Rukadikar,Non-IT,GET,2024-25
Chem,Female,3,1,Privi Speciality Chemicals Limited,Tabbsum Usman Shaikh,Non-IT,GET,2022-23
Chem,Female,4,1,Accent Techno Solution,Tahura Mujeeb Kaktikar,Non-IT,GET,2024-25
Chem,Female,6.5,1,Technimont,Vaibhavi Ajit Ghare,Non-IT,GET,2023-24
Chem,Female,4,1,Techniche Engg. Pvt ltd, Sandhya Suresh Chavan,Non-IT,Jr.Risk & Safety Engineer,2022-23
Chem,Female,3,1,Chegg India,Divya Hanumant Jagadale,Non-IT,Subject Matter Expert,2022-23
Chem,Female,3,1,Chegg India,Rasika Kishor Bhatkar,Non-IT,Subject Matter Expert,2022-23
Chem,Female,3,1,Chegg India,Sandhya Suresh Chavan,Non-IT,Subject Matter Expert,2022-23
Chem,Female,3,1,Chegg India,Shreya Subhash Taraye,Non-IT,Subject Matter Expert,2022-23
Chem,Female,3,1,Chegg India,Vidya Pandurang Waghmode,Non-IT,Subject Matter Expert,2022-23
Chem,Female,2.4,1,Y- Chem Consultant Mumbai,Rashmi Khond,Non-IT,Trainee Engineer,2022-23
Chem,Male,,1,"",Shubham Kamble,Intern,"",2024-25
Chem,Male,4.2,1,DXC Technology,Siddhesh Ramesh Chandole,IT,Associate Professional,2022-23
Chem,Male,3,1,Chegg India,Krishna Masnaji Narote,IT,Subject Matter Expert,2023-24
Chem,Male,3,1,Chegg India,Mahantesh Sanjay Kore,IT,Subject Matter Expert,2023-24
Chem,Male,3,1,Chegg India,Saurabh Krishna Nalugade,IT,Subject Matter Expert,2023-24
Chem,Male,3,1,Chegg India,Vinayak Rajendra Chavan,IT,Subject Matter Expert,2023-24
Chem,Male,3.36,1,Tata Consultancy Services,Aniket Ananda Shinde,IT,System Engineer,2022-23
Chem,Male,2.4,1,Deepak Nova,Amrut Mali,Non-IT,GAT,2022-23
Chem,Male,2.4,1,Deepak Nova,Kshiteej Naik,Non-IT,GAT,2022-23
Chem,Male,2.4,1,Deepak Nova,Mohan Bahire,Non-IT,GAT,2022-23
Chem,Male,2.25,1,TKT Engineering, Aditya Pandit Patil,Non-IT,GET,2023-24
Chem,Male,2.16,1,Laxmi Organics, Akash Gyanaba Waghmare,Non-IT,GET,2022-23
Chem,Male,2.16,1,Laxmi Organics, Amol Appa Thavare,Non-IT,GET,2022-23
Chem,Male,3,1,Techniche, Bhavesh D Mahajan,Non-IT,GET,2023-24
Chem,Male,3,1,Privi Speciality Chemicals Limited, Pratik Raju Parate,Non-IT,GET,2022-23
Chem,Male,2.75,1,WTE Infra, Saurav sanjay patil,Non-IT,GET,2022-23
Chem,Male,3,1,Techniche, Shivraj Sanjay Shete,Non-IT,GET,2023-24
Chem,Male,3,1,Vinati Organics Ltd, Sourabh Kadam,Non-IT,GET,2023-24
Chem,Male,3.5,1,Aarati Pharmaceuticals,"
 Vijay Suresh Bhiungade",Non-IT,GET,2023-24
Chem,Male,5.5,1,Solar Group,Abhijeet Tanaji Patil,Non-IT,GET,2025-26
Chem,Male,1.8,1,"USV Ltd., Chiplun",Abhijit Chougule,Non-IT,GET,2022-23
Chem,Male,2.5,1,Praxys Project Engineers Private Limited,Abhishek Sandipan Bhosale,Non-IT,GET,2024-25
Chem,Male,3,1,"I.G.P.L., Taloja Mumbai",Abhishek Sanjay Danane,Non-IT,GET,2022-23
Chem,Male,3,1,"Aeon India Corporation Ltd., Pirangut, Pune",Abhishek Tekale,Non-IT,GET,2022-23
Chem,Male,3,1,Aarati Pharmaceuticals,Adil Aslam Desai,Non-IT,GET,2023-24
Chem,Male,3,1,M J Biopharm,Adinath Mahadev Vaje,Non-IT,GET,2025-26
Chem,Male,6,1,Technimont,Aditya Bhalchandra Joshi,Non-IT,GET,2024-25
Chem,Male,1.8,1,"ChemSepT Engineering Pvt Ltd, Pune",Aditya Jaysing Patil,Non-IT,GET,2024-25
Chem,Male,2.16,1,"Satyam Petrochemicals Ltd., Umbraj",Aditya Popat Patil,Non-IT,GET,2024-25
Chem,Male,4,1,"Astec Life Sciences Ltd., Mumbai",Afnan Shaikh,Non-IT,GET,2022-23
Chem,Male,1.8,1,"ChemSepT Engineering Pvt Ltd, Pune",Ajaykumar Sanjay More,Non-IT,GET,2024-25
Chem,Male,2.16,1,Laxmi Organics,Akash Shintre,Non-IT,GET,2022-23
Chem,Male,2.16,1,Laxmi Organics,Akshay Karande,Non-IT,GET,2022-23
Chem,Male,2.16,1,"Satyam Petrochemicals Ltd., Umbraj",Aman Zakirhusen Sandi,Non-IT,GET,2024-25
Chem,Male,2.4,1,"Amoli Organics Ltd. Vapi, Gujrat",Amar Balasaheb Lamkane,Non-IT,GET,2022-23
Chem,Male,2.16,1,Baramati Agrochemicals Baramati,Amar Balasaheb Lamkane,Non-IT,GET,2022-23
Chem,Male,2.16,1,Laxmi Organics,Amol Patil,Non-IT,GET,2022-23
Chem,Male,3,1,Jindal Speciality Chemicals Ltd,Amol Vinayak Patil,Non-IT,GET,2024-25
Chem,Male,2.16,1,Laxmi Organics,Aniket Jadhav,Non-IT,GET,2022-23
Chem,Male,2.16,1,Laxmi Organics,Aniket Shinde,Non-IT,GET,2022-23
Chem,Male,2.16,1,"Satyam Petrochemicals Ltd., Umbraj",Arman Shankar Bavdekar,Non-IT,GET,2024-25
Chem,Male,1.8,1,"Harmony Organics Pvt Ltd, Kurkumbh",Ashutosh Amar Kadam,Non-IT,GET,2024-25
Chem,Male,3.6,1,"Rajdeep Engg. Pvt. Ltd, Pune",Atharv Chafale,Non-IT,GET,2023-24
Chem,Male,3,1,"Harmony organics Pvt. Ltd., Pune",Atharva Dhere,Non-IT,GET,2023-24
Chem,Male,7,1,Toyo Engineering,Atharva R Shintre,Non-IT,GET,2024-25
Chem,Male,3,1,"Harmony organics Pvt. Ltd., Pune",Bharat Mundhe,Non-IT,GET,2023-24
Chem,Male,2.5,1,Darshan Chemicals,Chirag Shantinath Ambai,Non-IT,GET,2025-26
Chem,Male,2.2,1,"Unichem Labs Ltd, Kolhapur",Dhairysheel Ghorpade,Non-IT,GET,2022-23
Chem,Male,3,1,"Aarti Pharmalabs Pvt. Ltd., Mumbai",Ganesh Narbat,Non-IT,GET,2023-24
Chem,Male,2.5,1,"Aarti Pharmalabs Pvt. Ltd.,Vapi",Gaurav Chougule,Non-IT,GET,2023-24
Chem,Male,2.24,1,"USV Ltd., Lote",Gaurav Chougule,Non-IT,GET,2023-24
Chem,Male,6,1,Technimont,Gayatri Santosh Bedare,Non-IT,GET,2024-25
Chem,Male,1.8,1,"Harmony Organics Pvt Ltd, Kurkumbh",Gopi Kumar Kapare,Non-IT,GET,2024-25
Chem,Male,1.8,1,"Harmony Organics Pvt Ltd, Kurkumbh",Guruprasad M. Desai,Non-IT,GET,2024-25
Chem,Male,3,1,"Harmony organics Pvt. Ltd., Pune",Harsh Khanviklar,Non-IT,GET,2023-24
Chem,Male,6,1,Excel Industries,Harsh Subodh Khanvilkar,Non-IT,GET,2023-24
Chem,Male,3.5,1,"LCS Services Pvt. Ltd., Baroda",Himanshu Deshmukh,Non-IT,GET,2023-24
Chem,Male,1.8,1,"USV Ltd., Chiplun",Karan Satish Shedage,Non-IT,GET,2022-23
Chem,Male,4,1,Accent Techno Solution,Karan Udaysinh Sawant,Non-IT,GET,2024-25
Chem,Male,1.8,1,"ACME Process Systems Pvt Ltd, Pune",Karan Udaysinh Sawant,Non-IT,GET,2024-25
Chem,Male,5.46,1,Tecnimont,Kiran Balasaheb Dhere,Non-IT,GET,2025-26
Chem,Male,2.4,1,"Chemsep India Pvt. Ltd., Pune",Kirtiraj Chougule,Non-IT,GET,2023-24
Chem,Male,1.8,1,"USV Ltd., Chiplun",Kishor Jadhav,Non-IT,GET,2022-23
Chem,Male,3.6,1,"Rajdeep Engg. Pvt. Ltd, Pune",Krishna Narote,Non-IT,GET,2023-24
Chem,Male,1.8,1,"Harmony Organics Pvt Ltd, Kurkumbh",Kshitij Suresh Waidande,Non-IT,GET,2024-25
Chem,Male,2.5,1,Vinati Organics,Kshitij Suresh Waidande,Non-IT,GET,2024-25
Chem,Male,2.16,1,Laxmi Organics,Kunal Sayankar,Non-IT,GET,2022-23
Chem,Male,5,1,Hikal Ltd,Mandar Indulkar,Non-IT,GET,2023-24
Chem,Male,3,1,"Harmony organics Pvt. Ltd., Pune",Mayur Sunil Patil,Non-IT,GET,2023-24
Chem,Male,4.5,1,Praj Industries Limited.,Mayur Sunil Patil,Non-IT,GET,2023-24
Chem,Male,3,1,Vinati Organics Ltd,Nitiraj More,Non-IT,GET,2023-24
Chem,Male,1.8,1,"S-CUBE Mass Transfer Pvt Ltd, Pune",Om Pandurang Thombare,Non-IT,GET,2024-25
Chem,Male,3,1,"Vinati Organics Ltd., Lote",Omkar Taukari,Non-IT,GET,2023-24
Chem,Male,4,1,Deccan Chemicals,Onkar Bhanudas Gavade,Non-IT,GET,2022-23
Chem,Male,2.4,1,"Amoli Organics Ltd. Vapi, Gujrat",Onkar Janardan Patil,Non-IT,GET,2022-23
Chem,Male,3.5,1,Pyramid Consulting Engineers Pvt Ltd,Parvez Gardi,Non-IT,GET,2022-23
Chem,Male,2.16,1,Laxmi Organics,Piyush Wagh,Non-IT,GET,2022-23
Chem,Male,1.8,1,"Jindal Specialty Chemicals, Gujarat",Pranav Dnyaneshwar Khotale,Non-IT,GET,2024-25
Chem,Male,1.8,1,"Harmony Organics Pvt Ltd, Kurkumbh",Pranav Suresh Patil,Non-IT,GET,2024-25
Chem,Male,6,1,Technimont,Prashant Ravsaheb Yadav,Non-IT,GET,2024-25
Chem,Male,2.16,1,"Satyam Petrochemicals Ltd., Umbraj",Prathmesh Rajesh Arwade,Non-IT,GET,2024-25
Chem,Male,1.8,1,"Reva Process Technology, Pune",Pratik Sunil Madake,Non-IT,GET,2024-25
Chem,Male,3,1,"Vinati Organics Ltd., Lote",Pritam Patil,Non-IT,GET,2023-24
Chem,Male,3,1,"I.G.P.L., Taloja Mumbai",Rahul Govind Mohite,Non-IT,GET,2022-23
Chem,Male,1.8,1,Aarati Drugs,Rahul Kolekar,Non-IT,GET,2020-21
Chem,Male,3.6,1,"Rajdeep Engg. Pvt. Ltd, Pune",Rahul Patil,Non-IT,GET,2023-24
Chem,Male,1.8,1,"ChemSepT Engineering Pvt Ltd, Pune",Reva Arun Patil,Non-IT,GET,2024-25
Chem,Male,3,1,Techniche,Rohan Mukund Jadhav,Non-IT,GET,2023-24
Chem,Male,2.16,1,Laxmi Organics,Rohit Khopade,Non-IT,GET,2022-23
Chem,Male,3,1,"I.G.P.L., Taloja Mumbai",Rohit Raju Alande,Non-IT,GET,2022-23
Chem,Male,3,1,"Akers Gas Pvt. Ltd., Pune",Saad Banchar,Non-IT,GET,2023-24
Chem,Male,3.5,1,NGL Ltd,Sachin Jaware,Non-IT,GET,2022-23
Chem,Male,1.8,1,"ChemSepT Engineering Pvt Ltd, Pune",Sai Nivas Chavan,Non-IT,GET,2024-25
Chem,Male,2.16,1,Laxmi Organics,Saklen Vakil Tamboli,Non-IT,GET,2022-23
Chem,Male,2,1,"Vinati Organics Ltd., Chipun",Sandip Chavan,Non-IT,GET,2022-23
Chem,Male,2.4,1,"Amoli Organics Ltd. Vapi, Gujrat",Sandip Patangrao Chavan,Non-IT,GET,2022-23
Chem,Male,6,1,Technimont,Sanika Shivaji Shingare,Non-IT,GET,2024-25
Chem,Male,3.6,1,"Rajdeep Engg. Pvt. Ltd, Pune",Sankalpraj Salunkhe,Non-IT,GET,2023-24
Chem,Male,2.4,1,"Cipla Ltd., Patalganga",Satyajeet Waingade,Non-IT,GET,2022-23
Chem,Male,3,1,"I.G.P.L., Taloja Mumbai",saurav sanjay patil,Non-IT,GET,2022-23
Chem,Male,2.16,1,"Satyam Petrochemicals Ltd., Umbraj",Shivprasad Nagesh Nilakhe,Non-IT,GET,2024-25
Chem,Male,2.4,1,"Aarti Pharmalabs Pvt. Ltd.,Vapi",Shivraj Bhandigare,Non-IT,GET,2023-24
Chem,Male,3,1,M J Biopharm,Shreyash Uday Patil,Non-IT,GET,2025-26
Chem,Male,1.8,1,"Reva Process Technology, Pune",Shriraj Jalindar Nikam,Non-IT,GET,2024-25
Chem,Male,2.75,1,WTE Infra,Shubham Katale,Non-IT,GET,2022-23
Chem,Male,3.5,1,Manal Enterprizes Pune,Shubham Santaji Mane,Non-IT,GET,2022-23
Chem,Male,1.8,1,"Harmony Organics Pvt Ltd, Kurkumbh",Shubham Shivaji Gavad,Non-IT,GET,2024-25
Chem,Male,1.8,1,"Harmony Organics Pvt Ltd, Kurkumbh",Shubham Vijay Karbhari,Non-IT,GET,2024-25
Chem,Male,4.5,1,Praj Industries Limited.,Sohel Khalid Nadaf,Non-IT,GET,2023-24
Chem,Male,3.6,1,Excel Industries,Sudesh Patil,Non-IT,GET,2023-24
Chem,Male,1.8,1,"Harmony Organics Pvt Ltd, Kurkumbh",Sujeet Sanjay Mane,Non-IT,GET,2024-25
Chem,Male,2.5,1,Vinati Organics,Sujeet Sanjay Mane,Non-IT,GET,2024-25
Chem,Male,2,1,"Vinati Organics Ltd., Chipun",Sujit Patil,Non-IT,GET,2022-23
Chem,Male,3,1,M J Biopharm,Sujit Sambhaji Patil,Non-IT,GET,2025-26
Chem,Male,2.4,1,"Amoli Organics Ltd.,Vapi, Gujrat",Sujit Shivaji Patil,Non-IT,GET,2022-23
Chem,Male,9,1,"Excel Industries Ltd., Lote",Sujitkumar Mali,Non-IT,GET,2022-23
Chem,Male,3.5,1,Aarati Pharmaceuticals,Swapnil Nivrutti Patil,Non-IT,GET,2023-24
Chem,Male,2.4,1,"Chemsep India Pvt. Ltd., Pune",Swaroop Pawar,Non-IT,GET,2023-24
Chem,Male,3,1,"Harmony organics Pvt. Ltd., Pune",Uday Gurav,Non-IT,GET,2023-24
Chem,Male,3,1,"Deepak Nitrites Limited, Roha",Vahid Jamadar,Non-IT,GET,2023-24
Chem,Male,3.6,1,Excel Industries,Vaibhav Rathod,Non-IT,GET,2023-24
Chem,Male,2.85,1,"Ensys Engineering Pvt. Ltd, Pune",Vijay Suresh Bhiungade,Non-IT,GET,2023-24
Chem,Male,5.1,1,Worley,Viren Narendra Awaghade,Non-IT,GET,2022-23
Chem,Male,3,1,"Deepak Nitrites Limited, Roha",Vishal Shevale,Non-IT,GET,2023-24
Chem,Male,2.5,1,"Fluid Systems., Pune",Vishwajeet Muthal,Non-IT,GET,2022-23
Chem,Male,4,1,"Alkyl Amines Ltd., Kurkumbh",Vishwaraj Chougule,Non-IT,GET,2022-23
Chem,Male,3,1,"Proton Engg. Consultancy and Services, Thane",Vivek S. Koli,Non-IT,GET,2023-24
Chem,Male,5.5,1,Solar Group,Yash Krishnat Gardi,Non-IT,GET,2025-26
Chem,Male,2.16,1,"Satyam Petrochemicals Ltd., Umbraj",Yash Parashram Meswadikar,Non-IT,GET,2024-25
Chem,Male,2.4,1,"Darshan Chemicals Ltd., Mumbai",Yash Rahul Belekar,Non-IT,GET,2024-25
Chem,Male,5.5,1,Solar Group,Yash Sudhir Chavan,Non-IT,GET,2025-26
Chem,Male,2.5,1,Darshan Chemicals,Yash Sunil Walvekar,Non-IT,GET,2025-26
Chem,Male,2.4,1,"Darshan Chemicals Ltd. , Mumbai",Yashpal Vasantrao Sonare,Non-IT,GET,2024-25
Chem,Male,4,1,Techniche Engg. Pvt ltd, Sumit Vasantrao Suryawanshi,Non-IT,Jr.Risk & Safety Engineer,2022-23
Chem,Male,2.64,1,Baramati Agro,Akash Naiknaware,Non-IT,Junior Engineer,2022-23
Chem,Male,3,1,Chegg India,Abhijeet Pandurang Chougale,Non-IT,Subject Matter Expert,2022-23
Chem,Male,3,1,Chegg India,Abhishek Sanjay Danane,Non-IT,Subject Matter Expert,2022-23
Chem,Male,3,1,Chegg India,Akash Gyanaba Waghmare,Non-IT,Subject Matter Expert,2022-23
Chem,Male,3,1,Chegg India,Aniket Ananda Shinde,Non-IT,Subject Matter Expert,2022-23
Chem,Male,3,1,Chegg India,Aniket Mohan Khatangale,Non-IT,Subject Matter Expert,2022-23
Chem,Male,3,1,Chegg India,Ranjan Popatrao Yadav,Non-IT,Subject Matter Expert,2022-23
Chem,Male,3,1,Chegg India,Sumit Vasantrao Suryawanshi,Non-IT,Subject Matter Expert,2022-23
Chem,Male,3,2,Chegg India,Uday Manoj Deshmukh,Non-IT,Subject Matter Expert,2022-23
Chem,Male,3,1,Chegg India,Vaibhav Suresh Akkole,Non-IT,Subject Matter Expert,2022-23
Chem,Male,3,1,Chegg India,Vishvajeet Narayan Muthal,Non-IT,Subject Matter Expert,2022-23
Chem,Male,2.25,1,Bectochem,Abhishek Tekale,Non-IT,Trainee Engineer,2022-23
Chem,Male,3,1,"Rajdeep Engg. Pvt. Lyd., Pune",Aniket Khatangale,Non-IT,Trainee Engineer,2022-23
Chem,Male,2.25,1,Bectochem,Pratik Parate,Non-IT,Trainee Engineer,2022-23
Chem,Male,2.5,1,"Knitcon Processes Pvt. Ltd., Pune",Ranjan Yadav,Non-IT,Trainee Engineer,2022-23
Chem,Male,3,1,"Rajdeep Engg. Pvt. Lyd., Pune",Shantanu Phadtare,Non-IT,Trainee Engineer,2022-23
Chem,Male,2.5,1,"Knitcon Processes Pvt. Ltd., Pune",Uday Deshmukh,Non-IT,Trainee Engineer,2022-23
Chemical,Female,4,2,Cognizant,kanishka kiran patil,IT,GenC - Select,2021-22
Chemical,Female,4,2,Cognizant,Minesh Namdev Rajput,IT,GenC - Select,2021-22
Chemical,Female,3,2,MentorBoxx,Vasundhara Shende,Non-IT,Community Influncer,2021-22
Chemical,Female,2,1,Darshan Chemicals,Afreed Javed Mujawar,Non-IT,GAT,2019-20
Chemical,Female,2,1,Darshan Chemicals Ltd.,Afrred Mujawar,Non-IT,GET,2019-20
Chemical,Female,2.4,1,"Privi Organics Ltd., Mahad",Aishwarya Rajput,Non-IT,GET,2019-20
Chemical,Female,3.5,1,DIAGEO India Ltd. Barmati,Anjali Patil,Non-IT,GET,2018-19
Chemical,Female,3,1,"Laxmi Organics Ltd., Mahad",Damini Kamble,Non-IT,GET,2018-19
Chemical,Female,1.8,1,"Aditi Chemicals Ltd, Sangli",Diksha Kamble,Non-IT,GET,2017-18
Chemical,Female,2.28,1,"Imvedu technologies Ltd, Mumbai",Divya Dongare,Non-IT,GET,2020-21
Chemical,Female,4,2,Worley India,Kanishka patil,Non-IT,GET,2021-22
Chemical,Female,2.4,2,Arkchem Process Pvt Ltd,Pooja Khot,Non-IT,GET,2021-22
Chemical,Female,2.4,2,Arkchem Process Pvt Ltd,Prajakta Shinde,Non-IT,GET,2021-22
Chemical,Female,3.2,2,Aquachem Enviro Engg. Pvt. Ltd,Pranali Uttam Kapase,Non-IT,GET,2021-22
Chemical,Female,3.5,1,"DIAGEO India Ltd., Baramati",Shivani Jaiswal,Non-IT,GET,2018-19
Chemical,Female,2.6,1,"Privi Organics Ltd, Mahad",Suvarna Mote,Non-IT,GET,2017-18
Chemical,Female,2.8,1,PRIVI Organics Ltd. Mahad,Vaishnavi Kanetkar,Non-IT,GET,2018-19
Chemical,Female,2.4,2,Arkchem Process Pvt Ltd,Vasundhara Shende,Non-IT,GET,2021-22
Chemical,Female,2.4,2,TuringMinds.Ai,Avantika Tikale,Non-IT,Trainee Engineer,2021-22
Chemical,Male,5.5,2,SKOLER,Minesh Namdev Rajput,Intern,Business Development Trainee,2021-22
Chemical,Male,5.5,2,SKOLER,Rushikesh Shashikant Deshmukh,Intern,Business Development Trainee,2021-22
Chemical,Male,4,2,DXC Technology,Nishant Namdev Saramble,IT,Associate Professional,2021-22
Chemical,Male,4,2,DXC Technology,Rutvik Vijay Kothekar,IT,Associate Professional,2021-22
Chemical,Male,3.36,1,Tata Consultancy Services - Ninja,Ashish Ankush Jadhav,IT,Associate System Engineer,2020-21
Chemical,Male,4,2,Cognizant,sourabh basavraj babanavar,IT,GenC - Select,2021-22
Chemical,Male,4,2,Cognizant,Vaibhav Bajirao Kadam,IT,GenC - Select,2021-22
Chemical,Male,4,2,Cognizant,Vishal Popat Suse,IT,GenC - Select,2021-22
Chemical,Male,3.5,2,Wipro,Pratik Ramkumar Raut,IT,Project Engineer,2021-22
Chemical,Male,4,2,Cognizant,Saiprasad Sadashiv Patil,IT,vai,2021-22
Chemical,Male,4.8,2,"PinClick,Pune",Shadab Usman Shaikh,Non-IT,Associate Property Advisor,2021-22
Chemical,Male,1.8,1,"Esaplling Pvt Ltd,Pune",Kamble Amruta agatrao,Non-IT,BDE - HVAC,2016-17
Chemical,Male,12,1,"Jaro Education group, Mumbai",Chetan Jambhulkar,Non-IT,BE,2018-19
Chemical,Male,3,2,MentorBoxx,Pratik Kamble,Non-IT,Community Influncer,2021-22
Chemical,Male,3,2,MentorBoxx,Rushikesh Deshmukh,Non-IT,Community Influncer,2021-22
Chemical,Male,3,2,MentorBoxx,Sopan Laware,Non-IT,Community Influncer,2021-22
Chemical,Male,2,2,"Smriti Organics,Solapur",Sandip Shinde,Non-IT,Data Analyst,2021-22
Chemical,Male,2.4,2,Laxmi Organics,Abishek Chavan,Non-IT,GAT,2021-22
Chemical,Male,3,2,"HEMRL Lab DRDO,Pune",Aditya Pailwan,Non-IT,GAT,2021-22
Chemical,Male,3.5,2,Aquatech Asia,Akash G Nalawade,Non-IT,GAT,2021-22
Chemical,Male,2.4,2,Laxmi Organics,Aniruddha Sawant,Non-IT,GAT,2021-22
Chemical,Male,2.4,2,Laxmi Organics,Avadhut Jadhav,Non-IT,GAT,2021-22
Chemical,Male,2.4,2,Laxmi Organics,Chaitanya Taralekar,Non-IT,GAT,2021-22
Chemical,Male,3,2,"HEMRL Lab DRDO,Pune",Gajanan Mhetre,Non-IT,GAT,2021-22
Chemical,Male,3,2,"HEMRL Lab DRDO,Pune",Ganesh More,Non-IT,GAT,2021-22
Chemical,Male,2,1,Darshan Chemicals,Mehamud D. Shaikh,Non-IT,GAT,2019-20
Chemical,Male,3,2,"HEMRL Lab DRDO,Pune",Nishant Saramble,Non-IT,GAT,2021-22
Chemical,Male,3,2,"HEMRL Lab DRDO,Pune",Omkar Ramrao Ghatage,Non-IT,GAT,2021-22
Chemical,Male,3,2,"HEMRL Lab DRDO,Pune",Pratik Kamble,Non-IT,GAT,2021-22
Chemical,Male,2.4,2,Laxmi Organics,Pratik Kamble,Non-IT,GAT,2021-22
Chemical,Male,2,1,Darshan Chemicals,Pritam B. Nangnurkar,Non-IT,GAT,2019-20
Chemical,Male,3,2,"HEMRL Lab DRDO,Pune",Rushikesh Deshmukh,Non-IT,GAT,2021-22
Chemical,Male,3,2,"HEMRL Lab DRDO,Pune",Rutvik Patil,Non-IT,GAT,2021-22
Chemical,Male,2.4,2,Laxmi Organics,Sanket Barage,Non-IT,GAT,2021-22
Chemical,Male,2.4,2,Laxmi Organics,Shadab Shaikh,Non-IT,GAT,2021-22
Chemical,Male,3.5,2,Aquatech Asia,Sourabh B Babanavar,Non-IT,GAT,2021-22
Chemical,Male,3,2,"HEMRL Lab DRDO,Pune",Sudarshan Bagal,Non-IT,GAT,2021-22
Chemical,Male,3,2,"HEMRL Lab DRDO,Pune",Swaroop Raut,Non-IT,GAT,2021-22
Chemical,Male,2,1,Darshan Chemicals,Vaibhav Sanjay Katkar,Non-IT,GAT,2019-20
Chemical,Male,2.4,2,Laxmi Organics,Vikas Ghanawat,Non-IT,GAT,2021-22
Chemical,Male,2.4,1,"Privi Organics Ltd., Mahad",Abhijit Desai,Non-IT,GET,2019-20
Chemical,Male,2.5,1,Innovassynth Technologies (I) Ltd.,Abhijit Jadhav,Non-IT,GET,2016-17
Chemical,Male,1.8,1,"Glenmark Pharmaceutical Ltd, Kurkumbh",Adesh Tarange,Non-IT,GET,2017-18
Chemical,Male,1.8,1,"Intech Organics Ltd ,Goa",Adesh Tarange,Non-IT,GET,2017-18
Chemical,Male,3.5,1,"DIAGEO India Ltd., Baramati",Aditi Kokate,Non-IT,GET,2020-21
Chemical,Male,2.5,1,"Deepak Novachem Tech. Ltd., Lote MIDC, Chiplun",Aditya Kikale,Non-IT,GET,2020-21
Chemical,Male,1.8,1,"Vamsi Labs Ltd., Solapur",Aditya Lahoti,Non-IT,GET,2019-20
Chemical,Male,2.5,1,"Westin Resins & Polymers Pvt. Ltd., Dahisar",Ajay Kore,Non-IT,GET,2016-17
Chemical,Male,1.5,1,"Darshan Chemicals Ltd., Mumabi",Ajit Chougule,Non-IT,GET,2020-21
Chemical,Male,2.5,1,"Shuddhi Chemicals Ltd., Kagal",Akash Ghadi,Non-IT,GET,2016-17
Chemical,Male,1.8,1,"Maniram Organics Ltd., Mahad",Akash Kamble,Non-IT,GET,2020-21
Chemical,Male,2.5,1,"Finolex Industries,Ratnagiri",Akshay Chavan,Non-IT,GET,2016-17
Chemical,Male,2.5,1,"NOCIL (India) Ltd., Mumbai",Akshay Patil,Non-IT,GET,2016-17
Chemical,Male,2.5,1,"Deepak Novachem Tech. Ltd., Lote MIDC, Chiplun",Akshay Punalkar,Non-IT,GET,2020-21
Chemical,Male,1.8,1,"IVP India Ltd., Tarapur, Mumbai",Akshay shelke,Non-IT,GET,2017-18
Chemical,Male,2.5,1,"Crisil Ltd., Pune",Altaf Nadaf,Non-IT,GET,2016-17
Chemical,Male,2.5,1,PRIVI Organics Ltd. Mahad,Altamash Ballari,Non-IT,GET,2016-17
Chemical,Male,1.44,1,"Cipla Ltd., Kurkumbh MIDC, Daund, Pune.",Aman Jamadar,Non-IT,GET,2020-21
Chemical,Male,3.5,1,"DIAGEO India Ltd., Baramati",Ankita Kolekar,Non-IT,GET,2020-21
Chemical,Male,2.5,1,"G.J. Multigases Pvt. Ltd., Ambarnath",Arshadkhan Pathan,Non-IT,GET,2016-17
Chemical,Male,1.8,1,"NOCIL India Ltd,",Arun Powar,Non-IT,GET,2017-18
Chemical,Male,4,2,Worley India,Ashish fatke,Non-IT,GET,2021-22
Chemical,Male,2.5,1,"Westin Resins & Polymers Pvt. Ltd., Dahisar",Bhushan Durgule,Non-IT,GET,2016-17
Chemical,Male,1.5,1,"Darshan Chemicals Ltd., Mumabi",Changappa Rakshe,Non-IT,GET,2020-21
Chemical,Male,1.8,1,"Amazon India Ltd., Mumbai",Chetan Ambekar,Non-IT,GET,2017-18
Chemical,Male,2.5,1,"Laxmi Organics Ltd., Mahad",Chetan Ambekar,Non-IT,GET,2017-18
Chemical,Male,1.8,1,"Maniram Organics Ltd., Mahad",Chetan Kolekar,Non-IT,GET,2020-21
Chemical,Male,1.8,1,"Wyte water Ltd.,Pune",Dnyandev Dhone,Non-IT,GET,2017-18
Chemical,Male,3,1,"IGPL, Mumbai",Ganesh Patil,Non-IT,GET,2016-17
Chemical,Male,2.2,1,Centaur Pharmaceuticals Ltd.,Inamul Shaikh,Non-IT,GET,2018-19
Chemical,Male,2.1,1,Aquacare Technique India Ltd,Indrajit Mane,Non-IT,GET,2020-21
Chemical,Male,1.5,1,"Darshan Chemicals Ltd., Mumabi",Jaid Patel,Non-IT,GET,2020-21
Chemical,Male,1.5,1,"Darshan Chemicals Ltd., Mumabi",Jitendra Choudhary,Non-IT,GET,2020-21
Chemical,Male,2.5,1,"Deepak Nitrites Ltd., Roha",Jotiba Chougule,Non-IT,GET,2016-17
Chemical,Male,2.5,1,"Finolex Industries,Ratnagiri",Kailash Powar,Non-IT,GET,2016-17
Chemical,Male,2.4,1,Watson Pharma,Kailsh Pawar,Non-IT,GET,2016-17
Chemical,Male,2.5,1,PRIVI Organics Ltd. Mahad,Kale Shankar B.,Non-IT,GET,2016-17
Chemical,Male,2.5,1,PRIVI Organics Ltd. Mahad,Khamkar Gurunath N.,Non-IT,GET,2016-17
Chemical,Male,1.8,1,"Intech Organics Ltd ,Goa","Kiran Awargand,",Non-IT,GET,2017-18
Chemical,Male,2.4,1,"Camlin fine science Ltd., Tarapur",Kiran Kamble,Non-IT,GET,2020-21
Chemical,Male,1.8,1,"Balaji amines Ltd, Solapur",Kishor Gavali,Non-IT,GET,2017-18
Chemical,Male,2.1,1,Aquacare Technique India Ltd,Kunal Jadhav,Non-IT,GET,2020-21
Chemical,Male,1.44,1,"Cipla Ltd., Kurkumbh MIDC, Daund, Pune.",Kunal Sutar,Non-IT,GET,2020-21
Chemical,Male,3.5,1,"Technoforce india Ltd., Nashik",Mahesh Bayas,Non-IT,GET,2017-18
Chemical,Male,2,1,Smruti Organics,Mahesh Waghsare,Non-IT,GET,2019-20
Chemical,Male,2.4,1,"Privi Organics Ltd., Mahad",Mangesh Chavan,Non-IT,GET,2019-20
Chemical,Male,1.8,1,"Intech Organics Ltd ,Goa",Manoj Eklare,Non-IT,GET,2017-18
Chemical,Male,2,1,Darshan Chemicals Ltd.,Mehmood Shaikh,Non-IT,GET,2019-20
Chemical,Male,3.5,1,"Aqua pharm Industries Ltd., Mumbai",Miss. Nikita Mandarekar,Non-IT,GET,2019-20
Chemical,Male,1.8,1,"IG Petrochemicals Ltd., Mumbai",Mohit Katare,Non-IT,GET,2017-18
Chemical,Male,3.5,1,Lupin Pharmaceuticals Ltd. Mumbai,Mr. Aditya Dakhore,Non-IT,GET,2019-20
Chemical,Male,3.5,1,"Finolex Industries Ltd., Ratnagiri",Mr. Shubham Sawant,Non-IT,GET,2019-20
Chemical,Male,3.5,1,Lupin Pharmaceuticals Ltd. Mumbai,Mr. Vijay Chorage,Non-IT,GET,2019-20
Chemical,Male,1.8,1,"V.V.F. Ltd, Mumbai",Mukul Bhure,Non-IT,GET,2017-18
Chemical,Male,2.8,1,"Privi Organics Ltd., Mahad",Nagesh Dhumal,Non-IT,GET,2018-19
Chemical,Male,3,1,"IGPL, Mumbai",Navnath Tikode,Non-IT,GET,2016-17
Chemical,Male,2.5,1,Shuddhi Industries LLP,Nilesh Patil,Non-IT,GET,2016-17
Chemical,Male,1.8,1,"Ariha Chemicals Ltd, Mumbai",Nitin Vasekar,Non-IT,GET,2017-18
Chemical,Male,1.8,1,"Lubrizol Tech, Mumbai",Omkar Dalvi,Non-IT,GET,2017-18
Chemical,Male,4.5,2,Sudarshan Chemical icals,Omkar Ramrao Ghatage,Non-IT,GET,2021-22
Chemical,Male,2.5,1,"Smruthi Organics Ltd., Solapur",Pandurang A. Vibhute,Non-IT,GET,2016-17
Chemical,Male,2.5,1,"Deepak Novachem Tech. Ltd., Lote MIDC, Chiplun",Pandurang Sardesai,Non-IT,GET,2020-21
Chemical,Male,3.2,2,Aquachem Enviro Engg. Pvt. Ltd,Pratik Kamble,Non-IT,GET,2021-22
Chemical,Male,2,1,Darshan Chemicals Ltd.,Pritam Nangnurkar,Non-IT,GET,2019-20
Chemical,Male,2,1,Smruti Organics,Punit Joshi,Non-IT,GET,2019-20
Chemical,Male,2.5,1,"Deepak Novachem Tech. Ltd., Lote MIDC, Chiplun",Rahul Khatte,Non-IT,GET,2020-21
Chemical,Male,1.8,1,"Intech  Solutions Ltd., Goa",Rameshwar Godase,Non-IT,GET,2017-18
Chemical,Male,2.4,1,Watson Pharma,Ravi Ingale,Non-IT,GET,2016-17
Chemical,Male,2.2,1,"Riverside Chemicals Ltd., Lote MIDC Chiplun",Ravindra Lokhande,Non-IT,GET,2018-19
Chemical,Male,2,1,Smruti Organics,Ritesh Baglane,Non-IT,GET,2019-20
Chemical,Male,1.44,1,"Cipla Ltd., Kurkumbh MIDC, Daund, Pune.",Rohan Nikam,Non-IT,GET,2020-21
Chemical,Male,2.5,1,"Deepak Novachem Tech. Ltd., Lote MIDC, Chiplun",Rohit Dharmuche,Non-IT,GET,2020-21
Chemical,Male,2.5,1,"Finolex Industries Ltd., Ratnagiri",Rushank Laddad,Non-IT,GET,2017-18
Chemical,Male,3.2,2,Aquachem Enviro Engg. Pvt. Ltd,Rushikesh Deshmukh,Non-IT,GET,2021-22
Chemical,Male,3,2,Gujarat Credo Alumina Chemicals,Rushikesh Deshmukh,Non-IT,GET,2021-22
Chemical,Male,1.44,1,"Cipla Ltd., Kurkumbh MIDC, Daund, Pune.",Rushikesh Mahadik,Non-IT,GET,2020-21
Chemical,Male,1.8,1,Renata Precious Comp. Pune,Rushikesh Mahadik,Non-IT,GET,2020-21
Chemical,Male,2.5,1,"Poona Envocare Ltd., Pune",Rushikesh Powar,Non-IT,GET,2016-17
Chemical,Male,1.5,1,"Darshan Chemicals Ltd., Mumabi",Rutvik Mohite,Non-IT,GET,2020-21
Chemical,Male,2.5,1,Gharda Chemicals Ltd. Chiplun,Sachin Vedpathak,Non-IT,GET,2016-17
Chemical,Male,1.8,1,"Sachi Engg, Pune",Sachin Vedpathak,Non-IT,GET,2016-17
Chemical,Male,2.4,2,Arkchem Process Pvt Ltd,Sagar Mahanavar,Non-IT,GET,2021-22
Chemical,Male,2.5,1,"CMP Ltd., Mumbai",Sagar Pawar,Non-IT,GET,2016-17
Chemical,Male,1.8,1,"Nocil India, Mumbai",Sagar Pawar,Non-IT,GET,2016-17
Chemical,Male,2.5,1,"Deepak Novachem Tech. Ltd., Lote MIDC, Chiplun",Sanket Jadhav,Non-IT,GET,2020-21
Chemical,Male,2.5,1,"Shuddhi Chemicals Ltd., Kagal",Satish N. Sankpal,Non-IT,GET,2016-17
Chemical,Male,2,1,"Suddhi Industries, Kagal",Satish Sakpal,Non-IT,GET,2016-17
Chemical,Male,1.8,1,"Maniram Organics Ltd., Mahad",Satyajit Lamdade,Non-IT,GET,2020-21
Chemical,Male,3,1,"IGPL, Mumbai",Shankar Kale,Non-IT,GET,2016-17
Chemical,Male,2.5,1,"Smruthi Organics Ltd., Solapur",Shankar Pawar,Non-IT,GET,2016-17
Chemical,Male,1.8,1,Mallack Speciality Chemicals Ltd,Shekhar Mane,Non-IT,GET,2018-19
Chemical,Male,1.8,1,Pioneer Industries Ltd.,Shivraj Ghagare,Non-IT,GET,2017-18
Chemical,Male,2.4,1,"Finolex Industries Ltd., Ratnagiri",Shivraj Suryawanshi,Non-IT,GET,2018-19
Chemical,Male,4.5,2,Sudarshan Chemical icals,Shubham Chougale,Non-IT,GET,2021-22
Chemical,Male,3,1,"Laxmi Organics Ltd., Mahad",Shubham Ghadge,Non-IT,GET,2018-19
Chemical,Male,1.8,1,"Maniram Organics Ltd., Mahad",Shubham Khade,Non-IT,GET,2020-21
Chemical,Male,1.8,1,ME Energy Pvt. Ltd. Alandi,Shubham Shah,Non-IT,GET,2017-18
Chemical,Male,1.8,1,"V.V.F. Ltd, Mumbai",Shubham Shah,Non-IT,GET,2017-18
Chemical,Male,2.5,1,"Laxmi Organics Ltd., Mahad",Shubham Tanpure,Non-IT,GET,2017-18
Chemical,Male,2.2,1,"Riverside Chemicals Ltd., Lote MIDC",Sourav Rane,Non-IT,GET,2018-19
Chemical,Male,4,2,Worley India,Sudarshan Bagal,Non-IT,GET,2021-22
Chemical,Male,2.5,1,"WTE Infra Projects Pvt. Ltd.,",Suhas Mokashi,Non-IT,GET,2016-17
Chemical,Male,2.4,2,PRIVI Organics,Swaroop Raut,Non-IT,GET,2021-22
Chemical,Male,4,2,Worley India,Tirthraj Chavhan,Non-IT,GET,2021-22
Chemical,Male,3,2,Deepak Novochem,Tukaram Thorat,Non-IT,GET,2021-22
Chemical,Male,1.8,1,"Shuddhi Chemicals Ltd, Kagal",Umesh Waghmare,Non-IT,GET,2017-18
Chemical,Male,1.8,1,"Shudhi Chemicals pvt. Ltd., Kolhapur",Umesh Waghmare,Non-IT,GET,2017-18
Chemical,Male,2,1,Darshan Chemicals Ltd.,Vaibhav Katkar,Non-IT,GET,2019-20
Chemical,Male,3.5,1,Lupin Pharmaceuticals Ltd. Mumbai,Vaibhav Manapure,Non-IT,GET,2018-19
Chemical,Male,3.5,1,"Technoforce india Ltd., Nashik",Vaibhav Mandape,Non-IT,GET,2017-18
Chemical,Male,2.5,1,"NOCIL (India) Ltd., Mumbai",Vikas Kursule,Non-IT,GET,2016-17
Chemical,Male,2.5,1,Horizon Environmental (Pune) Pvt. Ltd.,Vinod Awaghade,Non-IT,GET,2016-17
Chemical,Male,1.8,1,Nicomet Industries Ltd,Vishal Gaikwad,Non-IT,GET,2016-17
Chemical,Male,1.8,1,"Envicare Tech., Pune",Vishal Mali,Non-IT,GET,2017-18
Chemical,Male,1.8,1,"Darshan Chemicals Ltd.,",Yogesh D. Khandekar,Non-IT,GET,2017-18
Chemical,Male,4.5,2,Square Yards,Raj Nitin Thakur,Non-IT,Management Trainee,2021-22
Chemical,Male,4.5,2,Square Yards,Rutwik Bhagwan Patil,Non-IT,Management Trainee,2021-22
Chemical,Male,2,2,"Smriti Organics,Solapur",Abhishek Chavan,Non-IT,Production Engineer Trainee,2021-22
Chemical,Male,2,2,"Smriti Organics,Solapur",Akash Mohite,Non-IT,Production Engineer Trainee,2021-22
Chemical,Male,2,2,"Smriti Organics,Solapur",Gajanan Mhetre,Non-IT,Production Engineer Trainee,2021-22
Chemical,Male,2,2,"Smriti Organics,Solapur",Sahil Shaikh,Non-IT,Production Engineer Trainee,2021-22
Chemical,Male,2,2,"Smriti Organics,Solapur",Sopan Marlapalle,Non-IT,Production Engineer Trainee,2021-22
Chemical,Male,2,2,"Smriti Organics,Solapur",Sunil Dhumak,Non-IT,Production Engineer Trainee,2021-22
Chemical,Male,2,2,"Smriti Organics,Solapur",Vishal Yadav,Non-IT,Production Engineer Trainee,2021-22
Chemical,Male,2.2,1,"Samruddhi Waterworks Pvt. Ltd., Pune",Pranav Hirkudli,Non-IT,Project Engineer,2018-19
Chemical,Male,2.2,1,"Samruddhi Waterworks Pvt. Ltd., Pune",Vaibhav Sontakke,Non-IT,Project Engineer,2018-19
Chemical,Male,2.2,1,"Suzalchem Technologies Pvt. Ltd., Hyderabad",Abhijit Wankar,Non-IT,Service Engineer,2018-19
Chemical,Male,3.5,2,Geofluid Processors Pvt Ltd,Shadab Usman Shaikh,Non-IT,Technical Sales Engineer,2021-22
Chemical,Male,5.5,2,Berger Paints,Raj Nitin Thakur,Non-IT,Technical Sales Engineer Trainee,2021-22
Civil,Female,3.6,1,DXC Technology,Aishwarya Patil,IT,Associate Engineer,2020-21
Civil,Female,3.6,1,DXC Technology,Vidya Davar,IT,Associate Engineer,2020-21
Civil,Female,4.2,1,DXC Technology,Avishkar Arvind Patil,IT,Associate Professional,2022-23
Civil,Female,4,2,DXC Technology,Devika Jadhav,IT,Associate Professional,2021-22
Civil,Female,4.2,1,DXC Technology,Kshitija Anil Kamble,IT,Associate Professional,2022-23
Civil,Female,4.2,1,DXC Technology,Neha Vishwanath Vibhute,IT,Associate Professional,2022-23
Civil,Female,4.2,1,DXC Technology,Samruddhi Sachin Panhalkar.,IT,Associate Professional,2022-23
Civil,Female,4.2,1,DXC Technology,Shivani Dnyaneshwar Pawar,IT,Associate Professional,2022-23
Civil,Female,4.2,1,DXC Technology,Shradha Satish Kalkutgi,IT,Associate Professional,2022-23
Civil,Female,4.2,1,DXC Technology,Shreya Amit Bodage,IT,Associate Professional,2022-23
Civil,Female,3.36,1,Tata Consultancy Services - Ninja,Swati kulkarni,IT,Associate System Engineer,2020-21
Civil,Female,4.5,1,Vedantu,Aishwarya Bhaskar Patil,IT,Businees Development Manager,2020-21
Civil,Female,4,2,Cognizant,Rutuja Mahadev Mane,IT,GenC - Select,2021-22
Civil,Female,4,1,Cognizant,Shivani Ulape,IT,Programmer Analyst Trainee,2020-21
Civil,Female,4.5,1,Cognizant,Jayashree Nikam,IT,Project Engineer,2020-21
Civil,Female,4,1,Qspider,Aishwarya Ghevade,IT,Software Engineer,2022-23
Civil,Female,3,1,ExcelR,Farahnaaz Hamid Bagwan,IT,Software Engineer,2022-23
Civil,Female,3,1,Chegg India,Dhanashree Dattatray Kore,IT,Subject Matter Expert,2023-24
Civil,Female,3,1,Chegg India,Jyoti Ramesh Sutar,IT,Subject Matter Expert,2023-24
Civil,Female,3,1,Chegg India,Kajal Ramesh Pandhare,IT,Subject Matter Expert,2023-24
Civil,Female,3,1,Chegg India,Shreya Mukund Mali,IT,Subject Matter Expert,2023-24
Civil,Female,3,1,Chegg India,Tanaj Sajid Mulla,IT,Subject Matter Expert,2023-24
Civil,Female,3.6,2,Infosys,Dipali Igave,IT,System Engineer,2021-22
Civil,Female,3.5,1,Qspider,Aishwarya Bhaskar Patil,IT,Trainee Engineer,2020-21
Civil,Female,3.5,1,Qspider,Jayashree Govind Nikam,IT,Trainee Engineer,2020-21
Civil,Female,3,1,Palle Technology,Shreya Amit Bodage,IT,Trainee Engineer,2022-23
Civil,Female,3.5,1,Qspider,Shreya Ravindra Salunkhe,IT,Trainee Engineer,2020-21
Civil,Female,3.5,1,Qspider,Swati kulkarni,IT,Trainee Engineer,2020-21
Civil,Female,5,1,INMOVIDU TECHNOLOGIES,Nikita Anil Malavade,Non-IT,Businees Development Manager,2020-21
Civil,Female,5,1,INMOVIDU TECHNOLOGIES,Sanija Jalindar Jalindar Patil,Non-IT,Businees Development Manager,2020-21
Civil,Female,5,1,INMOVIDU TECHNOLOGIES,Shivani Ajit Vaskar,Non-IT,Businees Development Manager,2020-21
Civil,Female,4.5,1,Vedantu,Shreya Ravindra Salunkhe,Non-IT,Businees Development Manager,2020-21
Civil,Female,5,1,INMOVIDU TECHNOLOGIES,Shweta Shivaji Tivale,Non-IT,Businees Development Manager,2020-21
Civil,Female,1.8,1,Yug Promotors and Builders,Pooja Jadhav,Non-IT,Business Development,2018-19
Civil,Female,1.8,1,Yug Promotors and Builders,Poonam Mote,Non-IT,Business Development,2018-19
Civil,Female,1.8,1,Yug Promotors and Builders,Priyanka jadhav,Non-IT,Business Development,2018-19
Civil,Female,1.8,1,Yug Promotors and Builders,Sapana Bore,Non-IT,Business Development,2018-19
Civil,Female,1.8,1,Yug Promotors and Builders,Shital Patil,Non-IT,Business Development,2018-19
Civil,Female,3.6,1,Launched Global ,Harshal Santosh Patil,Non-IT,Business Development Executive,2025-26
Civil,Female,7,1,Launched Global ,Prachi Prasad Godhade,Non-IT,Business Development Executive,2025-26
Civil,Female,7,1,Launched Global ,Vaishnavi Abhiman Thite,Non-IT,Business Development Executive,2025-26
Civil,Female,1.8,1,Impetech Global- Esappling Pvt. Ltd,Nikita Pawar,Non-IT,Business Development Manager,2016-17
Civil,Female,1.8,1,Impetech Global- Esappling Pvt. Ltd,Priya Pratap Mane,Non-IT,Business Development Manager,2016-17
Civil,Female,1.8,1,MentorBox,Mrunal Musale,Non-IT,Community Influncer,2020-21
Civil,Female,3.5,1,Doubtnut,Shreya Ravindra Salunkhe,Non-IT,CONTENT DEVELOPER,2020-21
Civil,Female,4.36,1,RDC Concrete, Bhagyashri Satish Patil,Non-IT,GET,2023-24
Civil,Female,4,1,Worley,"
 Sakshi Sanjay Patil",Non-IT,GET,2022-23
Civil,Female,3,1,Indovance,Arya Netaji Patil,Non-IT,GET,2024-25
Civil,Female,3.5,2,RDC Concrete,Divya Dilip Chougale,Non-IT,GET,2021-22
Civil,Female,2.5,1,"Planedge Consulting Pvt Ltd, Pune",Meeta Vijayanta Sawant,Non-IT,GET,2025-26
Civil,Female,3,1,"Cosmos Construction Machineries And
Equipments Private Limited",Monika Rajendra Mohite,Non-IT,GET,2024-25
Civil,Female,2.5,1,"Planedge Consulting Pvt Ltd, Pune",Nikita Jagannath Patil,Non-IT,GET,2025-26
Civil,Female,3,1,Indovance,Rajlaxmi Yogesh Jadhav,Non-IT,GET,2024-25
Civil,Female,2.5,1,Prohitech engineering services LLP,Salunkhe Mrudula Prashant,Non-IT,GET,2024-25
Civil,Female,3,1,Indovance,Samruddhi Satish Kumbhar,Non-IT,GET,2024-25
Civil,Female,3.5,1,CtrlS,Sanika Kerba Shinde,Non-IT,GET,2024-25
Civil,Female,2.5,1,"Planedge Consulting Pvt Ltd, Pune",Sharayu Shashikant Patakure,Non-IT,GET,2025-26
Civil,Female,4,1,Worley,Shivani Dnyaneshwar Pawar,Non-IT,GET,2022-23
Civil,Female,3.5,1,Kolte Patil Developers Ltd.,Shivani Sadanand Lugade,Non-IT,GET,2024-25
Civil,Female,5.8,1,Worley Inc,Shivani Sadanand Lugade,Non-IT,GET,2024-25
Civil,Female,6,2,L&T Construction,Shreya Sunil Desai,Non-IT,GET,2021-22
Civil,Female,2.5,1,"Planedge Consulting Pvt Ltd, Pune",Snehal Hari Nikam,Non-IT,GET,2025-26
Civil,Female,5.8,1,Worley Inc,Tanvi Vijaykant Patil,Non-IT,GET,2024-25
Civil,Female,4.8,1,"Water Resource Department,Govt.of Maharashtra",Pratiksha Rajaram Ravan,Non-IT,Jr. Engineer,2017-18
Civil,Female,4.8,1,Pinclick,Jay Dnyaneshwar Thite,Non-IT,Property Advisor,2022-23
Civil,Female,3,1,Magic Stone Prop Consultants LLP,"
 Bhagyashri Satish Patil",Non-IT,Relationship Manager,2023-24
Civil,Female,3,1,Magic Stone Prop Consultants LLP,Kunjal Prakash Ghag,Non-IT,Relationship Manager,2023-24
Civil,Female,3,1,Magic Stone Prop Consultants LLP,Shreya Mukund Mali,Non-IT,Relationship Manager,2023-24
Civil,Female,3,1,Magic Stone Prop Consultants LLP,Tanaj Sajid Mulla,Non-IT,Relationship Manager,2023-24
Civil,Female,3,1,Chegg India,Aishwarya Balasaheb Desai,Non-IT,Subject Matter Expert,2022-23
Civil,Female,3,1,Chegg India,Aishwarya Suhas Parale,Non-IT,Subject Matter Expert,2022-23
Civil,Female,3,1,Chegg India,Farahnaaz Hamid Bagwan,Non-IT,Subject Matter Expert,2022-23
Civil,Female,3,1,Chegg India,Insha Amir Sharikmaslat,Non-IT,Subject Matter Expert,2022-23
Civil,Female,3,1,Chegg India,Kshitija Anil Kamble,Non-IT,Subject Matter Expert,2022-23
Civil,Female,3,1,Chegg India,Mayuri Mahesh Shingare,Non-IT,Subject Matter Expert,2022-23
Civil,Female,3,1,Chegg India,Neha Sandip Patil,Non-IT,Subject Matter Expert,2022-23
Civil,Female,3,1,Chegg India,Neha Vishwanath Vibhute,Non-IT,Subject Matter Expert,2022-23
Civil,Female,3.5,1,Chegg India,Nikita Malavade,Non-IT,Subject Matter Expert,2020-21
Civil,Female,3,1,Chegg India,Prajakta Sudhir Sutar,Non-IT,Subject Matter Expert,2022-23
Civil,Female,3.5,1,Chegg India,Pratiksha Yadav,Non-IT,Subject Matter Expert,2020-21
Civil,Female,3,1,Chegg India,Priya Sudhakar Sabane,Non-IT,Subject Matter Expert,2022-23
Civil,Female,3,1,Chegg India,REVATI CHANDRAKANT RAJPUT,Non-IT,Subject Matter Expert,2022-23
Civil,Female,3,1,Chegg India,Rutuja Santosh Jagtap,Non-IT,Subject Matter Expert,2022-23
Civil,Female,3,1,Chegg India,safa asalam Sayyad,Non-IT,Subject Matter Expert,2022-23
Civil,Female,3,1,Chegg India,Samruddhi Sachin Panhalkar.,Non-IT,Subject Matter Expert,2022-23
Civil,Female,3,1,Chegg India,Shraddha Prakash Naik,Non-IT,Subject Matter Expert,2022-23
Civil,Female,3,1,Chegg India,Shreya Amit Bodage,Non-IT,Subject Matter Expert,2022-23
Civil,Female,3,1,Chegg India,Shweta Yuvraj Sawakhande,Non-IT,Subject Matter Expert,2022-23
Civil,Female,3,1,Chegg India,TARUNA SHRIKANT JADHAV,Non-IT,Subject Matter Expert,2022-23
Civil,Female,3,1,Chegg India,Vaishnavi Uttam Jankar,Non-IT,Subject Matter Expert,2022-23
Civil,Female,3,1,Chegg India,Vijaya Sanjay Kamble,Non-IT,Subject Matter Expert,2022-23
Civil,Female,3,1,Indovance, Bhagyashri Satish Patil,Non-IT,Trainee Engineer,2023-24
Civil,Female,3,1,Indovance, Saniya Zakir Mujawar,Non-IT,Trainee Engineer,2023-24
Civil,Female,3,1,Indovance,Kshitija Ladkat,Non-IT,Trainee Engineer,2023-24
Civil,Female,2.4,1,"Anexpertize,Pune",Pooja Jadhav,Non-IT,Trainee Engineer,2018-19
Civil,Female,3,1,Indovance,Srusthi Gaikwad,Non-IT,Trainee Engineer,2023-24
Civil,Female,4,2,ELEATION,Aishwarya Praveen Hegishte,Non-IT,Trainee Engineer (PPO),2021-22
Civil,Female,4,2,ELEATION,Amisha Shivshankar Kadam,Non-IT,Trainee Engineer (PPO),2021-22
Civil,Female,4,2,ELEATION,Pallavi sanjay mohite,Non-IT,Trainee Engineer (PPO),2021-22
Civil,Female,4,2,ELEATION,Pooja Vijay Nalawade,Non-IT,Trainee Engineer (PPO),2021-22
Civil,Female,4,2,ELEATION,Vaishnavi Vikas Kadam,Non-IT,Trainee Engineer (PPO),2021-22
Civil,Female,3,1,Indovance,Dhanashree Gurav,Non-IT,Trainee-Design Engineer,2020-21
Civil,Male,5.25,1,GHK Hospitality & Infrastructure LTD,Vitthalraje Ranjeet Chavan,Intern,Jr Engineer,2025-26
Civil,Male,4,1,Gubbi,Sudesh Dattatray Waghmare,Intern,Software Engineer Trainee,2025-26
Civil,Male,5.25,1,Gubbi,Yash Ganesh Kalyankar,Intern,Software Engineer Trainee,2025-26
Civil,Male,4.2,1,DXC Technology,Ashish Rajendra Ayarekar,IT,Associate Professional,2022-23
Civil,Male,4.2,1,DXC Technology,Avishkar Annaso bhosale,IT,Associate Professional,2022-23
Civil,Male,4.2,1,DXC Technology,Manish Nitin Kumbhar,IT,Associate Professional,2022-23
Civil,Male,4.2,1,DXC Technology,Prathmesh Eknath Kumbhar,IT,Associate Professional,2022-23
Civil,Male,4.2,1,DXC Technology,Shivam Mahendra Chingale,IT,Associate Professional,2022-23
Civil,Male,3.5,2,Quality Kiosk,Mohin Ainapur,IT,Digital Engineer,2021-22
Civil,Male,4,2,Cognizant,Ibrahim Rafik Aga,IT,GenC - Select,2021-22
Civil,Male,4,2,Cognizant,Rushikesh Devidas Devale,IT,GenC - Select,2021-22
Civil,Male,3.5,1,Dialogues Media,Pritam Dipak Ghuge,IT,Graphic Designer,2024-25
Civil,Male,4,1,Qspider,Ashish Rajendra Ayarekar,IT,Software Engineer,2022-23
Civil,Male,4,1,Qspider,Harshal Anant Hadkar,IT,Software Engineer,2022-23
Civil,Male,4,1,Qspider,Prathmesh Ashokkumar Powar,IT,Software Engineer,2022-23
Civil,Male,4,1,Qspider,Yash Laxman patil,IT,Software Engineer,2022-23
Civil,Male,3,1,Chegg India,Ashish Anil Dattu,IT,Subject Matter Expert,2023-24
Civil,Male,3,1,Chegg India,Pravin Sanjay Karande,IT,Subject Matter Expert,2023-24
Civil,Male,3,1,Chegg India,Rajvardhan Maruti Desai,IT,Subject Matter Expert,2023-24
Civil,Male,3,1,Chegg India,Sanket Pramod Chiprikar,IT,Subject Matter Expert,2023-24
Civil,Male,3,1,Chegg India,Shubham Sharad Bendre,IT,Subject Matter Expert,2023-24
Civil,Male,3,1,Chegg India,Swapnil Sunil Shinde,IT,Subject Matter Expert,2023-24
Civil,Male,3.6,2,Infosys,Aniket Patil,IT,System Engineer,2021-22
Civil,Male,3.6,1,Infosys,Aniket Urunkar,IT,System Engineer,2020-21
Civil,Male,3.5,1,Qspider,DAVAR VIDYA SANJAY,IT,Trainee Engineer,2020-21
Civil,Male,4.8,1,"Town Planning Department,Govt.of Maharashtra",Harishchandra Ananda Patil,Non-IT,Assistant Town Planning Officer,2018-19
Civil,Male,4.8,1,Pinclick, Omkar Patil ,Non-IT,Associate Property Advisor,2020-21
Civil,Male,4.8,1,Pinclick,Sagar  Bankar,Non-IT,Associate Property Advisor,2020-21
Civil,Male,10,1,BYJU's,Aniket Urunkar,Non-IT,BDM,2020-21
Civil,Male,2.64,2,"PropInn Properties Pvt Ltd ,Pune",Ritesh Mulchandani,Non-IT,BDM,2021-22
Civil,Male,10,2,BYJU's,Rajdeep Satish Kalekar,Non-IT,BDT,2021-22
Civil,Male,3.6,1,JPW Infratech Pvt Ltd,Karan Pandit Jadhav,Non-IT,Billing & Planning,2025-26
Civil,Male,5,1,INMOVIDU TECHNOLOGIES,Sagar mahaveer Chougule,Non-IT,Businees Development Manager,2020-21
Civil,Male,5,1,INMOVIDU TECHNOLOGIES,Sagar Sanjay Bankar,Non-IT,Businees Development Manager,2020-21
Civil,Male,5,1,INMOVIDU TECHNOLOGIES,Sajjad Jamir Shaikh,Non-IT,Businees Development Manager,2020-21
Civil,Male,1.8,1,Yug Promotors and Builders,Akash Gade,Non-IT,Business Development,2018-19
Civil,Male,1.8,1,Yug Promotors and Builders,IIiyas Arif Bagwan,Non-IT,Business Development,2018-19
Civil,Male,1.8,1,Yug Promotors and Builders,Ruturaj Patil,Non-IT,Business Development,2018-19
Civil,Male,7,1,BYJU's,Shreeraj Ghanasham Sahotre,Non-IT,Business Development Associate,2022-23
Civil,Male,1.8,1,Impetech Global- Esappling Pvt. Ltd,Aniruddha Devidas Kulkarni,Non-IT,Business Development Manager,2016-17
Civil,Male,8.5,2,BYJUs,Shravan Dayanand Sambhaji,Non-IT,Business Development Manager,2021-22
Civil,Male,1.8,1,Impetech Global- Esappling Pvt. Ltd,Sidharth Jain,Non-IT,Business Development Manager,2016-17
Civil,Male,1.8,1,"Yug Promotors and
Builders",Abhishek Powar,Non-IT,"Business
Development",2018-19
Civil,Male,1.8,1,"Yug Promotors and
Builders",Shubham Powar,Non-IT,"Business
Development",2018-19
Civil,Male,1.8,1,Yug Promotors and Builders,Avadhut Hilage Patil,Non-IT,BusinessDevelopment,2018-19
Civil,Male,3,2,MentorBoxx,Chaitanya Babu Patil,Non-IT,Community Influncer,2021-22
Civil,Male,3,2,MentorBoxx,Omkar G. Rupnawar,Non-IT,Community Influncer,2021-22
Civil,Male,3,2,MentorBoxx,Sahil Parkar,Non-IT,Community Influncer,2021-22
Civil,Male,3,2,MentorBoxx,Saurabh Redekar,Non-IT,Community Influncer,2021-22
Civil,Male,3.5,1,Doubtnut,Bhushan Surendra Ramteke,Non-IT,CONTENT DEVELOPER,2020-21
Civil,Male,1.8,1,Amazon India,Rutvik Mane,Non-IT,CRM,2017-18
Civil,Male,6.5,1,Unitec Concrete, Parth Vidhyanand Patil,Non-IT,GET,2022-23
Civil,Male,2.5,1,"Planedge Consulting Pvt Ltd, Pune",Abdulraheman Vajirali Sutar,Non-IT,GET,2025-26
Civil,Male,3.5,2,RDC Concrete,Abhijeet Mohanrao Ayrekar,Non-IT,GET,2021-22
Civil,Male,2.5,1,City and Industrial Development Corporation of Maharashtra Limited (CIDCO),Aditya Shivnath Shete,Non-IT,GET,2024-25
Civil,Male,3,1,Indovance,Adwait Dattatray Bote,Non-IT,GET,2024-25
Civil,Male,3.5,1,Kolte Patil Developers Ltd.,Aniket Tanaji Patil,Non-IT,GET,2024-25
Civil,Male,3,1,Lodha Construction,Aniket Tanaji Patil,Non-IT,GET,2024-25
Civil,Male,5.25,1,VConstruct,Aniruddha Balasaheb Patil,Non-IT,GET,2025-26
Civil,Male,2.5,1,Prohitech engineering services LLP,Bankar Pooja Subhash,Non-IT,GET,2024-25
Civil,Male,3.5,1,Larsen & Toubro Limited Mumbai,Gaurav Anil Landage,Non-IT,GET,2024-25
Civil,Male,2.5,1,"Planedge Consulting Pvt Ltd, Pune",Harshvardhan Ashok Shinde,Non-IT,GET,2025-26
Civil,Male,5.25,1,VConstruct,Manish Mahadev Patil,Non-IT,GET,2025-26
Civil,Male,3.5,1,CtrlS,Mohamadsaad Nijamuddin Desai,Non-IT,GET,2024-25
Civil,Male,3,1,J.M. Mhatre Infra Pvt Ltd.,Nalband Daud Alam Aslam,Non-IT,GET,2024-25
Civil,Male,2.5,1,"Planedge Consulting Pvt Ltd, Pune",Om Anil Mali,Non-IT,GET,2025-26
Civil,Male,4,1,Arvind Smart Spaces,Omkar Bharat Shinde,Non-IT,GET,2023-24
Civil,Male,3,1,ACC Cements,Omkar Shrikrishna Taware,Non-IT,GET,2020-21
Civil,Male,2.5,1,Sapphire Associated,Prajwal Tanaji Patil,Non-IT,GET,2024-25
Civil,Male,3,1,QUESS  CORP LTD,Pranav Bajirao Patil,Non-IT,GET,2024-25
Civil,Male,3.5,1,CtrlS,Pratik Gosu Raktade,Non-IT,GET,2024-25
Civil,Male,3,1,Indovance,PRITAM SUNIL BHOSALE,Non-IT,GET,2024-25
Civil,Male,3.5,1,Kolte Patil Developers Ltd.,Rajvardhan Appasaheb Patil,Non-IT,GET,2024-25
Civil,Male,4,1,Kinglong,Ramchandra Arjun Rawool,Non-IT,GET,2024-25
Civil,Male,3.5,1,CtrlS,Sairaj Rajendra More,Non-IT,GET,2024-25
Civil,Male,3,1,Indovance,Sankalp Sachin Patil,Non-IT,GET,2024-25
Civil,Male,6,1,Technimont,Sanket Sanjay Kuigade,Non-IT,GET,2024-25
Civil,Male,2.5,1,"Planedge Consulting Pvt Ltd, Pune",Satyam Sarjerao Manjare,Non-IT,GET,2025-26
Civil,Male,3,1,Indovance,SHARVIL MANDAR SARDESAI,Non-IT,GET,2024-25
Civil,Male,4.36,1,RDC Concrete,Shashank V. Gijavanekar,Non-IT,GET,2023-24
Civil,Male,3,1,Knest Aluform,Shivraj Vijaykumar Bhosale,Non-IT,GET,2023-24
Civil,Male,3,1,Indovance,Shivtej Prashant Hattagine,Non-IT,GET,2024-25
Civil,Male,2.5,1,City and Industrial Development Corporation of Maharashtra Limited (CIDCO),Siddhesh Kireesh More,Non-IT,GET,2024-25
Civil,Male,3.5,1,CtrlS,Somesh Laxman Nakadi,Non-IT,GET,2024-25
Civil,Male,3,1,Indovance,Sourabh Balaso Khot,Non-IT,GET,2024-25
Civil,Male,2.5,1,"Planedge Consulting Pvt Ltd, Pune",Sudesh Dattatray Waghmare,Non-IT,GET,2025-26
Civil,Male,3.5,1,Kolte Patil Developers Ltd.,Suraj Prakash Shelar,Non-IT,GET,2024-25
Civil,Male,3,1,Lodha Construction,Suraj Prakash Shelar,Non-IT,GET,2024-25
Civil,Male,3.5,1,Kolte Patil Developers Ltd.,Suyash Sandeep Thorat,Non-IT,GET,2024-25
Civil,Male,3,1,Lodha Construction,Suyash Sandeep Thorat,Non-IT,GET,2024-25
Civil,Male,4,1,AEGIS LOGISTICS LTD,Tejas Shivaji Mane,Non-IT,GET,2024-25
Civil,Male,3.5,1,"Larsen & Toubro Limited, Mount Poonamallee Road, Manapakkam, P.B.No.979,",Vaikunth Mohan Kharate,Non-IT,GET,2024-25
Civil,Male,2.4,1,"Just Dial,Mumbai",Avdhoot Hilage-Patil,Non-IT,Internet Consultant,2018-19
Civil,Male,1.74,1,Sonal Infrastructure Private Ltd,Ashish Anil Patil,Non-IT,Jr. Engineer,2016-17
Civil,Male,4.8,1,"Water Resource Department,Govt.of Maharashtra",Atul Parmeshwar Shingare,Non-IT,Jr. Engineer,2017-18
Civil,Male,2.4,1,Grosvenor Construction,Junaid Sarang,Non-IT,Jr. Engineer,2017-18
Civil,Male,4.8,1,"PWD,Mumbai",Sagar Narayan Kumbhar,Non-IT,Jr. Engineer,2017-18
Civil,Male,1.44,1,"Supekar Associates,Pune",Shriniwas Vilas Dhumal,Non-IT,Jr. Engineer,2017-18
Civil,Male,1.8,1,"3d Prime Designers,Pune",Ramesh Raje,Non-IT,Jr.Design Engineer,2017-18
Civil,Male,4.5,2,Square Yards,Ritesh K Mulchandani,Non-IT,Management Trainee,2021-22
Civil,Male,3.42,1,Sobha Developers,Varunraj Wadgule,Non-IT,Management Trainee,2022-23
Civil,Male,6.2,1,Pin Click,Aakash S. Gade,Non-IT,Property Advisor,2018-19
Civil,Male,6.2,1,Pin Click,Abhishek S. Powar,Non-IT,Property Advisor,2018-19
Civil,Male,4.8,1,Pinclick,aman bashir patvekar,Non-IT,Property Advisor,2022-23
Civil,Male,6.2,1,Pin Click,Avadhut A. Hilage Patil,Non-IT,Property Advisor,2018-19
Civil,Male,4.8,1,Pinclick,Basavaraj Shivashran Gundad,Non-IT,Property Advisor,2022-23
Civil,Male,4.8,1,Pinclick,Dhananjay suresh patil,Non-IT,Property Advisor,2022-23
Civil,Male,4.8,1,Pinclick,Hari Prakash Mete,Non-IT,Property Advisor,2022-23
Civil,Male,6.2,1,Pin Click,Jayesh S. Deshmukh,Non-IT,Property Advisor,2018-19
Civil,Male,4.8,1,Pinclick,Mohamad Anas Imtiyazahmed Momin,Non-IT,Property Advisor,2022-23
Civil,Male,4.8,1,Pinclick,Parmeshwar Shankar Kolekar,Non-IT,Property Advisor,2022-23
Civil,Male,4.8,1,Pinclick,Pranav Narayan Bhute,Non-IT,Property Advisor,2022-23
Civil,Male,4.8,1,Pinclick,Prathmesh Ashokkumar Powar,Non-IT,Property Advisor,2022-23
Civil,Male,4.8,1,Pinclick,Pushkar Rajesh Chavan,Non-IT,Property Advisor,2022-23
Civil,Male,6.2,1,Pin Click,Rajvardhan D. Desai,Non-IT,Property Advisor,2018-19
Civil,Male,6.2,1,Pin Click,Ruturaj S. Nimbalkar,Non-IT,Property Advisor,2018-19
Civil,Male,4.8,1,Pinclick,Rutvik Tanaji Patil,Non-IT,Property Advisor,2022-23
Civil,Male,4.8,1,Pinclick,Sandesh Sunil Gavare,Non-IT,Property Advisor,2022-23
Civil,Male,4.8,1,Pinclick,Sangramsinh Sanjay Rode Patil,Non-IT,Property Advisor,2022-23
Civil,Male,4.8,1,Pinclick,Saurabh Dewanand Lakde,Non-IT,Property Advisor,2022-23
Civil,Male,6.2,1,Pin Click,Saurabh Kharat,Non-IT,Property Advisor,2018-19
Civil,Male,4.8,1,Pinclick,Saurabh Suresh Patil,Non-IT,Property Advisor,2022-23
Civil,Male,6.2,1,Pin Click,Shubham Powar,Non-IT,Property Advisor,2018-19
Civil,Male,6.2,1,Pin Click,Siddhant B. Dhigare,Non-IT,Property Advisor,2018-19
Civil,Male,4.8,1,Pinclick,Siddhesh Tanaji Lohar,Non-IT,Property Advisor,2022-23
Civil,Male,4.8,1,Pinclick,Sumit Devdas Kamble,Non-IT,Property Advisor,2022-23
Civil,Male,4.8,1,Pinclick,Tushar Khushalchandra Rajmane,Non-IT,Property Advisor,2022-23
Civil,Male,4.8,1,Pinclick,Vaibhav Anandrao Kumbhar,Non-IT,Property Advisor,2022-23
Civil,Male,4.8,1,Pinclick,Yash Laxman patil,Non-IT,Property Advisor,2022-23
Civil,Male,4.8,1,Pinclick,Yash Shivaji Kokane,Non-IT,Property Advisor,2022-23
Civil,Male,4.8,1,Pinclick,Yogesh Manoj Patil,Non-IT,Property Advisor,2022-23
Civil,Male,3,1,RP Infra Pvt Ltd,Swaroop Yogesh Tarlekar,Non-IT,Quality Engineer,2024-25
Civil,Male,3,1,Magic Stone Prop Consultants LLP, Abhishek Appasaheb Mandlik,Non-IT,Relationship Manager,2023-24
Civil,Male,3,1,Magic Stone Prop Consultants LLP, Kirtiraj Dilip Patil,Non-IT,Relationship Manager,2023-24
Civil,Male,3,1,Magic Stone Prop Consultants LLP,Avishkar Shashikant Kadam,Non-IT,Relationship Manager,2023-24
Civil,Male,1.8,1,HomeHubz.com,Avadhut Hilage Patil,Non-IT,Sales Engineer,2018-19
Civil,Male,1.8,1,HomeHubz.com,IIiyas Arif Bagwan,Non-IT,Sales Engineer,2018-19
Civil,Male,1.8,1,HomeHubz.com,Shubham Powar,Non-IT,Sales Engineer,2018-19
Civil,Male,3,1,R Kiran Construction LLP,Sangram Sarjerao Vidhate,Non-IT,Sr. Civil Engineer,2024-25
Civil,Male,3,2,Chegg India,Abhijeet Prakash Patil,Non-IT,Subject Matter Expert,2022-23
Civil,Male,3,1,Chegg India,Abhishek Jaysing Jadhav,Non-IT,Subject Matter Expert,2022-23
Civil,Male,3,1,Chegg India,Abhishek prabhakar Mali,Non-IT,Subject Matter Expert,2022-23
Civil,Male,3,1,Chegg India,Adarsh Krishnat Jadhav,Non-IT,Subject Matter Expert,2022-23
Civil,Male,3,1,Chegg India,Aditya Prakash Sonwalkar,Non-IT,Subject Matter Expert,2022-23
Civil,Male,3,1,Chegg India,Aditya Ramesh Kusurkar,Non-IT,Subject Matter Expert,2022-23
Civil,Male,3,1,Chegg India,Aditya Shivaji Jadhav,Non-IT,Subject Matter Expert,2022-23
Civil,Male,3,1,Chegg India,aman bashir patvekar,Non-IT,Subject Matter Expert,2022-23
Civil,Male,3,1,Chegg India,Arbaj Gaous Tamboli,Non-IT,Subject Matter Expert,2022-23
Civil,Male,3,1,Chegg India,Ashish Rajendra Ayarekar,Non-IT,Subject Matter Expert,2022-23
Civil,Male,3,1,Chegg India,Basavaraj Shivashran Gundad,Non-IT,Subject Matter Expert,2022-23
Civil,Male,3,1,Chegg India,GAJANAN VITTHAL MALI,Non-IT,Subject Matter Expert,2022-23
Civil,Male,3,1,Chegg India,Mahesh Bhimrao Shinde,Non-IT,Subject Matter Expert,2022-23
Civil,Male,3,1,Chegg India,Mohamad Anas Imtiyazahmed Momin,Non-IT,Subject Matter Expert,2022-23
Civil,Male,3,1,Chegg India,Neeraj Satish Mandavkar,Non-IT,Subject Matter Expert,2022-23
Civil,Male,3,1,Chegg India,Prathmesh Ashokkumar Powar,Non-IT,Subject Matter Expert,2022-23
Civil,Male,3,1,Chegg India,Pushkar Rajesh Chavan,Non-IT,Subject Matter Expert,2022-23
Civil,Male,3,1,Chegg India,Ram Vilasrao Suryawanshi,Non-IT,Subject Matter Expert,2022-23
Civil,Male,3,1,Chegg India,Roshan Anil Narvekar,Non-IT,Subject Matter Expert,2022-23
Civil,Male,3,1,Chegg India,Rushikesh Shrikant Narvekar,Non-IT,Subject Matter Expert,2022-23
Civil,Male,3,1,Chegg India,RUTURAJ PRANIL BHOSALE,Non-IT,Subject Matter Expert,2022-23
Civil,Male,3,1,Chegg India,Ruturaj Shripati Mithari,Non-IT,Subject Matter Expert,2022-23
Civil,Male,3,1,Chegg India,Sangramsinh Sanjay Rode Patil,Non-IT,Subject Matter Expert,2022-23
Civil,Male,3,1,Chegg India,Sanket Arun Chougale,Non-IT,Subject Matter Expert,2022-23
Civil,Male,3,1,Chegg India,Saurabh Dewanand Lakde,Non-IT,Subject Matter Expert,2022-23
Civil,Male,3,1,Chegg India,Saurabh Namdev Farakate,Non-IT,Subject Matter Expert,2022-23
Civil,Male,3,1,Chegg India,Shamshuddin Isak Shaikh,Non-IT,Subject Matter Expert,2022-23
Civil,Male,3,1,Chegg India,Siddhesh Tanaji Lohar,Non-IT,Subject Matter Expert,2022-23
Civil,Male,3,1,Chegg India,Tejesh Shivaji Marlapalle,Non-IT,Subject Matter Expert,2022-23
Civil,Male,3,1,Chegg India,Varunraj Sanjay Wadgule,Non-IT,Subject Matter Expert,2022-23
Civil,Male,3,1,Chegg India,Yash Laxman patil,Non-IT,Subject Matter Expert,2022-23
Civil,Male,3,1,Chegg India,Yash Shivaji Kokane,Non-IT,Subject Matter Expert,2022-23
Civil,Male,2.4,1,KOLBRO GROUP,Rahul Kamble,Non-IT,Surveyor,2020-21
Civil,Male,2.4,1,KOLBRO GROUP,Tanveer Golandaj,Non-IT,Surveyor,2020-21
Civil,Male,4.8,1,"Town Planning Department,Govt.of Maharashtra",Nikhil Viththal Patil,Non-IT,Town Planning Officer,2017-18
Civil,Male,2.4,2,TuringMinds.Ai, Shravan Dayanand Sambhaji,Non-IT,Trainee Engineer,2021-22
Civil,Male,2.2,1,O2 breathing brains,Akash Gade,Non-IT,Trainee Engineer,2018-19
Civil,Male,2.4,1,"Anexpertize,Pune",Aniket Deshpande,Non-IT,Trainee Engineer,2018-19
Civil,Male,2.04,1,"Creative Constructions,Pune",Aniket Deshpande,Non-IT,Trainee Engineer,2018-19
Civil,Male,2.4,1,"Anexpertize,Pune",Rushikesh Deshmukh,Non-IT,Trainee Engineer,2018-19
Civil,Male,2.4,1,"Anexpertize,Pune",Ruturaj Nimbalkar,Non-IT,Trainee Engineer,2018-19
Civil,Male,1.8,1,"J.Kumar Infraprojects Ltd,Mumbai",Shahaji Vilas Powar,Non-IT,Trainee Engineer,2018-19
Civil,Male,2.4,1,"Anexpertize,Pune",Shubham Powar,Non-IT,Trainee Engineer,2018-19
Civil,Male,3,2,Indovance,Ritesh Kamlesh Mulchandani,Non-IT,Trainee-Design Engineer,2021-22
Civil,Male,3,2,Indovance,Satyawan Gorakh Narale,Non-IT,Trainee-Design Engineer,2021-22
Civil,Male,1.92,1,"ISTC,Pune",Aakash Gade,Non-IT,V-sat/RF Engineer,2018-19
Civil,Male,1.92,1,"ISTC,Pune",Aniket Deshpande,Non-IT,V-sat/RF Engineer,2018-19
Civil,Male,1.92,1,"ISTC,Pune",Pratik Kawathe,Non-IT,V-sat/RF Engineer,2018-19
Civil,Male,1.92,1,"ISTC,Pune",Rhuturaj Patil,Non-IT,V-sat/RF Engineer,2018-19
Civil,Male,1.92,1,"ISTC,Pune",Rushikesh Deshmukh,Non-IT,V-sat/RF Engineer,2018-19
Civil,Male,1.92,1,"ISTC,Pune",Rushikesh Shedbale,Non-IT,V-sat/RF Engineer,2018-19
Civil,Male,1.92,1,"ISTC,Pune",Ruturaj Nimbalkar,Non-IT,V-sat/RF Engineer,2018-19
Civil,Male,1.92,1,"ISTC,Pune",Shridhar Khot,Non-IT,V-sat/RF Engineer,2018-19
Civil,Male,1.92,1,"ISTC,Pune",Shubham Ghadge,Non-IT,V-sat/RF Engineer,2018-19
Civil,Male,1.92,1,"ISTC,Pune",Shubham Shete,Non-IT,V-sat/RF Engineer,2018-19
Civil,Male,4.8,1,"Water Conservation Department, Govt.of Maharashtra",Kishor Krishnat Bachche,Non-IT,Water Conservation Officer,2017-18
CSE,Female,5.5,2,SKOLER,Pratibha Prakash Sutar,Intern,Business Development Trainee,2021-22
CSE,Female,5.5,2,SKOLER,Vanshika S Deshpande,Intern,Business Development Trainee,2021-22
CSE,Female,2.4,2,Govt of Maharashtra,Shreya Sawant,Intern,Intern,2021-22
CSE,Female,2.5,1,Walstar Techologies,Saloni Navnath Phale,Intern,React,2025-26
CSE,Female,4,1,TestYantra Software Solutions,Jaee Sanjay Shelar,Intern,Software Engineer Trainee,2025-26
CSE,Female,4,1,TestYantra Software Solutions,Sejal Navale,Intern,Software Engineer Trainee,2025-26
CSE,Female,4,1,TestYantra Software Solutions,Shamal Suryakant Gaykwad,Intern,Software Engineer Trainee,2025-26
CSE,Female,3,1,Quality Kiosk,Snehal Tanaji Powar,IT, Digital Quality Engineear,2020-21
CSE,Female,3.8,1,CAPGEMINI,Amruta Dilip Bhosale,IT,Analyst,2019-20
CSE,Female,3.8,1,CAPGEMINI,Anjum Iqbal Shaikh,IT,Analyst,2019-20
CSE,Female,2.75,1,Sales Force,Mahima Sawant,IT,Analyst,2019-20
CSE,Female,2.75,1,Sales Force,Pournima Bansode,IT,Analyst,2019-20
CSE,Female,3.8,1,CAPGEMINI,Pratikasha Baburao Chougule,IT,Analyst,2019-20
CSE,Female,3.8,1,CAPGEMINI,Shruti Surendra Chougule,IT,Analyst,2019-20
CSE,Female,3.8,1,CAPGEMINI,Sneha Sampat Sawant,IT,Analyst,2019-20
CSE,Female,3.6,1,DXC Technology,Snehal Jadhav,IT,Assiciate Professional,2020-21
CSE,Female,3.36,2,Tata Consultancy Services,Komal Vijaykumar Mulik,IT,Assistant System Engineer-Trainee,2021-22
CSE,Female,3.36,2,Tata Consultancy Services,Manasi Mahadev Patil,IT,Assistant System Engineer-Trainee,2021-22
CSE,Female,3.36,2,Tata Consultancy Services,Nilam Vitthal Karande,IT,Assistant System Engineer-Trainee,2021-22
CSE,Female,3.36,2,Tata Consultancy Services,Pallavi Ajit Powar,IT,Assistant System Engineer-Trainee,2021-22
CSE,Female,3.36,2,Tata Consultancy Services,Pournima Shrishail Belavi,IT,Assistant System Engineer-Trainee,2021-22
CSE,Female,3.36,2,Tata Consultancy Services,Rucha Rajaram Patil,IT,Assistant System Engineer-Trainee,2021-22
CSE,Female,3.36,2,Tata Consultancy Services,Rutuja Dhananjay Mestri,IT,Assistant System Engineer-Trainee,2021-22
CSE,Female,3.36,2,Tata Consultancy Services,Sakshi Sandeep Phatak,IT,Assistant System Engineer-Trainee,2021-22
CSE,Female,3.36,2,Tata Consultancy Services,Samidha Mahadev Sawant,IT,Assistant System Engineer-Trainee,2021-22
CSE,Female,3.36,2,Tata Consultancy Services,Srushti Avinash Varekar,IT,Assistant System Engineer-Trainee,2021-22
CSE,Female,3.36,2,Tata Consultancy Services,Vaishnavi Rajendra Ayarekar,IT,Assistant System Engineer-Trainee,2021-22
CSE,Female,10,2,Ugam Solutions, Manasi Hemant Shinde,IT,Associate Analyst,2021-22
CSE,Female,10,2,Ugam Solutions,NEEL RAJEEV HUZURBAZAR,IT,Associate Analyst,2021-22
CSE,Female,10,2,Ugam Solutions,SABA SALIM MHABAR,IT,Associate Analyst,2021-22
CSE,Female,10,2,Ugam Solutions,Snehal Vishal Das,IT,Associate Analyst,2021-22
CSE,Female,10,2,Ugam Solutions,Susmita Sanjay Jadhav,IT,Associate Analyst,2021-22
CSE,Female,3.4,1,Atos Syntel,Muskan Mahamadshafi Patel,IT,Associate Consultant,2019-20
CSE,Female,3.6,1,Atos Syntel,Nikita Krisnakant Kupawadekar,IT,Associate Consultant,2019-20
CSE,Female,3.6,1,Atos Syntel,Pratiksha J.Patil,IT,Associate Consultant,2019-20
CSE,Female,3.6,1,Atos Syntel,Rajlaxmi Raorane,IT,Associate Consultant,2019-20
CSE,Female,3.85,1,DataMetica,Dhanashri Nikam,IT,Associate Engineer,2020-21
CSE,Female,3.5,2,Atos Syntel,Pratibha Prakash Sutar,IT,Associate Engineer,2021-22
CSE,Female,3.5,2,Atos Syntel,Sakshi Dembra,IT,Associate Engineer,2021-22
CSE,Female,4.5,2,Virtusa,Manasi Hemant Shinde,IT,Associate Engineer – Technology,2021-22
CSE,Female,4.5,2,Virtusa,Rajeshwari Miraje,IT,Associate Engineer – Technology,2021-22
CSE,Female,4.5,2,Virtusa,SABA SALIM MHABAR,IT,Associate Engineer – Technology,2021-22
CSE,Female,4,2,DXC Technology,Aaditi Avinash Kulkarni,IT,Associate Professional,2021-22
CSE,Female,4.2,1,DXC Technology,ADITI ARVIND KADAM,IT,Associate Professional,2022-23
CSE,Female,4.2,1,DXC Technology,Afrin Mukhtar Ambekari,IT,Associate Professional,2022-23
CSE,Female,4.2,1,DXC Technology,Aishwarya Shantinath Kamat,IT,Associate Professional,2022-23
CSE,Female,4.2,1,DXC Technology,Akanksha Rahul Patil,IT,Associate Professional,2022-23
CSE,Female,4,2,DXC Technology,Albina Wahid Attar,IT,Associate Professional,2021-22
CSE,Female,4,2,DXC Technology,Amrut Bhausaheb Patil,IT,Associate Professional,2021-22
CSE,Female,4.2,1,DXC Technology,Anjali Anand Yadav,IT,Associate Professional,2022-23
CSE,Female,4.2,1,DXC Technology,Bhagyashree Kedar Patil,IT,Associate Professional,2022-23
CSE,Female,4.2,1,DXC Technology,Chaitanya Sajjanrao Jagdale,IT,Associate Professional,2022-23
CSE,Female,4.2,1,DXC Technology,Disha Dinesh Malgavi,IT,Associate Professional,2022-23
CSE,Female,4.2,1,DXC Technology,Gayatri Maruti Patole,IT,Associate Professional,2022-23
CSE,Female,4,2,DXC Technology,Kishori Sarjerao Patil,IT,Associate Professional,2021-22
CSE,Female,4.2,1,DXC Technology,Maithili Mansing Patil,IT,Associate Professional,2022-23
CSE,Female,4,2,DXC Technology,Manasi Hemant Shinde,IT,Associate Professional,2021-22
CSE,Female,4.2,1,DXC Technology,Mousami Sanjay Pawar,IT,Associate Professional,2022-23
CSE,Female,4,2,DXC Technology,Nilam Vitthal Karande,IT,Associate Professional,2021-22
CSE,Female,4.2,1,DXC Technology,Pallavi Padmakar Patil,IT,Associate Professional,2022-23
CSE,Female,4.2,1,DXC Technology,Pradnya Prasad Mahadik,IT,Associate Professional,2022-23
CSE,Female,4.2,1,DXC Technology,PRAJAKTA PRAKASH PATIL,IT,Associate Professional,2022-23
CSE,Female,4.2,1,DXC Technology,Pranoti Sanjay Jadhav,IT,Associate Professional,2022-23
CSE,Female,4.2,1,DXC Technology,Pratiksha Pandit Ghorpade,IT,Associate Professional,2022-23
CSE,Female,4.2,1,DXC Technology,Prerna Prakash Daphale,IT,Associate Professional,2022-23
CSE,Female,4.2,1,DXC Technology,Rajkunwar Pratapsinh Nalawade,IT,Associate Professional,2022-23
CSE,Female,4.2,1,DXC Technology,Rhunali Dhanaji Desai,IT,Associate Professional,2022-23
CSE,Female,4.2,1,DXC Technology,Rutika Tanaji Chaugale,IT,Associate Professional,2022-23
CSE,Female,4,2,DXC Technology,Rutuja Sanjay Mane,IT,Associate Professional,2021-22
CSE,Female,4,2,DXC Technology,SABA SALIM MHABAR,IT,Associate Professional,2021-22
CSE,Female,4,2,DXC Technology,Sakshi Sandeep Phatak,IT,Associate Professional,2021-22
CSE,Female,4.2,1,DXC Technology,sakshi sanjay bedage,IT,Associate Professional,2022-23
CSE,Female,4,2,DXC Technology,Sakshi Sudhir Pathade,IT,Associate Professional,2021-22
CSE,Female,4.2,1,DXC Technology,Samrudhi Rajkumar Kokate,IT,Associate Professional,2022-23
CSE,Female,3.8,1,DXC Technology,Shruti Urunkar,IT,Associate Professional,2020-21
CSE,Female,4.2,1,DXC Technology,Snehal Ajit Patil,IT,Associate Professional,2022-23
CSE,Female,4,2,DXC Technology,Snehal Vishal Das,IT,Associate Professional,2021-22
CSE,Female,4.2,1,DXC Technology,Snehanjali Pramod Patil,IT,Associate Professional,2022-23
CSE,Female,4,2,DXC Technology,sonali rajaram patil,IT,Associate Professional,2021-22
CSE,Female,4,2,DXC Technology,Susmita Sanjay Jadhav,IT,Associate Professional,2021-22
CSE,Female,4,2,DXC Technology,tejaswini manohar gavali,IT,Associate Professional,2021-22
CSE,Female,4,2,DXC Technology,Vaibhav Madhukar Mudekar,IT,Associate Professional,2021-22
CSE,Female,4,2,DXC Technology,Vaishnavi Sanjay Patil,IT,Associate Professional,2021-22
CSE,Female,3.5,1,E-Emphaysis,Mahima Sawant,IT,Associate Software Engineeer,2019-20
CSE,Female,3.25,1,TechMahindra,Mansi Bhat,IT,Associate Software Engineer,2020-21
CSE,Female,3.25,1,TechMahindra,Sharvari Ajit Dalvi,IT,Associate Software Engineer,2019-20
CSE,Female,3.25,1,TechMahindra,Siddhi Kolekar,IT,Associate Software Engineer,2019-20
CSE,Female,3.36,1,Tata Consultancy Services - Ninja,Akshaya Appaso Shinde,IT,Associate System Engineer,2020-21
CSE,Female,3.36,1,Tata Consultancy Services - Ninja,Sara Desai,IT,Associate System Engineer,2020-21
CSE,Female,3.36,1,Tata Consultancy Services - Ninja,Shital Phatak,IT,Associate System Engineer,2020-21
CSE,Female,3.36,1,Tata Consultancy Services - Ninja,Shruti Nayak,IT,Associate System Engineer,2020-21
CSE,Female,3.36,1,Tata Consultancy Services - Ninja,Sukanya Gurav,IT,Associate System Engineer,2020-21
CSE,Female,2.8,1,Quality Kiosk,Bhushana Patil,IT,Automation Engineer,2020-21
CSE,Female,5,1,Quality Kiosk,Sayali Kiran Patil,IT,Automation Engineer,2023-24
CSE,Female,2.75,1,QualityKiosk,Purnashree Prakash Buddhe,IT,Automation Tester,2022-23
CSE,Female,6.5,1,Planet Spark,Anusha Sharad Shinde,IT,Business DC,2022-23
CSE,Female,6.5,1,Planet Spark,PREETI AVINASH JADHAV,IT,Business DC,2022-23
CSE,Female,12,1,Jaro Education Mumbai,Yugal manwani,IT,Business Development Manager,2019-20
CSE,Female,7.8,1,Amazon India,ApurvaKhanolkar,IT,CRM,2016-17
CSE,Female,3.8,1,Amazon India,JyotiChavan,IT,CRM,2016-17
CSE,Female,1.8,1,Amazon India,Pooja  S. Patil,IT,CRM,2016-17
CSE,Female,2.8,1,Amazon India,Rucha S. Patil,IT,CRM,2016-17
CSE,Female,4.8,1,Amazon India,Shwetali Pawar,IT,CRM,2016-17
CSE,Female,6.8,1,Amazon India,Suhasini More,IT,CRM,2016-17
CSE,Female,5.8,1,Amazon India,Sukanya Pujari,IT,CRM,2016-17
CSE,Female,3.5,2,Quality Kiosk,Anuja Chandane,IT,Digital Engineer,2021-22
CSE,Female,3.5,2,Quality Kiosk,Pooja Suresh Ghodke,IT,Digital Engineer,2021-22
CSE,Female,3,1,"Numetry Technologies, Pune", Misbah Munir Momin,IT,Digital Marketing,2023-24
CSE,Female,4.25,1,Vodafone,Supritha Moolya,IT,Engineer trainee,2019-20
CSE,Female,4,1,GreyAtom,Amruta Vhatkar,IT,Front end developer,2019-20
CSE,Female,4,1,GreyAtom,Muskan Patel,IT,Front end developer,2019-20
CSE,Female,4,1,GreyAtom,Nikita Sambhaji Patil,IT,Front end developer,2019-20
CSE,Female,4,1,GreyAtom,Pooja Chougule,IT,Front end developer,2019-20
CSE,Female,4,1,GreyAtom,Poonam Patil,IT,Front end developer,2019-20
CSE,Female,4,1,GreyAtom,Pournima Bansode,IT,Front end developer,2019-20
CSE,Female,4,1,GreyAtom,Prasanna Vishwas Pilankar,IT,Front end developer,2019-20
CSE,Female,4,1,GreyAtom,Pratiksha J.Patil,IT,Front end developer,2019-20
CSE,Female,4,1,GreyAtom,Rajlaxmi Raorane,IT,Front end developer,2019-20
CSE,Female,4,1,GreyAtom,Sayali Gavade,IT,Front end developer,2019-20
CSE,Female,4,1,GreyAtom,Shivani Sawant,IT,Front end developer,2019-20
CSE,Female,4,1,GreyAtom,Shivani Vijay Dinde,IT,Front end developer,2019-20
CSE,Female,4,1,GreyAtom,Siddhi Banchhode,IT,Front end developer,2019-20
CSE,Female,4,1,GreyAtom,Sneha Sampat Sawant,IT,Front end developer,2019-20
CSE,Female,4,1,GreyAtom,Sonali Chougale,IT,Front end developer,2019-20
CSE,Female,3.5,1,ExcelR,Shubhda Vijay Katkar,IT,Full Stack,2025-26
CSE,Female,4,1,ExcelR,Kajal Mali,IT,FULL STACK DEVELOPER,2024-25
CSE,Female,4,1,ExcelR,Shivai Ravtale,IT,FULL STACK DEVELOPER,2024-25
CSE,Female,4.2,1,"Ardent,USA",Shradha Bhandare,IT,FULL STACK DEVELOPER,2020-21
CSE,Female,4,1,ExcelR,Shruti Ugale,IT,FULL STACK DEVELOPER,2024-25
CSE,Female,4,1,ExcelR,Tejaswini Bharade,IT,FULL STACK DEVELOPER,2024-25
CSE,Female,3,2,Extraprenuers Pvt. Ltd,Aboli Chandrakant Jadhav,IT,Full Stack Engineer,2021-22
CSE,Female,3,2,Extraprenuers Pvt. Ltd,Arpita R. Ghorpade,IT,Full Stack Engineer,2021-22
CSE,Female,4,2,Evosys,"Jainab Patel,",IT,Functional Consultant,2021-22
CSE,Female,2.5,1,Qualitykiosk Technologies Pvt Ltd,Sakshi Vikrant Pise,IT,Functional Engineer,2024-25
CSE,Female,2.62,1,Ubisoft India,Akshaya Appaso Shinde,IT,Game Tester,2020-21
CSE,Female,2.62,1,Ubisoft India,Shivani Shashiraj Patole,IT,Game Tester,2020-21
CSE,Female,2.62,1,Ubisoft India,Shruti Santosh Urunkar,IT,Game Tester,2020-21
CSE,Female,4,1,Cognizant,Rutuja Kadam,IT,Gen C Developer,2020-21
CSE,Female,4,2,Cognizant,Aboli Chandrakant Jadhav,IT,GenC - Select,2021-22
CSE,Female,4,2,Cognizant,Apurva Balasaheb Patil,IT,GenC - Select,2021-22
CSE,Female,4,2,Cognizant,Malaika Nisar Momin,IT,GenC - Select,2021-22
CSE,Female,4,2,Cognizant,Sampada Purushottam Kawale,IT,GenC - Select,2021-22
CSE,Female,4,2,Cognizant,Susmita Sanjay Jadhav,IT,GenC - Select,2021-22
CSE,Female,4,2,Cognizant,Triveni Krishnat Barkale,IT,GenC - Select,2021-22
CSE,Female,4.5,2,Cognizant,Ankita Vitthal Patil,IT,GenC Elevate - Select,2021-22
CSE,Female,4.5,2,Cognizant,Pradnya Arjunrao Patil,IT,GenC Elevate - Select,2021-22
CSE,Female,4.5,2,Cognizant,Pragati Prakash Sutar,IT,GenC Elevate - Select,2021-22
CSE,Female,4.5,2,Cognizant,Vaishnavi Rajendra Ayarekar,IT,GenC Elevate - Select,2021-22
CSE,Female,4.5,2,Cognizant,Vaishnavi Vijay Lohar,IT,GenC Elevate - Select,2021-22
CSE,Female,4.5,2,Cognizant,Yashashri Girdhari Sonwane,IT,GenC Elevate - Select,2021-22
CSE,Female,6.75,2,Cognizant,Arpita Ravindra Ghorpade,IT,GenC Next - Select,2021-22
CSE,Female,6.75,2,Cognizant,Manasi Hemant Shinde,IT,GenC Next - Select,2021-22
CSE,Female,6.75,2,Cognizant,NEEL RAJEEV HUZURBAZAR,IT,GenC Next - Select,2021-22
CSE,Female,4.5,1,Cognizant,Nilam Jagtap,IT,GenC-Developer,2020-21
CSE,Female,4.5,1,Cognizant,Shradha khatkole,IT,GenC-Developer,2020-21
CSE,Female,5,1,VOIS,Aarya Jaysing Chougule,IT,GET,2022-23
CSE,Female,3.5,1,TATA ELXI,Achal Dhanaji Mali,IT,GET,2022-23
CSE,Female,4,1,Hexaware,Aditi Jaydeep Shelke,IT,GET,2023-24
CSE,Female,5,1,VOIS,Afrin Mukhtar Ambekari,IT,GET,2022-23
CSE,Female,3.5,1,TATA ELXI,Akshata Annaso Kavthekar,IT,GET,2022-23
CSE,Female,5,1,VOIS,Anjali Anand Yadav,IT,GET,2022-23
CSE,Female,4,1,Hexaware,Apeksha Ashok Jangam,IT,GET,2023-24
CSE,Female,5,1,VOIS,Chaitanya Anand Joshi,IT,GET,2022-23
CSE,Female,5,1,VOIS,Disha Dinesh Malgavi,IT,GET,2022-23
CSE,Female,5,1,Agiliad Technologies,Geetanjali Sachin Sultane,IT,GET,2022-23
CSE,Female,3.5,1,TATA ELXI,Kalyani sampat bhamtekar,IT,GET,2022-23
CSE,Female,5,1,VOIS,Kusumika Krishnat Patil,IT,GET,2022-23
CSE,Female,5,1,VOIS,Manasi Bharat Mandlik,IT,GET,2022-23
CSE,Female,5,1,VOIS,Manasi Jitendra Prabhavalkar,IT,GET,2022-23
CSE,Female,3.5,1,TATA ELXI,Megha Manohar Patil,IT,GET,2022-23
CSE,Female,4,1,Hexaware,Mrunalinee Mansinghrao Desai,IT,GET,2023-24
CSE,Female,5,1,VOIS,Payal Sanjay Sawal,IT,GET,2022-23
CSE,Female,5,1,VOIS,Poonam Gundaji Khatkale,IT,GET,2022-23
CSE,Female,5,1,VOIS,Pradnya Prasad Mahadik,IT,GET,2022-23
CSE,Female,5,1,VOIS,Pranoti Sanjay Jadhav,IT,GET,2022-23
CSE,Female,5,1,Agiliad Technologies,Priyanka Babaso Sodage,IT,GET,2022-23
CSE,Female,4,1,Hexaware,Riya Riyaz Pathan,IT,GET,2023-24
CSE,Female,3.5,1,TechMahindra,Rutuja Bapurao Yadav,IT,GET,2023-24
CSE,Female,4,1,Cognizant,Rutuja Jitendra Choudhari,IT,GET,2024-25
CSE,Female,6,1,CtrlS,Rutuja Yuvraj Patil,IT,GET,2023-24
CSE,Female,6,1,Sopra steria,Sakshi Balaso Patil,IT,GET,2024-25
CSE,Female,5,1,VOIS,Sakshi Nandkumar Gavali,IT,GET,2022-23
CSE,Female,3.5,1,TATA ELXI,Sakshi Shahaji Patil,IT,GET,2022-23
CSE,Female,5,1,VOIS,Sakshi Swapnil Shaha,IT,GET,2022-23
CSE,Female,4,1,Hexaware,Sanika Sandip Patil,IT,GET,2023-24
CSE,Female,5,1,VOIS,Shreya Vinodkumar Wankhade,IT,GET,2022-23
CSE,Female,6,1,CtrlS,Shruti Ramesh Gujar,IT,GET,2023-24
CSE,Female,4,1,Hexaware,Smita Surendra Patil,IT,GET,2023-24
CSE,Female,6,1,CtrlS,Snehal Ravindra Chikane,IT,GET,2023-24
CSE,Female,5,1,VOIS,Snehanjali Pramod Patil,IT,GET,2022-23
CSE,Female,5,1,VOIS,Suchita Sudhakar Somwanshi,IT,GET,2022-23
CSE,Female,3.5,1,TATA ELXI,Sushama Vishnu Nadavade,IT,GET,2022-23
CSE,Female,5,1,VOIS,Tanaya Anil Jadhav,IT,GET,2022-23
CSE,Female,6,1,CtrlS,Tanvi Vinodkumar Chavan,IT,GET,2023-24
CSE,Female,3.25,1,TechMahindra,Utkarsha Bharat Kolgavkar,IT,GET,2022-23
CSE,Female,3.5,1,TechMahindra,Vaishnavi Amit Patil,IT,GET,2023-24
CSE,Female,3.8,1,CAPGEMINI,Apurv Avinash Kumbhar,IT,Infra-Analyst,2019-20
CSE,Female,3.8,1,CAPGEMINI,Sanyogita Maruti Desai,IT,Infra-Analyst,2019-20
CSE,Female,3.8,1,CAPGEMINI,Shubhangi Sarjerao Lomate,IT,Infra-Analyst,2019-20
CSE,Female,1.2,1,"Bolt, IOT",Aishwarya Yadav,IT,"Intern,offer letter",2020-21
CSE,Female,1.2,1,"Bolt, IOT",Shweta Waghmode,IT,"Intern,offer letter",2020-21
CSE,Female,5.35,2,FIS Global,Rajeshwari Miraje,IT,IT Trainee,2021-22
CSE,Female,5.35,2,FIS Global,Tejashri Jaywant Patil,IT,IT Trainee,2021-22
CSE,Female,5.35,2,FIS Global,Vaishnavi Vijay Lohar,IT,IT Trainee,2021-22
CSE,Female,4,1,Cyber Success,Kajal Bhamtekar,IT,Java Developer,2022-23
CSE,Female,5,1,Vision Waves,Dhanashri Shrirang Dhekale,IT,Java/Full stack UI Angular Developer,2024-25
CSE,Female,5,1,Vision Waves,Mansi Shashikant Shivade,IT,Java/Full stack UI Angular Developer,2024-25
CSE,Female,1.8,1,Walstar Technologies,Aditi Yuvraj Kadam,IT,Jr. Web Developer,2019-20
CSE,Female,1.8,1,Walstar Technologies,Amruta Vhatkar,IT,Jr. Web Developer,2019-20
CSE,Female,1.8,1,Walstar Technologies,Trupti Patil,IT,Jr. Web Developer,2019-20
CSE,Female,3,1,Infogen,"Rutuja Kate,",IT,Junior Software Engineer,2019-20
CSE,Female,5.5,2,Indegene Private Limited,Sanjivani Bhimgonda Desai,IT,Junior Software Engineer,2021-22
CSE,Female,64,1,Adobe,Anamika Dakare,IT,Member of Technical Staff,2022-23
CSE,Female,3.38,1,TCS,Smita Surendra Patil,IT,Ninja,2023-24
CSE,Female,5.5,1,White Jr. HR,Prasanna Pillankar,IT,OPERATION ASSOCIATE,2019-20
CSE,Female,5.5,1,WNS Global,Nilam Jagatap,IT,Program Analyst,2020-21
CSE,Female,5,2,NTT Data,Vaishnavi Ashok Phadake,IT,Program Senior Associate II,2021-22
CSE,Female,4,1,Cognizant,Sakshi Balaso Patil,IT,Programmer Analyst,2024-25
CSE,Female,4,1,Cognizant,Tejaswini Bajirao Bharade,IT,Programmer Analyst,2024-25
CSE,Female,4,1,Cognizent,Neeta Mahantesh Kole,IT,ProgrammerAnalyst,2024-25
CSE,Female,4.5,2,Wipro,Aboli Jadhav,IT,Project Engineer,2021-22
CSE,Female,3.5,2,Wipro,Amrut Bhausaheb Patil,IT,Project Engineer,2021-22
CSE,Female,3.25,1,Tech Mahindra,Amruta Mahipati Sathe,IT,Project Engineer,2023-24
CSE,Female,4,1,KPIT,Bhagyashree Kedar Patil,IT,Project Engineer,2022-23
CSE,Female,4,1,KPIT,Chaitanya Anand Joshi,IT,Project Engineer,2022-23
CSE,Female,3.25,1,Tech Mahindra,Harshada Ashok Patil,IT,Project Engineer,2023-24
CSE,Female,3.5,2,Wipro,Kishori Sarjerao Patil,IT,Project Engineer,2021-22
CSE,Female,4,1,KPIT,Manasi Bharat Mandlik,IT,Project Engineer,2022-23
CSE,Female,3.5,2,Wipro,Manasi Hemant Shinde,IT,Project Engineer,2021-22
CSE,Female,3.5,2,Wipro,Poorva Prasan Kamble,IT,Project Engineer,2021-22
CSE,Female,4,1,KPIT,Pranali Vikas Patil,IT,Project Engineer,2022-23
CSE,Female,4,1,KPIT,Pratiksha Prakash Suryavanshi,IT,Project Engineer,2022-23
CSE,Female,3.5,2,Wipro,PRIYANKA BHIKAJI CHOUGALE,IT,Project Engineer,2021-22
CSE,Female,4,1,KPIT,Purva Pitambar Khandagale,IT,Project Engineer,2022-23
CSE,Female,3.5,2,Wipro,Rajavi Sandip Sankpal,IT,Project Engineer,2021-22
CSE,Female,4,1,KPIT,Rajkunwar Pratapsinh Nalawade,IT,Project Engineer,2022-23
CSE,Female,3.5,2,Wipro,Rasika Anil Kulkarni,IT,Project Engineer,2021-22
CSE,Female,3.25,1,Tech Mahindra,Rasika Rajkumar Yadav,IT,Project Engineer,2023-24
CSE,Female,3.5,2,Wipro,Saba Akram Mulla,IT,Project Engineer,2021-22
CSE,Female,21,1,JusPay,Sakshi Pise,IT,Project Engineer,2024-25
CSE,Female,4,1,KPIT,Sakshi Swapnil Shaha,IT,Project Engineer,2022-23
CSE,Female,3.6,2,KPIT,Samidha Mahadev Sawant,IT,Project Engineer,2021-22
CSE,Female,3.5,2,Wipro,Sayali Chougule,IT,Project Engineer,2021-22
CSE,Female,3.6,2,KPIT,Sayali Sanjay Chougule,IT,Project Engineer,2021-22
CSE,Female,3.25,1,Tech Mahindra,Shrushti Amar Ghatge,IT,Project Engineer,2023-24
CSE,Female,3.6,2,KPIT,Siddhi Sardar Kirulkar,IT,Project Engineer,2021-22
CSE,Female,3.5,2,Wipro,Siddhi Sardar Kirulkar,IT,Project Engineer,2021-22
CSE,Female,3.25,1,Tech Mahindra,Snehal Sambhaji Patil,IT,Project Engineer,2023-24
CSE,Female,3.5,2,Wipro,Srushti Avinash Varekar,IT,Project Engineer,2021-22
CSE,Female,3.5,2,Wipro,Tejashri Jayawant Patil,IT,Project Engineer,2021-22
CSE,Female,3.5,2,Wipro,tejaswini manohar gavali,IT,Project Engineer,2021-22
CSE,Female,3.5,2,Wipro,Vaishnavi Rajendra Ayarekar,IT,Project Engineer,2021-22
CSE,Female,3.25,1,TechMahindra,Kashish Kiran Jadhav,IT,Project Trainee,2024-25
CSE,Female,3.25,1,TechMahindra,Kusum Sudhir Lohar,IT,Project Trainee,2024-25
CSE,Female,3.25,1,TechMahindra,Sakshi Balaso Patil,IT,Project Trainee,2024-25
CSE,Female,3.25,1,TechMahindra,Sneha Sanjay Pawar,IT,Project Trainee,2024-25
CSE,Female,4.5,2,"Advanced ,UK",Kishori Patil,IT,Quality Analyst,2021-22
CSE,Female,3.31,1,WishTree,Prajakta Parasharam Ghevade,IT,Quality Analyst,2020-21
CSE,Female,3,1,Walstar Technologies Pvt. Ltd,Yash Sanjyot Ainapure,IT,React Developer,2025-26
CSE,Female,6.5,2,KAAR Technologies,Sakshi Pathak,IT,SAP Consultant,2021-22
CSE,Female,4,1,Clariant,Ashfaque Momin,IT,Senior Process Associate,2019-20
CSE,Female,4.2,1,CYBAGE,Shradha Bhandare,IT,SOFTWARE ANALYAST,2020-21
CSE,Female,4.2,1,CYBAGE,VAISHANAVI PATIL,IT,SOFTWARE ANALYAST,2020-21
CSE,Female,1.8,1,DX Info System Sangli,Aditi kadam,IT,Software Developer,2019-20
CSE,Female,4.5,1,Accenture,Akshaya Appaso Shinde,IT,Software Developer,2020-21
CSE,Female,1.8,1,DX Info System Sangli,Amruta Vhatkar,IT,Software Developer,2019-20
CSE,Female,8.5,2,Brillio,Apurva Kelkar,IT,Software Developer,2021-22
CSE,Female,4.5,1,Accenture,Bhushana Patil,IT,Software Developer,2020-21
CSE,Female,2.65,1,Winjit,Dhanashri Nikam,IT,Software Developer,2020-21
CSE,Female,3.2,1,SLK,Heena Mulla,IT,Software Developer,2020-21
CSE,Female,4.5,1,Accenture,Maheshwari Kulkarni,IT,Software Developer,2020-21
CSE,Female,4.5,1,"Retail INC, USA",Mohini More,IT,Software Developer,2020-21
CSE,Female,4,1,"Retail INC, USA",Nayana Palekar,IT,Software Developer,2020-21
CSE,Female,2.4,1,Winjit,Nilam Jagatap,IT,Software Developer,2020-21
CSE,Female,3.5,1,Hexaware,Nuren Pathan,IT,Software Developer,2020-21
CSE,Female,1.8,1,DX Info System Sangli,Pratiksha Gurav,IT,Software Developer,2019-20
CSE,Female,7.8,1,Dassault Systems,Savani Vivek Limbekar,IT,Software Developer,2023-24
CSE,Female,3,1,SounderGrad,Shefali Patil,IT,Software Developer,2019-20
CSE,Female,7.8,1,Dassault Systems,Shreya Sunil Redekar,IT,Software Developer,2023-24
CSE,Female,4.5,1,Accenture,Shruti Nayak,IT,Software Developer,2020-21
CSE,Female,3.5,1,Hexaware,Shruti Nayak,IT,Software Developer,2020-21
CSE,Female,1.8,1,DX Info System Sangli,Shweta Nale,IT,Software Developer,2019-20
CSE,Female,1.8,1,DX Info System Sangli,Trupti Patil,IT,Software Developer,2019-20
CSE,Female,1.8,1,DX Info System Sangli,Utkarsha Desai,IT,Software Developer,2019-20
CSE,Female,2,1,Modern Homeopathi,Prachi Ganesh Lohar,IT,Software Enggineer,2019-20
CSE,Female,4,1,Hexaware Technologies Pvt. Ltd.,Aarya Ajay Khedekar,IT,Software Engineer,2024-25
CSE,Female,4.51,1,Persistent Systems,Aarya Hanamar,IT,Software Engineer,2020-21
CSE,Female,8.5,1,Hewlett Packard (HP),Aditi Deepaksinh Patil,IT,Software Engineer,2025-26
CSE,Female,3.5,1,"KPIT,Pune",Aishwarya Patil,IT,Software Engineer,2017-18
CSE,Female,3.31,1,"KPIT,Pune",Akshada Pawar,IT,Software Engineer,2018-19
CSE,Female,5.73,2,FIS Global,Albina Wahid Attar,IT,Software Engineer,2021-22
CSE,Female,3,1,"Paramatrix, Mumbai",Ankita Mirajkar,IT,Software Engineer,2018-19
CSE,Female,4,2,EuroNet Worldwide,Ankita Vitthal Patil,IT,Software Engineer,2021-22
CSE,Female,3,2,Cyber Success,Anuja Chandane,IT,Software Engineer,2021-22
CSE,Female,3,1,Stridely Solutions,Anuja Lad,IT,Software Engineer,2020-21
CSE,Female,3,1,ExcelR,Anusha Sharad Shinde,IT,Software Engineer,2022-23
CSE,Female,3,1,ExcelR,Anushri Sharanbasappa Vhanmane,IT,Software Engineer,2022-23
CSE,Female,1.8,1,Mouritech,Apurva Ghayalkar,IT,Software Engineer,2018-19
CSE,Female,4,2,Msys Tech Pvt Ltd,Apurva Kelkar,IT,Software Engineer,2021-22
CSE,Female,3.5,1,"Atos Syntel., Pune",Arati Khanolkar,IT,Software Engineer,2018-19
CSE,Female,3,1,"Paramatrix, Mumbai",Arati Khanolkar,IT,Software Engineer,2018-19
CSE,Female,5,2,NTT Data,Arpita Ghorpade,IT,Software Engineer,2021-22
CSE,Female,4,1,Hexaware Technologies Pvt. Ltd.,Arya Ajit Kulkarni,IT,Software Engineer,2024-25
CSE,Female,4.42,1,Persistent,Ashwini Gundala,IT,Software Engineer,2023-24
CSE,Female,3,1,ExcelR,Avantika Pramod Patil,IT,Software Engineer,2022-23
CSE,Female,4,2,Msys Tech Pvt Ltd,Bhakti Bhaskar Bhat,IT,Software Engineer,2021-22
CSE,Female,4,1,Hexaware Technologies Pvt. Ltd.,Bhakti Umesh Bandhavadekar,IT,Software Engineer,2024-25
CSE,Female,2.4,1,"QSPIDER ,Pune",Bhosale Trupti V.,IT,Software Engineer,2017-18
CSE,Female,3.31,1,"KPIT,Pune",Deepali Pundlik Patil,IT,Software Engineer,2017-18
CSE,Female,2.4,1,"QSPIDER ,Pune",Deshpande Shrinidhi R.,IT,Software Engineer,2017-18
CSE,Female,3.35,1,TCS,Devayani Dagadu Shenavi,IT,Software Engineer,2024-25
CSE,Female,3.5,1,BristleCone,Dhanashri Nikam,IT,Software Engineer,2020-21
CSE,Female,3,1,Stridely Solutions,Dipali Baburao Koundade,IT,Software Engineer,2020-21
CSE,Female,1.8,2,"MeshBA Solutions,Kolhapur",Dipali Sanjay Mane,IT,Software Engineer,2021-22
CSE,Female,4,1,Hexaware Technologies Pvt. Ltd.,Effat Faruk Mujawar,IT,Software Engineer,2024-25
CSE,Female,2.2,1,Mouritech,Girija Bhosale,IT,Software Engineer,2020-21
CSE,Female,3.5,1,T-Cognition,Harsha Deepak Shinde,IT,Software Engineer,2022-23
CSE,Female,3.31,1,"KPIT,Pune",Hiteshvari Adesh Patil,IT,Software Engineer,2017-18
CSE,Female,2.4,1,"QSPIDER ,Pune",Jaykhedkar Priti P.,IT,Software Engineer,2017-18
CSE,Female,4.5,2,Agiliad Technologies Private Ltd.,Kadambari Ranjeet Sutar,IT,Software Engineer,2021-22
CSE,Female,4,1,Qspider,Kalyani sampat bhamtekar,IT,Software Engineer,2022-23
CSE,Female,3,1,Stridely Solutions,Kanchan Khondre,IT,Software Engineer,2020-21
CSE,Female,3.5,1,Wipro,Kanchan Khondre,IT,Software Engineer,2020-21
CSE,Female,4,1,Hexaware Technologies Pvt. Ltd.,Kashish Kiran Jadhav,IT,Software Engineer,2024-25
CSE,Female,3.6,2,BenchMark IT Solutions,Komal Mulik,IT,Software Engineer,2021-22
CSE,Female,4.71,2,Persistent Systems,Komal Mulik,IT,Software Engineer,2021-22
CSE,Female,3.1,1,Atos global,Komal Rajendra Yadav,IT,Software Engineer,2022-23
CSE,Female,3,1,ExcelR,Krupa Manik Gandhi,IT,Software Engineer,2022-23
CSE,Female,4,1,EXCELR Solutions,Madhura Suhas Mokashi,IT,Software Engineer,2023-24
CSE,Female,3,1,Stridely Solutions,Manali Hitendra Patil,IT,Software Engineer,2020-21
CSE,Female,6.5,1,Hitachi vantara,Manasi Bharat Mandlik,IT,Software Engineer,2022-23
CSE,Female,3,1,ExcelR,Mansi Deepak kamble,IT,Software Engineer,2022-23
CSE,Female,4,1,Mastek,Mansi Gurav,IT,Software Engineer,2019-20
CSE,Female,3.5,1,BenchMark IT Solutiosn,Mayuri Fonde,IT,Software Engineer,2020-21
CSE,Female,3.5,1,MindTree,Mulya Harshita N.,IT,Software Engineer,2017-18
CSE,Female,2.4,1,"QSPIDER ,Pune",Mulya Harshita N.,IT,Software Engineer,2017-18
CSE,Female,3,1,Stridely Solutions,NAYANA SANGAPPA PALEKAR,IT,Software Engineer,2020-21
CSE,Female,1.8,1,Mouritech,Neena Bardeskar,IT,Software Engineer,2019-20
CSE,Female,4.5,2,Agiliad Technologies Private Ltd.,Neha Pradip Babar,IT,Software Engineer,2021-22
CSE,Female,4.2,1,Infosys,Nikita Ashruba Gite,IT,Software Engineer,2024-25
CSE,Female,3.8,1,"Androsonic, Pune",Nikita Mandale,IT,Software Engineer,2018-19
CSE,Female,3.5,1,"Atos Syntel., Pune",Nikita Patil,IT,Software Engineer,2018-19
CSE,Female,3,1,Stridely Solutions,Nilam Jagatap,IT,Software Engineer,2020-21
CSE,Female,4.51,1,Persistent Systems,Nuren Pathan,IT,Software Engineer,2020-21
CSE,Female,2.4,1,"QSPIDER ,Pune",Patil Aishwarya V.,IT,Software Engineer,2017-18
CSE,Female,3,1,"Paramatrix, Mumbai",Phalaknaz Punekar,IT,Software Engineer,2018-19
CSE,Female,2.4,1,"QSPIDER ,Pune",Pise Shrui R.,IT,Software Engineer,2017-18
CSE,Female,2.2,1,Mouritech,Poonam Chougule,IT,Software Engineer,2020-21
CSE,Female,3,1,ExcelR,Poonam Gundaji Khatkale,IT,Software Engineer,2022-23
CSE,Female,4,1,Qspider,Poonam Gundaji Khatkale,IT,Software Engineer,2022-23
CSE,Female,4,1,Qspider,Poonam Kartik Mali,IT,Software Engineer,2022-23
CSE,Female,3.5,1,Wipro,Prajakta Jadhav,IT,Software Engineer,2020-21
CSE,Female,3.6,1,DXC Technology,Prajakta Patil,IT,Software Engineer,2019-20
CSE,Female,4,1,Lenze India,Prajkta Jadhav,IT,Software Engineer,2020-21
CSE,Female,3.5,1,T-Cognition,Pranali Goraksh Kale,IT,Software Engineer,2022-23
CSE,Female,2.2,1,Mouritech,Pratiksha Badale,IT,Software Engineer,2020-21
CSE,Female,3.1,1,Atos global,Pratiksha Dinkar Khandekar,IT,Software Engineer,2022-23
CSE,Female,1.8,1,"Brainstorm Force,Pune",Preeti Jaykhedkar,IT,Software Engineer,2017-18
CSE,Female,4.42,1,Persistent,Prerana Kumbhar,IT,Software Engineer,2023-24
CSE,Female,4,1,"Webonise labs, Pune",Priyanka Badi,IT,Software Engineer,2018-19
CSE,Female,3,1,Webtech Solutions,Priyanka Badi,IT,Software Engineer,2018-19
CSE,Female,4.65,1,Tata Technology,Priyanka Patil,IT,Software Engineer,2020-21
CSE,Female,4,1,Accenture,Priyanka Vitthal Patil,IT,Software Engineer,2019-20
CSE,Female,3.25,2,TechMahindra,Rajavi Sankpal,IT,Software Engineer,2021-22
CSE,Female,10,1,Brillieo,Rajkunwar Nalawade,IT,Software Engineer,2022-23
CSE,Female,3.5,2,T-Cognition,Rhunali Dhanaji Desai,IT,Software Engineer,2022-23
CSE,Female,3.6,2,BenchMark IT Solutions,Rohan Mane,IT,Software Engineer,2021-22
CSE,Female,4,1,Accenture,Rutuja Jadhav,IT,Software Engineer,2019-20
CSE,Female,5.35,1,FIS Global,Rutuja Kadam,IT,Software Engineer,2020-21
CSE,Female,4.2,1,Infosys,Rutuja Mahadev Hattikote,IT,Software Engineer,2024-25
CSE,Female,4,1,Hexaware Technologies Pvt. Ltd.,Sai Harshal Jog,IT,Software Engineer,2024-25
CSE,Female,4.2,1,Infosys,Sakshi Balaso Patil,IT,Software Engineer,2024-25
CSE,Female,3.6,2,BenchMark IT Solutions,Sakshi Dembra,IT,Software Engineer,2021-22
CSE,Female,4,1,Hexaware Technologies Pvt. Ltd.,Sakshi Dhananjay Mane,IT,Software Engineer,2024-25
CSE,Female,4.42,1,Persistent,Sakshi Potdar,IT,Software Engineer,2023-24
CSE,Female,7,1,Tata Consultancy Service,Sakshi Potdar,IT,Software Engineer,2023-24
CSE,Female,4,1,Hexaware Technologies Pvt. Ltd.,Sakshi Shivaji Jadhav,IT,Software Engineer,2024-25
CSE,Female,4.2,1,Infosys,Sakshi Shivaji Jadhav,IT,Software Engineer,2024-25
CSE,Female,4,1,Hexaware Technologies Pvt. Ltd.,Sakshi Vilas Kadam,IT,Software Engineer,2024-25
CSE,Female,4,2,Zensar Technologies,Saloni Mansing Padwal,IT,Software Engineer,2021-22
CSE,Female,3.6,2,SLK,Samidha Sawant,IT,Software Engineer,2021-22
CSE,Female,4,1,Hexaware Technologies Pvt. Ltd.,Samruddhi Kiran Patil,IT,Software Engineer,2024-25
CSE,Female,3.6,2,SLK,Sayali Chougule,IT,Software Engineer,2021-22
CSE,Female,3.2,1,SLK Bangalore,Sayali Gavade,IT,Software Engineer,2019-20
CSE,Female,2.4,1,"QSPIDER ,Pune",Shaikh Neha U.,IT,Software Engineer,2017-18
CSE,Female,2.2,1,Mouritech,Shefali Mehta,IT,Software Engineer,2020-21
CSE,Female,3.5,1,"Infosys,Pune",Shiradwade Roshani A.,IT,Software Engineer,2017-18
CSE,Female,2.4,1,"QSPIDER ,Pune",Shiradwade Roshani A.,IT,Software Engineer,2017-18
CSE,Female,3,1,"Paramatrix, Mumbai",Shivani Chabukpatil,IT,Software Engineer,2018-19
CSE,Female,3.2,1,SLK Bangalore,Shivani Dinde,IT,Software Engineer,2019-20
CSE,Female,3.1,1,Atos global,Shivani Ramesh Maskar,IT,Software Engineer,2022-23
CSE,Female,3.2,1,SLK Bangalore,Shivani Sawant,IT,Software Engineer,2019-20
CSE,Female,3.5,1,"Atos Syntel., Pune",Shnehal Salokhe,IT,Software Engineer,2018-19
CSE,Female,4.42,1,Persistent,Shravani Chougule,IT,Software Engineer,2023-24
CSE,Female,4,1,Hexaware Technologies Pvt. Ltd.,Shravani Sambhaji Shinde,IT,Software Engineer,2024-25
CSE,Female,2.2,1,Mouritech,Shravishta Hudlekar,IT,Software Engineer,2020-21
CSE,Female,3,1,"Paramatrix, Mumbai",Shruti Jadhav,IT,Software Engineer,2018-19
CSE,Female,4,2,Msys Tech Pvt Ltd,Shruti Ramesh Kamble,IT,Software Engineer,2021-22
CSE,Female,3.31,1,"KPIT,Pune",Shrutika Jadhav,IT,Software Engineer,2017-18
CSE,Female,4,1,Hexaware Technologies Pvt. Ltd.,Shweta Appasaheb Jadhav,IT,Software Engineer,2024-25
CSE,Female,4,1,Hexaware Technologies Pvt. Ltd.,Sneha Sanjay Pawar,IT,Software Engineer,2024-25
CSE,Female,3.6,1,DXC Technology,Snehal Lohar,IT,Software Engineer,2019-20
CSE,Female,3,1,Stridely Solutions,Snehal Salokhe,IT,Software Engineer,2020-21
CSE,Female,3,1,Webtech Solutions,Snehal Salokhe,IT,Software Engineer,2018-19
CSE,Female,1.8,1,Mouritech,Sonali Kadam,IT,Software Engineer,2019-20
CSE,Female,2.2,1,Mouritech,Sonali Todkari,IT,Software Engineer,2020-21
CSE,Female,10,1,Brillieo,Soniya Pol,IT,Software Engineer,2022-23
CSE,Female,2.4,2,Moog India,Srushti Avinash Varekar,IT,Software Engineer,2021-22
CSE,Female,3.25,2,TechMahindra,Srushti Varekar,IT,Software Engineer,2021-22
CSE,Female,4,1,Qspider,Supriya Ishwar Koli,IT,Software Engineer,2022-23
CSE,Female,4,1,Qspider,Sushama Vishnu Nadavade,IT,Software Engineer,2022-23
CSE,Female,5,1,T-Systems,Swinal Shende,IT,Software Engineer,2020-21
CSE,Female,2.2,1,Mouritech,Tanvi Kolhapur,IT,Software Engineer,2020-21
CSE,Female,3.5,1,Atos Syntel,Trupti Bhosale,IT,Software Engineer,2017-18
CSE,Female,3.6,2,BenchMark IT Solutions,Utsav Salokhe,IT,Software Engineer,2021-22
CSE,Female,3.8,1,"Androsonic, Pune",Vaishnavi Kale,IT,Software Engineer,2018-19
CSE,Female,3.8,2,Birlasoft,Vaishnavi Lohar,IT,Software Engineer,2021-22
CSE,Female,3.1,1,Atos global,Vaishnavi Nitin Saudagar,IT,Software Engineer,2022-23
CSE,Female,3,1,ExcelR,Vaishnavi Prashant Ghatage,IT,Software Engineer,2022-23
CSE,Female,4.5,2,Afour Technologies,Vanshika S Deshpande,IT,Software Engineer,2021-22
CSE,Female,4.5,2,Cybage Software,Vanshika S Deshpande,IT,Software Engineer,2021-22
CSE,Female,4,1,Hexaware Technologies Pvt. Ltd.,Vasundhara Rajendra Laykar,IT,Software Engineer,2024-25
CSE,Female,4,1,Hexaware Technologies Pvt. Ltd.,Vedantika Kumar Desawale,IT,Software Engineer,2024-25
CSE,Female,4.5,2,Cybage Software,Vidya Rajendra Kamble,IT,Software Engineer,2021-22
CSE,Female,4.5,2,Agiliad Technologies Private Ltd.,Yashashri Giradhari Sonwane,IT,Software Engineer,2021-22
CSE,Female,3,1,"Ekam Invento,Pune",Anushka Vikramsingh Patil,IT,Software Engineer Trainee,2025-26
CSE,Female,2.5,1,ApMoSys Techologies,Arya Manohar Hulwan,IT,Software Engineer Trainee,2025-26
CSE,Female,2.5,1,"Greamio Technolgies, Pune",Diksha Manjunath Sambrekar,IT,Software Engineer Trainee,2025-26
CSE,Female,4,1,ApMoSys Technologies Pvt. Ltd.,Kusum Sudhir Lohar,IT,Software Engineer Trainee,2024-25
CSE,Female,4,1,ApMoSys Technologies Pvt. Ltd.,Maithili Sanjaykumar Ghatage,IT,Software Engineer Trainee,2024-25
CSE,Female,3,1,"Ekam Invento,Pune",Namrata Vyankatesh Daphale,IT,Software Engineer Trainee,2025-26
CSE,Female,6,1,ApMoSys Technologies Pvt. Ltd.,Rasika Bhikaji Vadangekar,IT,Software Engineer Trainee,2024-25
CSE,Female,2.5,1,"Greamio Technolgies, Pune",Sakshi Sachin Kalyankar,IT,Software Engineer Trainee,2025-26
CSE,Female,4,1,Hexaware Technologies,Samruddhi Patil,IT,Software Engineer Trainee,2025-26
CSE,Female,4,1,Amdocs,Ankita Desai,IT,Software Funicational Test Engineer,2020-21
CSE,Female,4,1,Amdocs,Vaibhavi Chivate,IT,Software Funicational Test Engineer,2020-21
CSE,Female,4,1,Cyber Success,Avantika Patil,IT,Software Tester,2022-23
CSE,Female,4,1,Cyber Success,Mansi Kamble,IT,Software Tester,2022-23
CSE,Female,4,1,Cyber Success,Sakshi Pujari,IT,Software Tester,2022-23
CSE,Female,3.6,1,Tata Technology,Gauri shashikant patil,IT,Solution Developer Trainee,2019-20
CSE,Female,3,1,Chegg India,Akshata Ananda Chougale,IT,Subject Matter Expert,2023-24
CSE,Female,3,1,Chegg India,Diya Dipak Shetty,IT,Subject Matter Expert,2023-24
CSE,Female,3,1,Chegg India,Janhavi Sunil Sakate,IT,Subject Matter Expert,2023-24
CSE,Female,3,1,Chegg India,Madhura Suhas Mokashi,IT,Subject Matter Expert,2023-24
CSE,Female,3,1,Chegg India,Manasi Udayraj Patil,IT,Subject Matter Expert,2023-24
CSE,Female,3,1,Chegg India,Mitali Krushnat Pai,IT,Subject Matter Expert,2023-24
CSE,Female,3,1,Chegg India,Mohini Vivekanand Bhojkar,IT,Subject Matter Expert,2023-24
CSE,Female,3,1,Chegg India,Namita Milind Kerlekar,IT,Subject Matter Expert,2023-24
CSE,Female,3,1,Chegg India,Prajakta Satish Patil,IT,Subject Matter Expert,2023-24
CSE,Female,3,1,Chegg India,Pratiksha Nagnath Bhalke,IT,Subject Matter Expert,2023-24
CSE,Female,3,1,Chegg India,Rasika Rajkumar Yadav,IT,Subject Matter Expert,2023-24
CSE,Female,3,1,Chegg India,Rutuja Yuvraj Patil,IT,Subject Matter Expert,2023-24
CSE,Female,3,1,Chegg India,Sai Sanjay Khurd,IT,Subject Matter Expert,2023-24
CSE,Female,3,1,Chegg India,Sakshi Ranjit Shenavi,IT,Subject Matter Expert,2023-24
CSE,Female,3,1,Chegg India,Sakshi Sachin Shah,IT,Subject Matter Expert,2023-24
CSE,Female,3,1,Chegg India,Sakshi Sanjay Karajgar,IT,Subject Matter Expert,2023-24
CSE,Female,3,1,Chegg India,Sakshi Sanjay Potdar,IT,Subject Matter Expert,2023-24
CSE,Female,3,1,Chegg India,Sayali Kiran Patil,IT,Subject Matter Expert,2023-24
CSE,Female,3.8,1,CAPGEMINI,Aarya Hanamar,IT,System Analyst,2020-21
CSE,Female,3.8,2,CAPGEMINI,Manasi Hemant Shinde,IT,System Analyst,2021-22
CSE,Female,3.8,2,CAPGEMINI,Manasi Mahadev Patil,IT,System Analyst,2021-22
CSE,Female,3.8,1,CAPGEMINI,Renu Velhal,IT,System Analyst,2020-21
CSE,Female,3.8,2,CAPGEMINI,Rutuja Sanjay Mane,IT,System Analyst,2021-22
CSE,Female,3.8,2,CAPGEMINI,Sakshi Narayandas Dembra,IT,System Analyst,2021-22
CSE,Female,3.8,1,CAPGEMINI,Shivani Joshi,IT,System Analyst,2020-21
CSE,Female,3.8,1,CAPGEMINI,Shruti Nayak,IT,System Analyst,2020-21
CSE,Female,3.8,2,CAPGEMINI,Snehal Vishal Das,IT,System Analyst,2021-22
CSE,Female,3.8,1,CAPGEMINI,Sonali Patil,IT,System Analyst,2020-21
CSE,Female,3.8,2,CAPGEMINI,Susmita Sanjay Jadhav,IT,System Analyst,2021-22
CSE,Female,3.36,1,"TCS, Pune",Nikita ravindra patil,IT,System Associate trainee,2019-20
CSE,Female,3.36,1,"TCS, Pune",Nikita Sambhaji Patil,IT,System Associate trainee,2019-20
CSE,Female,4.5,1,"TCS, Pune",Priyanka Vitthal Patil,IT,System Associate trainee,2019-20
CSE,Female,3.36,1,"TCS, Pune",Sayali Boite,IT,System Associate trainee,2019-20
CSE,Female,3.36,1,"TCS, Pune",Supritha Moolya,IT,System Associate trainee,2019-20
CSE,Female,3.6,2,Infosys, Dipti Dattatray Patil,IT,System Engineer,2021-22
CSE,Female,3.6,1,Infosys,Afiyah Asif Modak,IT,System Engineer,2025-26
CSE,Female,3.5,1,Wipro,Aishwarya Patil,IT,System Engineer,2019-20
CSE,Female,4,1,Amdocs,Aishwarya Yadav,IT,System Engineer,2020-21
CSE,Female,3.6,1,Infosys,Amruta Erudkar,IT,System Engineer,2020-21
CSE,Female,3.4,1,"Infosys,Pune",Ankita Babaso patil,IT,System Engineer,2019-20
CSE,Female,3,1,"TCS, Pune",Arati Khanolkar,IT,System Engineer,2018-19
CSE,Female,3.36,1,Tata Consultancy Services,Chaitanya Anand Joshi,IT,System Engineer,2022-23
CSE,Female,3.6,1,Infosys,Diksha Manjunath Sambrekar,IT,System Engineer,2025-26
CSE,Female,3.36,1,Tata Consultancy Services,Disha Dinesh Malgavi,IT,System Engineer,2022-23
CSE,Female,3.6,1,Infosys,Gayatri Pramod Mungarwadi,IT,System Engineer,2025-26
CSE,Female,3.36,1,Tata Consultancy Services,Kalyani Anil Chavan,IT,System Engineer,2022-23
CSE,Female,3.4,1,"Infosys,Pune",Mamta Ropalkar,IT,System Engineer,2019-20
CSE,Female,3.6,1,Infosys,Mrunal Bhosale,IT,System Engineer,2025-26
CSE,Female,3.5,1,"TCS, Pune",Nikita Mandale,IT,System Engineer,2018-19
CSE,Female,3.5,1,"TCS, Pune",Nikita Patil,IT,System Engineer,2018-19
CSE,Female,3.36,1,Tata Consultancy Services,Payal Sanjay Sawal,IT,System Engineer,2022-23
CSE,Female,3.6,1,KPIT,Pournima Mohite,IT,System Engineer,2019-20
CSE,Female,3.36,1,Tata Consultancy Services,Prajakta Dinkar Bansode,IT,System Engineer,2022-23
CSE,Female,3.6,2,Infosys,Priyanka Bhikaji Chougule,IT,System Engineer,2021-22
CSE,Female,3.36,1,Tata Consultancy Services,Punam Namdev Patil,IT,System Engineer,2022-23
CSE,Female,3.6,1,Infosys,Rupali Lengare,IT,System Engineer,2020-21
CSE,Female,3.6,1,Infosys,Sakshi Jitesh Malde,IT,System Engineer,2025-26
CSE,Female,3.6,1,Infosys,Sakshi Patil,IT,System Engineer,2025-26
CSE,Female,3.6,1,Infosys,Sakshi Pawar,IT,System Engineer,2020-21
CSE,Female,3.6,1,Infosys,Sanika Ashok Patil,IT,System Engineer,2025-26
CSE,Female,3.6,1,Infosys,Sanika Vijay Godase,IT,System Engineer,2025-26
CSE,Female,3.36,1,Tata Consultancy Services,Sarika Namadev Pharakate,IT,System Engineer,2022-23
CSE,Female,3.5,1,"TCS, Pune",Sayali Patil,IT,System Engineer,2018-19
CSE,Female,3.6,1,Infosys,Shravani Uday Patil,IT,System Engineer,2025-26
CSE,Female,3.6,2,Infosys,Shreenidhi K,IT,System Engineer,2021-22
CSE,Female,3.4,1,"Infosys,Pune",Shruti Kalloli,IT,System Engineer,2019-20
CSE,Female,3.6,1,Infosys,Sneha Gopalrao Jadhav,IT,System Engineer,2025-26
CSE,Female,3.4,1,"Infosys,Pune",Sonali Chougale,IT,System Engineer,2019-20
CSE,Female,7,1,Tata Consultancy Services,Tanaya Jadhav,IT,System Engineer,2022-23
CSE,Female,3.6,1,Infosys,Tanvi Pravin Patil,IT,System Engineer,2025-26
CSE,Female,3.6,1,Infosys,Vaidehi Nilesh Jadhav,IT,System Engineer,2025-26
CSE,Female,3,1,Wipro  Pune,Vaishnavi Kale,IT,System Engineer,2018-19
CSE,Female,3.6,1,Infosys,Vaishnavi Pandurang Bhosale,IT,System Engineer,2025-26
CSE,Female,7,1,Tata Consultancy Services,Rajlaxmi Sanjay Ghatge,IT,Sytem Engineer,2022-23
CSE,Female,3.5,1,Dialogues Media,Rahel Gangaram Palakhe,IT,Technical Sales,2024-25
CSE,Female,1,1,Tcognition,Amruta Vhatkar,IT,Trainee,2019-20
CSE,Female,1,1,Tcognition,Mahima Sawant,IT,Trainee,2019-20
CSE,Female,3.5,1,Qspider,Nikita Mahadev Surve,IT,Trainee,2019-20
CSE,Female,1,1,Tcognition,Nikita Patil,IT,Trainee,2019-20
CSE,Female,1,1,Tcognition,Prasanna Pilankar,IT,Trainee,2019-20
CSE,Female,3.5,1,Qspider,Rutuja Kate,IT,Trainee,2019-20
CSE,Female,3.5,1,Qspider,Shraddha Banchode,IT,Trainee,2019-20
CSE,Female,1,1,Tcognition,Utkarsha Desai,IT,Trainee,2019-20
CSE,Female,3.1,1,Atos global,Dipali Baburao Koundade,IT,Trainee (IT Infrastructure),2020-21
CSE,Female,3.1,1,Atos global,Divyani Chougule,IT,Trainee (IT Infrastructure),2020-21
CSE,Female,3.1,1,Atos global,Mayuri Fonde,IT,Trainee (IT Infrastructure),2020-21
CSE,Female,3.1,1,Atos global,Rupali Lengare,IT,Trainee (IT Infrastructure),2020-21
CSE,Female,3.1,1,Atos global,Rutuja kaingade,IT,Trainee (IT Infrastructure),2020-21
CSE,Female,3.1,1,Atos global,Shraddha Khatkole,IT,Trainee (IT Infrastructure),2020-21
CSE,Female,3.1,1,Atos global,Shradha Bhandare,IT,Trainee (IT Infrastructure),2020-21
CSE,Female,3.1,1,Atos global,Snehal Jadhav,IT,Trainee (IT Infrastructure),2020-21
CSE,Female,3.1,1,Atos global,Sukanya Gurav,IT,Trainee (IT Infrastructure),2020-21
CSE,Female,3,1,Pentagon Space Pvt Ltd, Apurva Dhananjay Nalawade,IT,Trainee Engineer,2023-24
CSE,Female,3,1,Pentagon Space Pvt Ltd, Misbah Munir Momin,IT,Trainee Engineer,2023-24
CSE,Female,3,1,"Technolearn,Pune", Shreya Keshav Patil,IT,Trainee Engineer,2023-24
CSE,Female,4,1,Cyber Success, Shreya Uttam Patil,IT,Trainee Engineer,2023-24
CSE,Female,3,1,Qspider, Snehal Shantaram Shinde,IT,Trainee Engineer,2023-24
CSE,Female,3.5,1,QSpiders,Aarya Sandip Patil,IT,Trainee Engineer,2024-25
CSE,Female,1.8,1,Alta Futuris Solutions,Aditi Atul Mirajkar,IT,Trainee Engineer,2024-25
CSE,Female,2.4,1,CMS IT Services,Aishwarya Alwekar,IT,Trainee Engineer,2016-17
CSE,Female,2.4,1,CMS IT Services,Aishwarya Jadhav,IT,Trainee Engineer,2016-17
CSE,Female,2.4,1,"
Network Lab, Banglore",Aishwarya Patil,IT,Trainee Engineer,2018-19
CSE,Female,2.4,1,"
Network Lab, Banglore",Aishwarya Prabhavalkar,IT,Trainee Engineer,2018-19
CSE,Female,3,1,Pentagon Space Pvt Ltd,Akshata Ananda Chougale,IT,Trainee Engineer,2023-24
CSE,Female,2.4,1,"
Network Lab, Banglore",Amruta Anandrao Ghadage,IT,Trainee Engineer,2018-19
CSE,Female,3.6,1,Birlasoft,Amruta Pradeep Badi,IT,Trainee Engineer,2020-21
CSE,Female,2.4,1,"
Network Lab, Banglore",Ankita Vishwanath Mirajkar,IT,Trainee Engineer,2018-19
CSE,Female,4,1,Cyber Success,Anushka Shrikant Patil,IT,Trainee Engineer,2023-24
CSE,Female,3.5,1,Cyber Success,Anushka Vikramsingh Patil,IT,Trainee Engineer,2025-26
CSE,Female,3.5,1,Qspider,Apoorva Nikam,IT,Trainee Engineer,2020-21
CSE,Female,2.4,1,"
Network Lab, Banglore",Apurva Shirish Ghayalkar,IT,Trainee Engineer,2018-19
CSE,Female,2.4,1,"
Network Lab, Banglore",Arati Nathuram Kamble,IT,Trainee Engineer,2018-19
CSE,Female,3.5,1,QSpiders,Arya Ajit Kulkarni,IT,Trainee Engineer,2024-25
CSE,Female,3,1,Qspider,Ashwini Ashok Chaugule,IT,Trainee Engineer,2023-24
CSE,Female,2.4,1,"
Network Lab, Banglore",Ashwini Ashok Patil,IT,Trainee Engineer,2018-19
CSE,Female,2.4,1,"
Network Lab, Banglore",Ashwini Prabhakar Munde,IT,Trainee Engineer,2018-19
CSE,Female,2.4,1,"
Network Lab, Banglore",Bhagyashree Gayali,IT,Trainee Engineer,2018-19
CSE,Female,3.5,1,Global Quest Technologies,Bhakti Umesh Bandhavadekar,IT,Trainee Engineer,2024-25
CSE,Female,3.5,1,QSpiders,Chetana Sachin More,IT,Trainee Engineer,2024-25
CSE,Female,2.4,1,"
Network Lab, Banglore",Devkar Rupali Popat,IT,Trainee Engineer,2018-19
CSE,Female,3.5,1,Numetry Technologies,Dhanashri Shrirang Dhekale,IT,Trainee Engineer,2024-25
CSE,Female,3.5,1,Cyber Success,Diksha Manjunath Sambrekar,IT,Trainee Engineer,2025-26
CSE,Female,3.8,2,Qspider,Dipti  Dattatray Patil,IT,Trainee Engineer,2021-22
CSE,Female,2.4,1,Johnson Controls,Divyani Chougule,IT,Trainee Engineer,2020-21
CSE,Female,2.4,1,"
Network Lab, Banglore",Falaknaz Naushad Punekar,IT,Trainee Engineer,2018-19
CSE,Female,3,1,Walstar Technologies Pvt. Ltd,Ganesh Ramchandra Byagalli,IT,Trainee Engineer,2025-26
CSE,Female,2.4,1,"
Network Lab, Banglore",Gauri Pandurang Kadam,IT,Trainee Engineer,2018-19
CSE,Female,2.5,1,DataMoto,Gauri Rajendra Kate,IT,Trainee Engineer,2022-23
CSE,Female,3,1,DevAngles Software Pvt Ltd.,Harshada Hitendra Kolhapure,IT,Trainee Engineer,2023-24
CSE,Female,3.5,1,Qspider,Hujama Tamboli,IT,Trainee Engineer,2020-21
CSE,Female,3,1,Pentagon Space Pvt Ltd,Janhavi Rajendra Sawant,IT,Trainee Engineer,2023-24
CSE,Female,2.4,1,"
Network Lab, Banglore",Jyoti Namdev Gurav,IT,Trainee Engineer,2018-19
CSE,Female,2.4,1,"
Network Lab, Banglore",jyoti subhash patil,IT,Trainee Engineer,2018-19
CSE,Female,3,1,Enzigma Solutions LLP,Kamakshi Sangameshwar Jamage,IT,Trainee Engineer,2024-25
CSE,Female,3.5,1,Numetry Technologies,Kashish Kiran Jadhav,IT,Trainee Engineer,2024-25
CSE,Female,2.4,1,"
Network Lab, Banglore",Kavita Shivaj Koli,IT,Trainee Engineer,2018-19
CSE,Female,2.4,1,"
Network Lab, Banglore",kishori kishor kamble,IT,Trainee Engineer,2018-19
CSE,Female,2.4,1,"
Network Lab, Banglore",komal bhikaji sawant,IT,Trainee Engineer,2018-19
CSE,Female,2.4,1,"
Network Lab, Banglore",madhuri mahadev swami,IT,Trainee Engineer,2018-19
CSE,Female,3.6,1,Birlasoft,Maheshwari Kisanrao Kulkarni,IT,Trainee Engineer,2020-21
CSE,Female,2.4,1,CMS IT Services,Maithili Jadhav,IT,Trainee Engineer,2016-17
CSE,Female,3.1,2,Atos global,Malaika Nisar Momin,IT,Trainee Engineer,2021-22
CSE,Female,3.5,1,Qspider,Manali Patil,IT,Trainee Engineer,2020-21
CSE,Female,2.4,1,CMS IT Services,Manasi,IT,Trainee Engineer,2016-17
CSE,Female,3.1,2,Atos global,Manasi Mahadev Patil,IT,Trainee Engineer,2021-22
CSE,Female,3.5,1,Qspider,Mansi Bhat,IT,Trainee Engineer,2020-21
CSE,Female,2.4,1,"
Network Lab, Banglore",Mayuri Bajirao Pawar,IT,Trainee Engineer,2018-19
CSE,Female,3.5,1,Qspider,Mayuri Fonde,IT,Trainee Engineer,2020-21
CSE,Female,3,1,Qspider,Mitali Krushnat Pai,IT,Trainee Engineer,2023-24
CSE,Female,2.4,1,"
Network Lab, Banglore",namrata malgave,IT,Trainee Engineer,2018-19
CSE,Female,2.4,2,"
Network Lab, Banglore",Namrata Suhas Khade,IT,Trainee Engineer,2018-19
CSE,Female,3.5,1,Global Quest Technologies,Nayan Chandrakanat Tambave,IT,Trainee Engineer,2024-25
CSE,Female,3.8,2,Qspider,Neha Pradip Babar,IT,Trainee Engineer,2021-22
CSE,Female,3.5,1,Global Quest Technologies,Nikita Ashruba Gite,IT,Trainee Engineer,2024-25
CSE,Female,2.4,1,CMS IT Services,Nivedita Patil,IT,Trainee Engineer,2016-17
CSE,Female,3.6,1,Birlasoft,Nuren Imtiyaz Pathan,IT,Trainee Engineer,2020-21
CSE,Female,3.1,2,Atos global,Pallavi Ajit Powar,IT,Trainee Engineer,2021-22
CSE,Female,2.4,1,"
Network Lab, Banglore",pallavi rajaram bhise,IT,Trainee Engineer,2018-19
CSE,Female,2.4,1,"
Network Lab, Banglore",Pooja Shankar Kumbhar,IT,Trainee Engineer,2018-19
CSE,Female,2.4,1,"
Network Lab, Banglore",Pournima Uttam Kunnure,IT,Trainee Engineer,2018-19
CSE,Female,3.1,2,Atos global,Pradnya Arjunrao Patil,IT,Trainee Engineer,2021-22
CSE,Female,3.5,1,Cyber Success,Prajakta Dipak Kadam,IT,Trainee Engineer,2025-26
CSE,Female,2.4,1,"
Network Lab, Banglore",Prajakta Suryawanshi,IT,Trainee Engineer,2018-19
CSE,Female,2.4,1,"
Network Lab, Banglore",Priti Dnyanoba Kondhalkar,IT,Trainee Engineer,2018-19
CSE,Female,4,1,Pentagon,Priti Madhukar Gaikwad,IT,Trainee Engineer,2024-25
CSE,Female,2.4,1,"
Network Lab, Banglore",Priyanka Pratap Dakare,IT,Trainee Engineer,2018-19
CSE,Female,2.4,1,"
Network Lab, Banglore",Priyanka Rajendra Hasolkar,IT,Trainee Engineer,2018-19
CSE,Female,3.1,2,Atos global,Rajeshwari Vasudev Miraje,IT,Trainee Engineer,2021-22
CSE,Female,3.1,2,Atos global,Rasika Anil Kulkarni,IT,Trainee Engineer,2021-22
CSE,Female,2.4,1,Johnson Controls,Ravina Nigade,IT,Trainee Engineer,2020-21
CSE,Female,3.5,1,Qspider,Ravina Nigade,IT,Trainee Engineer,2020-21
CSE,Female,2.4,1,"
Network Lab, Banglore",Rohini Namdevrao Satapure,IT,Trainee Engineer,2018-19
CSE,Female,3,1,"Altus Health Tech, Mumbai",Roshani Shatrunjay Magdum,IT,Trainee Engineer,2023-24
CSE,Female,3,1,Walstar Technologies Pvt. Ltd,Rucha Ranjit Chavan,IT,Trainee Engineer,2025-26
CSE,Female,3.5,1,Qspider,Rupali Lengare,IT,Trainee Engineer,2020-21
CSE,Female,2.4,1,"
Network Lab, Banglore",Rutuja Anand Kulkarni,IT,Trainee Engineer,2018-19
CSE,Female,3.1,2,Atos global,Rutuja Dhananjay Mestri,IT,Trainee Engineer,2021-22
CSE,Female,2.4,2,"
Network Lab, Banglore",Rutuja Hindurao Khot,IT,Trainee Engineer,2018-19
CSE,Female,3,1, Betwob Infoserv Pvt Ltd,Rutuja Jitendra Choudhari,IT,Trainee Engineer,2024-25
CSE,Female,3.5,1,Global Quest Technologies,Rutuja Jitendra Choudhari,IT,Trainee Engineer,2024-25
CSE,Female,3.5,1,Qspider,Rutuja Kadam,IT,Trainee Engineer,2020-21
CSE,Female,2.4,1,"
Network Lab, Banglore",Rutuja Vijay Desai,IT,Trainee Engineer,2018-19
CSE,Female,3.5,1,Qspider,Sabiha Bhaldar,IT,Trainee Engineer,2020-21
CSE,Female,3.6,1,Sahas Labs,Sai Madhukar Patil,IT,Trainee Engineer,2024-25
CSE,Female,3,1,Kiran Academy,Sakshi Adhav,IT,Trainee Engineer,2023-24
CSE,Female,3.5,1,QSpiders,Sakshi Balaso Patil,IT,Trainee Engineer,2024-25
CSE,Female,3,1,Walstar Technologies Pvt. Ltd,Sakshi Patil,IT,Trainee Engineer,2025-26
CSE,Female,2.4,1,"
Network Lab, Banglore",Sakshi Rasal,IT,Trainee Engineer,2018-19
CSE,Female,3,1,Enzigma Solutions LLP,Sakshi Sangram Kopardekar,IT,Trainee Engineer,2024-25
CSE,Female,3,1,"Altus Health Tech, Mumbai",Saloni Mahavir Magdum,IT,Trainee Engineer,2023-24
CSE,Female,3,1,"Technolearn,Pune",Saloni Mahavir Magdum,IT,Trainee Engineer,2023-24
CSE,Female,2.4,1,CMS IT Services,Sampada,IT,Trainee Engineer,2016-17
CSE,Female,3.5,1,Dhee Coding Club,Samrudhhi Dipak Mithari,IT,Trainee Engineer,2025-26
CSE,Female,3.1,2,Atos global,Samrudhi Sambhaji Jadhav,IT,Trainee Engineer,2021-22
CSE,Female,3.5,1,Qspider,Sarika Kamble,IT,Trainee Engineer,2020-21
CSE,Female,2.4,1,"
Network Lab, Banglore",Sayali Dinesh Satpte,IT,Trainee Engineer,2018-19
CSE,Female,2.4,1,"
Network Lab, Banglore",Sayali Nanasaheb Patil,IT,Trainee Engineer,2018-19
CSE,Female,2.4,1,"
Network Lab, Banglore",Sayali Prabhu shirodkar,IT,Trainee Engineer,2018-19
CSE,Female,3.5,1,Cyber Success,Sejal Navale,IT,Trainee Engineer,2025-26
CSE,Female,3.6,1,Birlasoft,Shivani Anil Mohite,IT,Trainee Engineer,2020-21
CSE,Female,2.4,1,"
Network Lab, Banglore",Shivani Chabuk Patil,IT,Trainee Engineer,2018-19
CSE,Female,3.6,1,Birlasoft,Shivani Sanjay Shinde,IT,Trainee Engineer,2020-21
CSE,Female,3,1,Walstar Technologies Pvt. Ltd,Shravani Uday Patil,IT,Trainee Engineer,2025-26
CSE,Female,2.4,1,"
Network Lab, Banglore",Shruti Jadhav,IT,Trainee Engineer,2018-19
CSE,Female,2.4,1,DevAngles,Shruti Pandurang Ugale,IT,Trainee Engineer,2024-25
CSE,Female,2.4,1,"
Network Lab, Banglore",Shubhangi Ankush Kamble,IT,Trainee Engineer,2018-19
CSE,Female,2.4,1,"
Network Lab, Banglore",Shweta Pandurang Patil,IT,Trainee Engineer,2018-19
CSE,Female,2.4,1,CMS IT Services,Shweta Patil,IT,Trainee Engineer,2016-17
CSE,Female,3.5,1,Qspider,Shweta Waghmode,IT,Trainee Engineer,2020-21
CSE,Female,3.5,1,Global Quest Technologies,Siddhi Dheeraj Randive,IT,Trainee Engineer,2024-25
CSE,Female,3.5,1,QSpiders,Siddhi Pravin Awasare,IT,Trainee Engineer,2024-25
CSE,Female,3.5,1,Numetry Technologies,Siddhi Vishal Raut,IT,Trainee Engineer,2024-25
CSE,Female,3.5,1,Kiran Academy,Smita Shamrao Patil,IT,Trainee Engineer,2022-23
CSE,Female,3.5,1,QSpiders,Sneha Sanjay Pawar,IT,Trainee Engineer,2024-25
CSE,Female,3.5,1,Qspider,Snehal Jadhav,IT,Trainee Engineer,2020-21
CSE,Female,3.5,1,Cyber Success,Soundrya Dipak Patil,IT,Trainee Engineer,2025-26
CSE,Female,2.4,1,CMS IT Services,Sukanya Pujari,IT,Trainee Engineer,2016-17
CSE,Female,2.4,1,Akron Systems,Supriya Ishwar Koli,IT,Trainee Engineer,2022-23
CSE,Female,2.4,1,CMS IT Services,Suvarna Pawar,IT,Trainee Engineer,2016-17
CSE,Female,3.5,1,Kiran Academy,sweta suryakant kadam,IT,Trainee Engineer,2022-23
CSE,Female,3,1,Walstar Technologies Pvt. Ltd,Tanvi Pravin Patil,IT,Trainee Engineer,2025-26
CSE,Female,2.4,1,"
Network Lab, Banglore",Tejaswini Tanaji Patil,IT,Trainee Engineer,2018-19
CSE,Female,3.5,1,Numetry Technologies,Vasundhara Rajendra Laykar,IT,Trainee Engineer,2024-25
CSE,Female,3.5,1,QSpiders,Vedantika Kumar Desawale,IT,Trainee Engineer,2024-25
CSE,Female,2.4,1,CMS IT Services,Vibhavari Patil,IT,Trainee Engineer,2016-17
CSE,Female,2.4,1,CMS IT Services,VibhavariPatil,IT,Trainee Engineer,2016-17
CSE,Female,3.8,2,Qspider,Vidya Rajendra Kamble,IT,Trainee Engineer,2021-22
CSE,Female,3,2,Palle Technology,Vaishnavi Ashok Phadake,IT,Trainee Engineer (PPO),2021-22
CSE,Female,3,1,EScan,Mitali Pai,IT,Trainee Programmer,2023-24
CSE,Female,3,1,Walstar Technologies Pvt. Ltd,Apurva Sudhir Jadhav,IT,Web Developer,2025-26
CSE,Female,3,1,Walstar Technologies Pvt. Ltd,Indraja Patil,IT,Web Developer,2025-26
CSE,Female,3.5,1,Dialogues Media,Nayan Chandrakanat Tambave,IT,Web Development,2024-25
CSE,Female,6,1,Edustation,Abhilasha Arjun Patil,Non-IT,BDA,2023-24
CSE,Female,6,1,Edustation,Roshani Shatrunjay Magdum,Non-IT,BDA,2023-24
CSE,Female,6,1,Edustation,Saloni Mahavir Magdum,Non-IT,BDA,2023-24
CSE,Female,8,1,"Edu Versity,Banglore",Sakshi Patil,Non-IT,BDE,2025-26
CSE,Female,8,1,"Edu Versity,Banglore",Sakshi Sanjay Patil,Non-IT,BDE,2025-26
CSE,Female,8,1,"Edu Versity,Banglore",Swarangi Umesh Sawant,Non-IT,BDE,2025-26
CSE,Female,5,1,INMOVIDU TECHNOLOGIES,Mayuri Fonde,Non-IT,Businees Development Manager,2020-21
CSE,Female,5,1,INMOVIDU TECHNOLOGIES,Nilam Jagatap,Non-IT,Businees Development Manager,2020-21
CSE,Female,5,1,INMOVIDU TECHNOLOGIES,Pranali Patil,Non-IT,Businees Development Manager,2020-21
CSE,Female,5,1,INMOVIDU TECHNOLOGIES,Sarika Kamble,Non-IT,Businees Development Manager,2020-21
CSE,Female,7,1,BYJU's, Shreya Vinodkumar Wankhade,Non-IT,Business Development Associate,2022-23
CSE,Female,6,1,Unlox Academy,Aditi Deepaksinh Patil,Non-IT,Business Development Associate,2025-26
CSE,Female,6,1,Unlox Academy,Aditi Mahesh Zende,Non-IT,Business Development Associate,2025-26
CSE,Female,7,1,BYJU's,Anusha Sharad Shinde,Non-IT,Business Development Associate,2022-23
CSE,Female,6,1,Unlox Academy,Anushka Patil,Non-IT,Business Development Associate,2025-26
CSE,Female,6.5,1,Corizo,Arya Makrand Kulkarni,Non-IT,Business Development Associate,2023-24
CSE,Female,7,1,BYJU's,Hrutika Vijay Patole,Non-IT,Business Development Associate,2022-23
CSE,Female,7,1,BYJU's,Maithili Mansing Patil,Non-IT,Business Development Associate,2022-23
CSE,Female,6.5,1,Corizo,Mohini Vivekanand Bhojkar,Non-IT,Business Development Associate,2023-24
CSE,Female,6,1,Unlox Academy,Mrunal Bhosale,Non-IT,Business Development Associate,2025-26
CSE,Female,6,1,Unlox Academy,Nandini Kuldeep Babar,Non-IT,Business Development Associate,2025-26
CSE,Female,7,1,BYJU's,Pranali Vikas Patil,Non-IT,Business Development Associate,2022-23
CSE,Female,6,1,Unlox Academy,Sejal Navale,Non-IT,Business Development Associate,2025-26
CSE,Female,7,1,BYJU's,Shraddha Shankar Swami,Non-IT,Business Development Associate,2022-23
CSE,Female,6,1,Unlox Academy,Shravani Kumbhar,Non-IT,Business Development Associate,2025-26
CSE,Female,6,1,Unlox Academy,Srujana Toukare,Non-IT,Business Development Associate,2025-26
CSE,Female,7,1,BYJU's,Supriya Ishwar Koli,Non-IT,Business Development Associate,2022-23
CSE,Female,6,1,Unlox Academy,Tanvi Pravin Patil,Non-IT,Business Development Associate,2025-26
CSE,Female,7,1,Launched Global ,Aditi Mahesh Zende,Non-IT,Business Development Executive,2025-26
CSE,Female,7,1,Launched Global ,Anushka Vikramsingh Patil,Non-IT,Business Development Executive,2025-26
CSE,Female,7,1,Launched Global ,Arya Manohar Hulwan,Non-IT,Business Development Executive,2025-26
CSE,Female,7,1,Launched Global ,Diksha Ramesh Magdum,Non-IT,Business Development Executive,2025-26
CSE,Female,7,1,Launched Global ,Indraja Patil,Non-IT,Business Development Executive,2025-26
CSE,Female,7,1,Launched Global ,Nakshatra Koustubh Ghorpade,Non-IT,Business Development Executive,2025-26
CSE,Female,7,1,Launched Global ,Neha Nitin Dalal,Non-IT,Business Development Executive,2025-26
CSE,Female,7,1,Launched Global ,Rucha Ranjit Chavan,Non-IT,Business Development Executive,2025-26
CSE,Female,7,1,Launched Global ,Samiksha Shankar Magdum,Non-IT,Business Development Executive,2025-26
CSE,Female,7,1,Launched Global ,Samruddhi Deepak Mithari,Non-IT,Business Development Executive,2025-26
CSE,Female,7,1,Launched Global ,Shruti Suresh Surve,Non-IT,Business Development Executive,2025-26
CSE,Female,7,1,Launched Global ,Shubhda Vijay Katkar,Non-IT,Business Development Executive,2025-26
CSE,Female,7,1,Launched Global ,Shweta Panditrao Davari,Non-IT,Business Development Executive,2025-26
CSE,Female,7,1,Launched Global ,Sneha Gopalrao Jadhav,Non-IT,Business Development Executive,2025-26
CSE,Female,7,1,Launched Global ,Sneha Suryakant Powar,Non-IT,Business Development Executive,2025-26
CSE,Female,7,1,Launched Global ,Swarangi Umesh Sawant,Non-IT,Business Development Executive,2025-26
CSE,Female,7,1,Launched Global ,Tanishka Rajesh Dake,Non-IT,Business Development Executive,2025-26
CSE,Female,7,1,Launched Global ,Vaidehi Nilesh Jadhav,Non-IT,Business Development Executive,2025-26
CSE,Female,7,1,Launched Global ,Vaishnavi Pandurang Bhosale,Non-IT,Business Development Executive,2025-26
CSE,Female,3.5,1,Corizo Edutech,Samruddhi Sunil Shinde,Non-IT,Business Operations Intern,2025-26
CSE,Female,3,2,MentorBoxx,Aishwarya Patil,Non-IT,Community Influncer,2021-22
CSE,Female,3,2,MentorBoxx,Akshata Kambale,Non-IT,Community Influncer,2021-22
CSE,Female,3,2,MentorBoxx,Arpita R. Ghorpade,Non-IT,Community Influncer,2021-22
CSE,Female,3,2,MentorBoxx,Bhakti Bhat,Non-IT,Community Influncer,2021-22
CSE,Female,3,2,MentorBoxx,Dipti Patil,Non-IT,Community Influncer,2021-22
CSE,Female,3,2,MentorBoxx,Kadambari Sutar,Non-IT,Community Influncer,2021-22
CSE,Female,3,2,MentorBoxx,Madhuri Sankpal,Non-IT,Community Influncer,2021-22
CSE,Female,3,2,MentorBoxx,Pooja Ghodke,Non-IT,Community Influncer,2021-22
CSE,Female,3,2,MentorBoxx,Priyanka Chougule,Non-IT,Community Influncer,2021-22
CSE,Female,3,2,MentorBoxx,Rajavi Sankpal,Non-IT,Community Influncer,2021-22
CSE,Female,3,2,MentorBoxx,Rucha Rajaram Patil,Non-IT,Community Influncer,2021-22
CSE,Female,3,2,MentorBoxx,Rutuja Mane,Non-IT,Community Influncer,2021-22
CSE,Female,3,2,MentorBoxx,Sonali Patil,Non-IT,Community Influncer,2021-22
CSE,Female,3,2,MentorBoxx,Tejaswini Gawali,Non-IT,Community Influncer,2021-22
CSE,Female,3,2,MentorBoxx,Vaishnavi R Ayarekar,Non-IT,Community Influncer,2021-22
CSE,Female,3.5,1,Doubtnut,Divyani Chougale,Non-IT,CONTENT DEVELOPER,2020-21
CSE,Female,3.5,1,Doubtnut,Mayuri  Mane,Non-IT,CONTENT DEVELOPER,2020-21
CSE,Female,3.5,1,Doubtnut,Mrudula Ghadage,Non-IT,CONTENT DEVELOPER,2020-21
CSE,Female,7.2,1,GlowLogics Solutions Pvt Ltd,Diksha Ramesh Magdum,Non-IT,Inside Sales Executive,2025-26
CSE,Female,4.5,2,Square Yards,Akshata Sudam Kamble,Non-IT,Management Trainee,2021-22
CSE,Female,3,1,BVG Group,Janhavi Sunil Sakate,Non-IT,Management Trainee,2023-24
CSE,Female,4.5,2,Square Yards,Utkarsha N.Vadgaonkar,Non-IT,Management Trainee,2021-22
CSE,Female,4.5,2,Square Yards,Yukta Sunil bookshet,Non-IT,Management Trainee,2021-22
CSE,Female,3,1,Chegg India,Afrin Mukhtar Ambekari,Non-IT,Subject Matter Expert,2022-23
CSE,Female,3,1,Chegg India,Aishwarya Ashok Kadav,Non-IT,Subject Matter Expert,2022-23
CSE,Female,3,1,Chegg India,Akshata Annaso Kavthekar,Non-IT,Subject Matter Expert,2022-23
CSE,Female,3.5,1,Chegg India,Amruta Erudkar,Non-IT,Subject Matter Expert,2020-21
CSE,Female,3,1,Chegg India,Bhagyashree Kedar Patil,Non-IT,Subject Matter Expert,2022-23
CSE,Female,3,1,Chegg India,Bhagyashri Tanaji Patil,Non-IT,Subject Matter Expert,2022-23
CSE,Female,3,1,Chegg India,Chaitanya Anand Joshi,Non-IT,Subject Matter Expert,2022-23
CSE,Female,3,1,Chegg India,Gauri Rajendra Kate,Non-IT,Subject Matter Expert,2022-23
CSE,Female,3,1,Chegg India,Gayatri Maruti Patole,Non-IT,Subject Matter Expert,2022-23
CSE,Female,3,1,Chegg India,Gayatri Shivaji Salokhe,Non-IT,Subject Matter Expert,2022-23
CSE,Female,3.5,1,Chegg India,Girija Bhosale,Non-IT,Subject Matter Expert,2020-21
CSE,Female,3,1,Chegg India,Harsha Deepak Shinde,Non-IT,Subject Matter Expert,2022-23
CSE,Female,3,2,Chegg India,Kalyani sampat bhamtekar,Non-IT,Subject Matter Expert,2022-23
CSE,Female,3,1,Chegg India,Manasi Bharat Mandlik,Non-IT,Subject Matter Expert,2022-23
CSE,Female,3,1,Chegg India,Mayuri Mahadev Jadhav,Non-IT,Subject Matter Expert,2022-23
CSE,Female,3.5,1,Chegg India,Mayuri Mane,Non-IT,Subject Matter Expert,2020-21
CSE,Female,3.5,1,Chegg India,Nayana Palekar,Non-IT,Subject Matter Expert,2020-21
CSE,Female,3,1,Chegg India,Pallavi Padmakar Patil,Non-IT,Subject Matter Expert,2022-23
CSE,Female,3,1,Chegg India,Poonam Gundaji Khatkale,Non-IT,Subject Matter Expert,2022-23
CSE,Female,3,1,Chegg India,Poonam Kartik Mali,Non-IT,Subject Matter Expert,2022-23
CSE,Female,3.5,1,Chegg India,Pradnya Hegade,Non-IT,Subject Matter Expert,2020-21
CSE,Female,3.5,1,Chegg India,Prajakta Jadhav,Non-IT,Subject Matter Expert,2020-21
CSE,Female,3,1,Chegg India,PRAJAKTA PRAKASH PATIL,Non-IT,Subject Matter Expert,2022-23
CSE,Female,3,1,Chegg India,Pranali Goraksh Kale,Non-IT,Subject Matter Expert,2022-23
CSE,Female,3,1,Chegg India,Pranali Vikas Patil,Non-IT,Subject Matter Expert,2022-23
CSE,Female,3,1,Chegg India,Pratiksha Dinkar Khandekar,Non-IT,Subject Matter Expert,2022-23
CSE,Female,3,1,Chegg India,Pratiksha Pandit Ghorpade,Non-IT,Subject Matter Expert,2022-23
CSE,Female,3,1,Chegg India,PREETI AVINASH JADHAV,Non-IT,Subject Matter Expert,2022-23
CSE,Female,3,1,Chegg India,Prerna Prakash Daphale,Non-IT,Subject Matter Expert,2022-23
CSE,Female,3,1,Chegg India,Punam Namdev Patil,Non-IT,Subject Matter Expert,2022-23
CSE,Female,3.5,1,Chegg India,Rupali Lengare,Non-IT,Subject Matter Expert,2020-21
CSE,Female,3,1,Chegg India,Rutika Tanaji Chaugale,Non-IT,Subject Matter Expert,2022-23
CSE,Female,3.5,1,Chegg India,Rutuja Kadam,Non-IT,Subject Matter Expert,2020-21
CSE,Female,3,1,Chegg India,Sakshi Nandkumar Gavali,Non-IT,Subject Matter Expert,2022-23
CSE,Female,3,1,Chegg India,Sakshi Sanjay Pujari,Non-IT,Subject Matter Expert,2022-23
CSE,Female,3,1,Chegg India,Sakshi Shahaji Patil,Non-IT,Subject Matter Expert,2022-23
CSE,Female,3,1,Chegg India,Sakshi Swapnil Shaha,Non-IT,Subject Matter Expert,2022-23
CSE,Female,3,1,Chegg India,Samruddhi Rajaram Mohite,Non-IT,Subject Matter Expert,2022-23
CSE,Female,3,1,Chegg India,Shivani Dhanaji Farakate,Non-IT,Subject Matter Expert,2022-23
CSE,Female,3,1,Chegg India,Shraddha Shankar Swami,Non-IT,Subject Matter Expert,2022-23
CSE,Female,3.5,1,Chegg India,Shradha Suresh Khatkole,Non-IT,Subject Matter Expert,2020-21
CSE,Female,3,1,Chegg India,Shruti Purushottam Vankudre,Non-IT,Subject Matter Expert,2022-23
CSE,Female,3,2,Chegg India,Smita Prakash Patil,Non-IT,Subject Matter Expert,2022-23
CSE,Female,3,2,Chegg India,Smita Shamrao Patil,Non-IT,Subject Matter Expert,2022-23
CSE,Female,3,1,Chegg India,Snehal Ajit Patil,Non-IT,Subject Matter Expert,2022-23
CSE,Female,3.5,1,Chegg India,Snehal Powar,Non-IT,Subject Matter Expert,2020-21
CSE,Female,3,1,Chegg India,Suchita Sudhakar Somwanshi,Non-IT,Subject Matter Expert,2022-23
CSE,Female,3,1,Chegg India,Supriya Ishwar Koli,Non-IT,Subject Matter Expert,2022-23
CSE,Female,3,1,Chegg India,Swati Bhanudas Bagal,Non-IT,Subject Matter Expert,2022-23
CSE,Female,3,1,Chegg India,sweta suryakant kadam,Non-IT,Subject Matter Expert,2022-23
CSE,Female,3,1,Chegg India,Tejaswini Lalasaheb Salunkhe,Non-IT,Subject Matter Expert,2022-23
CSE,Female,3,1,Chegg India,Utkarsha Bharat Kolgavkar,Non-IT,Subject Matter Expert,2022-23
CSE,Female,3,1,Chegg India,Vaishnavi Nitin Saudagar,Non-IT,Subject Matter Expert,2022-23
CSE,Female,3,1,Chegg India,Vrushali Prashant Sangar,Non-IT,Subject Matter Expert,2022-23
CSE,Male,,1,"",Nayan Chandrakanat Tambave,Intern,"",2024-25
CSE,Male,5.5,2,SKOLER,Rohan Ramesh Patil,Intern,Business Development Trainee,2021-22
CSE,Male,5.5,2,SKOLER,Vishwajeet Vijaykumar Jadhav,Intern,Business Development Trainee,2021-22
CSE,Male,2.5,1,Walstar Techologies,Mandar Jayvant Bhaskar,Intern,Digital Marketing,2025-26
CSE,Male,2.5,1,Walstar Techologies,Shivam Balasaheb Bodhale,Intern,Digital Marketing,2025-26
CSE,Male,2.5,1,Walstar Techologies,Aditya Krishnat Savant,Intern,React,2025-26
CSE,Male,4,1,TestYantra Software Solutions,Alfaj Mansur Mahabri,Intern,Software Engineer Trainee,2025-26
CSE,Male,4,1,TestYantra Software Solutions,Ayush Avinash Patil,Intern,Software Engineer Trainee,2025-26
CSE,Male,4,1,TestYantra Software Solutions,Parshwa Rajendra Dugge,Intern,Software Engineer Trainee,2025-26
CSE,Male,4,1,TestYantra Software Solutions,Pranav Prakash Patil,Intern,Software Engineer Trainee,2025-26
CSE,Male,4,1,TestYantra Software Solutions,Rohit Niranjan Andani,Intern,Software Engineer Trainee,2025-26
CSE,Male,4,1,TestYantra Software Solutions,Ruturaj Sambhaji Patil,Intern,Software Engineer Trainee,2025-26
CSE,Male,4,1,TestYantra Software Solutions,Vikram Patil,Intern,Software Engineer Trainee,2025-26
CSE,Male,0,1,DbCom,Akshay Dargad,IT, Jr. Integration Developer,2020-21
CSE,Male,0,1,DbCom,Ashwajeet Vijay Rajpal,IT, Jr. Integration Developer,2020-21
CSE,Male,0,1,DbCom,Kailas Gorade,IT, Jr. Integration Developer,2020-21
CSE,Male,2.75,1,Sales Force,Ruturaj Desai,IT,Analyst,2019-20
CSE,Male,3.8,1,CAPGEMINI,Sourabh Pawar,IT,Analyst,2019-20
CSE,Male,4.5,2,Deloitte Consulting India Pvt Ltd,Gaurav Deepak Rahangdale,IT,Analyst Trainee,2021-22
CSE,Male,4.5,2,Deloitte Consulting India Pvt Ltd,Saba Mhabar,IT,Analyst Trainee,2021-22
CSE,Male,3.36,2,Tata Consultancy Services,Ajay Avinash Powar,IT,Assistant System Engineer-Trainee,2021-22
CSE,Male,3.36,2,Tata Consultancy Services,Bhushan Ramdas Kale,IT,Assistant System Engineer-Trainee,2021-22
CSE,Male,3.36,2,Tata Consultancy Services,Gaurav Deepak Rahangdale,IT,Assistant System Engineer-Trainee,2021-22
CSE,Male,3.36,2,Tata Consultancy Services,Jay Avinash Powar,IT,Assistant System Engineer-Trainee,2021-22
CSE,Male,3.36,2,Tata Consultancy Services,Muzaffer Faiyaz Mulla,IT,Assistant System Engineer-Trainee,2021-22
CSE,Male,3.36,2,Tata Consultancy Services,Rajavi Sandeep Sankpal,IT,Assistant System Engineer-Trainee,2021-22
CSE,Male,3.36,2,Tata Consultancy Services,Rushikesh Maruti Dinde,IT,Assistant System Engineer-Trainee,2021-22
CSE,Male,3.36,2,Tata Consultancy Services,Samrudhi Sambhaji Jadhav,IT,Assistant System Engineer-Trainee,2021-22
CSE,Male,3.36,2,Tata Consultancy Services,Sandesh Ramesh Lambor,IT,Assistant System Engineer-Trainee,2021-22
CSE,Male,3.36,2,Tata Consultancy Services,Shivam Sanjay Raut,IT,Assistant System Engineer-Trainee,2021-22
CSE,Male,3.36,2,Tata Consultancy Services,Yash Ramesh Dalal,IT,Assistant System Engineer-Trainee,2021-22
CSE,Male,10,2,Ugam Solutions, Rohit Ranjit Patil,IT,Associate Analyst,2021-22
CSE,Male,10,2,Ugam Solutions,Muzaffer Faiyaz Mulla,IT,Associate Analyst,2021-22
CSE,Male,10,2,Ugam Solutions,Omkar Ekal,IT,Associate Analyst,2021-22
CSE,Male,10,2,Ugam Solutions,Vinay Anilkumar Shinde,IT,Associate Analyst,2021-22
CSE,Male,3.6,1,Atos Syntel,NihalKumar Sharma,IT,Associate Consultant,2019-20
CSE,Male,3.6,1,Atos Syntel,Omkar Shrinivas Bhate,IT,Associate Consultant,2019-20
CSE,Male,3.6,1,Atos Syntel,Prajwal Prashant salunkhe,IT,Associate Consultant,2019-20
CSE,Male,3.6,1,Atos Syntel,Shubham Suhas Ghatage,IT,Associate Consultant,2019-20
CSE,Male,3.6,1,Atos Syntel,Vishal Kumbhar,IT,Associate Consultant,2019-20
CSE,Male,4.5,2,Virtusa,Vedang Upadhye,IT,Associate Engineer – Technology,2021-22
CSE,Male,4.2,1,DXC Technology,Abhishek Ashok Kamble,IT,Associate Professional,2022-23
CSE,Male,4,2,DXC Technology,Aditya Girish Sutar,IT,Associate Professional,2021-22
CSE,Male,4,2,DXC Technology,Ajinkya Sanjay Patil,IT,Associate Professional,2021-22
CSE,Male,4,2,DXC Technology,Aman Raju Maner,IT,Associate Professional,2021-22
CSE,Male,4.2,1,DXC Technology,Avishkar Suresh Khot,IT,Associate Professional,2022-23
CSE,Male,4.2,1,DXC Technology,Daidipya Ashok Mane,IT,Associate Professional,2022-23
CSE,Male,4,2,DXC Technology,Dhananjay Makarand Sonar,IT,Associate Professional,2021-22
CSE,Male,4,2,DXC Technology,Gaurav Deepak Rahangdale,IT,Associate Professional,2021-22
CSE,Male,4.2,1,DXC Technology,HARSHVARDHAN RAMESH NIGAVEKAR,IT,Associate Professional,2022-23
CSE,Male,4,2,DXC Technology,Harshvardhan Sangram Patil,IT,Associate Professional,2021-22
CSE,Male,4,2,DXC Technology,Jayesh Atul Muley,IT,Associate Professional,2021-22
CSE,Male,4,2,DXC Technology,NEEL RAJEEV HUZURBAZAR,IT,Associate Professional,2021-22
CSE,Male,4.2,1,DXC Technology,Nilesh Dattatray Salokhe,IT,Associate Professional,2022-23
CSE,Male,4.2,1,DXC Technology,Omkar Raju Kulkarni,IT,Associate Professional,2022-23
CSE,Male,4.2,1,DXC Technology,Pramod Chanabasu Bagali,IT,Associate Professional,2022-23
CSE,Male,4.2,1,DXC Technology,Pranav Suresh Bagi,IT,Associate Professional,2022-23
CSE,Male,4,2,DXC Technology,Pritesh Prashant Jadhav,IT,Associate Professional,2021-22
CSE,Male,4.2,1,DXC Technology,Rohit Yashavant Pachakar,IT,Associate Professional,2022-23
CSE,Male,4.2,1,DXC Technology,Rutik Ashok Bhat,IT,Associate Professional,2022-23
CSE,Male,4,2,DXC Technology,RUTVIKA SUNIL SHINDE,IT,Associate Professional,2021-22
CSE,Male,4,2,DXC Technology,Satvasheel Narendra Powar,IT,Associate Professional,2021-22
CSE,Male,4.2,1,DXC Technology,Shashikant Gajanan Mane,IT,Associate Professional,2022-23
CSE,Male,4,2,DXC Technology,Shreenidhi K,IT,Associate Professional,2021-22
CSE,Male,4.2,1,DXC Technology,Shreyash Balasaheb Chavan,IT,Associate Professional,2022-23
CSE,Male,4.2,1,DXC Technology,Shreyash Deepak Patil,IT,Associate Professional,2022-23
CSE,Male,4,2,DXC Technology,Siddhanth Prafulla Pathak,IT,Associate Professional,2021-22
CSE,Male,4.2,1,DXC Technology,Siddharth Sanjay Gharage,IT,Associate Professional,2022-23
CSE,Male,4.2,1,DXC Technology,sidhant laxman buchade,IT,Associate Professional,2022-23
CSE,Male,4,2,DXC Technology,Tejas Deepak Pandit,IT,Associate Professional,2021-22
CSE,Male,4,2,DXC Technology,Varunraj Umesh Kanzar,IT,Associate Professional,2021-22
CSE,Male,4.2,1,DXC Technology,Vijay Bharamappa Ganiger,IT,Associate Professional,2022-23
CSE,Male,4.5,2,EY GDS,Akash Arvind Kengar,IT,Associate Software Consultant,2021-22
CSE,Male,4.5,2,EY GDS,Vishwajeet Vijaykumar Jadhav,IT,Associate Software Consultant,2021-22
CSE,Male,3.5,1,E-Emphaysis,Ruturaj Desai,IT,Associate Software Engineeer,2019-20
CSE,Male,3.5,1,Mouri Tech,Aryan Prakash Gidde,IT,Associate Software Trainee,2024-25
CSE,Male,3.5,1,Mouri Tech,Atharva Shashikant Donkar,IT,Associate Software Trainee,2024-25
CSE,Male,3.36,1,Tata Consultancy Services - Ninja,Aditya Zaware,IT,Associate System Engineer,2020-21
CSE,Male,3.36,1,Tata Consultancy Services - Ninja,Ajit Narayan Gavalkar,IT,Associate System Engineer,2020-21
CSE,Male,3.36,1,Tata Consultancy Services - Ninja,Akash Dinakar Pathade,IT,Associate System Engineer,2020-21
CSE,Male,3.36,1,Tata Consultancy Services - Ninja,Saurabh Kharose,IT,Associate System Engineer,2020-21
CSE,Male,3.36,1,Tata Consultancy Services - Ninja,Shusrut Kitture,IT,Associate System Engineer,2020-21
CSE,Male,3.36,1,Tata Consultancy Services - Ninja,Siddharth Nashikkar,IT,Associate System Engineer,2020-21
CSE,Male,7.5,2,Tata Consultancy Services Digital,Sourabh Kharose,IT,Associate System Engineer,2020-21
CSE,Male,2.8,1,Quality Kiosk,Mohammedaqib Taral,IT,Automation Engineer,2020-21
CSE,Male,5,1,Quality Kiosk,Om Balvant Shinde,IT,Automation Engineer,2023-24
CSE,Male,5,1,Quality Kiosk,Siddhesh Makarand Dewalekar,IT,Automation Engineer,2023-24
CSE,Male,2.75,1,QualityKiosk,Ranjeet Dadaso Bawache,IT,Automation Tester,2022-23
CSE,Male,12,1,Jaro Education Mumbai,Ruturaj Desai,IT,Business Development Manager,2019-20
CSE,Male,4.2,1,Blazeclan Technologies,Shubham Bodake,IT,Clan Fellow,2019-20
CSE,Male,1.8,1,Amazon India,Keshav Satpute,IT,CRM,2017-18
CSE,Male,8.8,1,Amazon India,Ninad Shinde,IT,CRM,2016-17
CSE,Male,4.85,1,EY GDS, Altmash Azad Nadaf,IT,Data Science Analyst,2022-23
CSE,Male,8,1,AXIS Bank,Siddesh Patil,IT,Deputy IT Manager,2020-21
CSE,Male,7.5,1,TCS,Shlok Kiran Dubal,IT,Digital,2023-24
CSE,Male,4.25,1,Vodafone,Aniket karambalkar,IT,Engineer trainee,2019-20
CSE,Male,4.25,1,CAPGEMINI,Mudasar Firoj Mulla,IT,Engineer trainee,2019-20
CSE,Male,4,1,GreyAtom,Digvijay rajput,IT,Front end developer,2019-20
CSE,Male,4,1,GreyAtom,Ganesha Yadav,IT,Front end developer,2019-20
CSE,Male,4,1,GreyAtom,Harshwardhan Patil,IT,Front end developer,2019-20
CSE,Male,4,1,GreyAtom,Mudasar Firoj Mulla,IT,Front end developer,2019-20
CSE,Male,4,1,GreyAtom,Rishikesh Uday Vanjare,IT,Front end developer,2019-20
CSE,Male,4,1,GreyAtom,Sushant Lad,IT,Front end developer,2019-20
CSE,Male,4,1,GreyAtom,Vaibhav Shinde,IT,Front end developer,2019-20
CSE,Male,4,1,GreyAtom,Vishal Kumbhar,IT,Front end developer,2019-20
CSE,Male,3.5,1,ExcelR,Malhar Jay Shinde,IT,Full Stack,2025-26
CSE,Male,3.5,1,ExcelR,Prathamesh Sachin Pawar,IT,Full Stack,2025-26
CSE,Male,3.5,1,ExcelR,Pratik Gajanan Dhage,IT,Full Stack,2025-26
CSE,Male,3,1,ExcelR,Shravani Abhijit Kulkarni,IT,Full Stack,2025-26
CSE,Male,3,1,"Ardent,USA",Mohammedaqib  taral,IT,FULL STACK DEVELOPER,2020-21
CSE,Male,3,2,Extraprenuers Pvt. Ltd,Rakesh S. Sutar,IT,Full Stack Engineer,2021-22
CSE,Male,3,2,Extraprenuers Pvt. Ltd,Yash Sunil Kosamkar,IT,Full Stack Engineer,2021-22
CSE,Male,2.5,1,Qualitykiosk Technologies Pvt Ltd,Abhay Jitendra Jadhav,IT,Functional Engineer,2024-25
CSE,Male,2.5,1,Qualitykiosk Technologies Pvt Ltd,Karan Ananda Talekar,IT,Functional Engineer,2024-25
CSE,Male,2.5,1,Qualitykiosk Technologies Pvt Ltd,Soham Anil Tapase,IT,Functional Engineer,2024-25
CSE,Male,2.62,1,Ubisoft India,Om Vaswani,IT,Game Tester,2020-21
CSE,Male,2.62,1,Ubisoft India,Pruthviraj Mohite,IT,Game Tester,2020-21
CSE,Male,2.62,1,Ubisoft India,Sahil Jamadar,IT,Game Tester,2020-21
CSE,Male,2.62,1,Ubisoft India,Yuvraj Otari,IT,Game Tester,2020-21
CSE,Male,4.2,1,Cognizant,Guruprasad Prabhakar Desai,IT,Gen C,2022-23
CSE,Male,4.2,1,Cognizant,Rutik Ashok Bhat,IT,Gen C,2022-23
CSE,Male,4.2,1,Cognizant,Shubham Balkrishna Bhosale,IT,Gen C,2022-23
CSE,Male,4.2,1,Cognizant,Soham Ramchandra Walke,IT,Gen C,2022-23
CSE,Male,4,1,Cognizant,Shalan Gaikwad,IT,Gen C Developer,2020-21
CSE,Male,4,2,Cognizant,Pratik Shantinath Jadhav,IT,GenC - Select,2021-22
CSE,Male,4,2,Cognizant,Satvasheel Narendra Powar,IT,GenC - Select,2021-22
CSE,Male,4,2,Cognizant,Satyajeet Vidyadhar Vhanbatte,IT,GenC - Select,2021-22
CSE,Male,4,2,Cognizant,Sourabh Sudhir Shinde,IT,GenC - Select,2021-22
CSE,Male,4,2,Cognizant,Utsav Umesh Salokhe,IT,GenC - Select,2021-22
CSE,Male,4,2,Cognizant,Vedang Dattatray Upadhye,IT,GenC - Select,2021-22
CSE,Male,4,2,Cognizant,Vivek Shashikant Biradar,IT,GenC - Select,2021-22
CSE,Male,4.5,2,Cognizant,Shrikant Suresh Khurd,IT,GenC Elevate - Select,2021-22
CSE,Male,6.75,2,Cognizant,Rakesh Sakharam Sutar,IT,GenC Next - Select,2021-22
CSE,Male,3.5,1,TCS CodeVita,Abhijit Dhanaji Abdagire,IT,GET,2024-25
CSE,Male,5,1,VOIS,Abhishek Ashok Kamble,IT,GET,2022-23
CSE,Male,3.5,1,TechMahindra,Aditya Jitendra Kulkarni,IT,GET,2023-24
CSE,Male,4,1,Hexaware,Aditya Mahesh Deshmukh,IT,GET,2023-24
CSE,Male,3.5,1,TATA ELXI,Ajit Chandrashekhar Kalburgi,IT,GET,2022-23
CSE,Male,3.5,1,TechMahindra,Alimurtuza Amin Pathan,IT,GET,2023-24
CSE,Male,6,1,CtrlS,Aniket Shivaji Parale,IT,GET,2023-24
CSE,Male,5,1,Agiliad Technologies,Atharv Uday Lad,IT,GET,2022-23
CSE,Male,5,1,VOIS,Atharv Uday Lad,IT,GET,2022-23
CSE,Male,5,1,VOIS,Avishkar Suresh Khot,IT,GET,2022-23
CSE,Male,5,1,VOIS,Mansing Gangaram Patil,IT,GET,2022-23
CSE,Male,5,1,VOIS,Mayank Madhukar Kurade,IT,GET,2022-23
CSE,Male,6,1,CtrlS,Mayur Manik Gaikwad,IT,GET,2023-24
CSE,Male,5,1,VOIS,Nihal Musaali Mulani,IT,GET,2022-23
CSE,Male,5,1,VOIS,Nihal Rafik Khan,IT,GET,2022-23
CSE,Male,3.5,1,TATA ELXI,Nikhil Murlidhar Sutar,IT,GET,2022-23
CSE,Male,4,1,Hexaware,Parth Pravin Patil,IT,GET,2023-24
CSE,Male,3.5,1,TechMahindra,Parth Sriprasad Yadav,IT,GET,2023-24
CSE,Male,5,1,Agiliad Technologies,Poonam Gundaji Khatkale,IT,GET,2022-23
CSE,Male,5,1,VOIS,Pranav Suresh Bagi,IT,GET,2022-23
CSE,Male,3.5,1,TATA ELXI,Prasanna Jayvant Patil,IT,GET,2022-23
CSE,Male,3.25,1,TechMahindra,Prasanna Jayvant Patil,IT,GET,2022-23
CSE,Male,5,1,Agiliad Technologies,Prathmesh Ramesh Sutar,IT,GET,2022-23
CSE,Male,5,1,VOIS,PRITAM PARTHA DEY,IT,GET,2022-23
CSE,Male,3.5,1,TechMahindra,Ramprasad Dattatray Bhat,IT,GET,2023-24
CSE,Male,4,1,Hexaware,Rohan Ashok Chougule,IT,GET,2023-24
CSE,Male,6,1,CtrlS,Rupam Ravindra Jadhav,IT,GET,2023-24
CSE,Male,4,1,Hexaware,Rushikesh Shatrughna Bhosale,IT,GET,2023-24
CSE,Male,3.5,1,TechMahindra,Rushikesh Shatrughna Bhosale,IT,GET,2023-24
CSE,Male,5,1,VOIS,Sadik Amir Fakir,IT,GET,2022-23
CSE,Male,5,1,VOIS,Sahil Prasad Dixit,IT,GET,2022-23
CSE,Male,3.5,1,TechMahindra,Samanveet Shankarrao Kurulkar,IT,GET,2023-24
CSE,Male,5,1,VOIS,Sanket Rajendra Patil,IT,GET,2022-23
CSE,Male,3.5,1,TechMahindra,Sarfaraj Salim Shaikh,IT,GET,2023-24
CSE,Male,3.5,1,TATA ELXI,Shardul Shrikant Shinde,IT,GET,2022-23
CSE,Male,5,1,VOIS,Shashikant Gajanan Mane,IT,GET,2022-23
CSE,Male,5,1,VOIS,Shivtej Dipak Gulave,IT,GET,2022-23
CSE,Male,6,1,CtrlS,Shoukat Rasul Mulla,IT,GET,2023-24
CSE,Male,6,1,CtrlS,Shreyas Chandrashekhar Sawant,IT,GET,2023-24
CSE,Male,4,1,Hexaware,Shreyas Pravin Patil,IT,GET,2023-24
CSE,Male,5,1,VOIS,Shreyash Balasaheb Chavan,IT,GET,2022-23
CSE,Male,5,1,VOIS,Shreyash Deepak Patil,IT,GET,2022-23
CSE,Male,3.5,1,TechMahindra,Shrimant Arvind Chavan,IT,GET,2023-24
CSE,Male,3.25,1,TechMahindra,Shubham Ashok Jadhav,IT,GET,2022-23
CSE,Male,3.5,1,TATA ELXI,Shubham Balkrishna Bhosale,IT,GET,2022-23
CSE,Male,4,1,Hexaware,Shubham Raju Patil,IT,GET,2023-24
CSE,Male,5,1,Agiliad Technologies,siddheshwar krushnanath vetale,IT,GET,2022-23
CSE,Male,5,1,Agiliad Technologies,Soham Ramchandra Walke,IT,GET,2022-23
CSE,Male,5,1,VOIS,Soham Ramchandra Walke,IT,GET,2022-23
CSE,Male,3.5,1,TechMahindra,Swapnil Pralhad Patil,IT,GET,2023-24
CSE,Male,4,1,Hexaware,Vaibhav Nitin Patil,IT,GET,2023-24
CSE,Male,3.5,1,TechMahindra,Varad Prakash Belwalkar,IT,GET,2023-24
CSE,Male,5,1,VOIS,Varad Sanjay Khot,IT,GET,2022-23
CSE,Male,5,1,VOIS,Vijay Bharamappa Ganiger,IT,GET,2022-23
CSE,Male,6,1,CtrlS,Yash Chandrakant Nalavade,IT,GET,2023-24
CSE,Male,3.8,1,CAPGEMINI,Yugal manwani,IT,Infra-Analyst,2019-20
CSE,Male,5.35,2,FIS Global,Arbaj Mangaonkar,IT,IT Trainee,2021-22
CSE,Male,8.22,2,FIS Global,Sandesh Lambor,IT,IT Trainee,2021-22
CSE,Male,5.35,2,FIS Global,Sourabh Sudhir Shinde,IT,IT Trainee,2021-22
CSE,Male,5.35,2,FIS Global,Tejas Pandit,IT,IT Trainee,2021-22
CSE,Male,1.8,1,ReapMind Innovations,Pratik Ulhas Jogdande,IT,Java Developer,2019-20
CSE,Male,4,1,Cyber Success,Saurabh Sonalkar,IT,Java Developer,2022-23
CSE,Male,5,1,Vision Waves,Lahu Shahadev Andhale,IT,Java/Full stack UI Angular Developer,2024-25
CSE,Male,5,1,Vision Waves,Sajid Salim Atar,IT,Java/Full stack UI Angular Developer,2024-25
CSE,Male,5,1,Vision Waves,Shivba Bhaskar Banbale,IT,Java/Full stack UI Angular Developer,2024-25
CSE,Male,5,1,Vision Waves,Tushar Tanaji Thite,IT,Java/Full stack UI Angular Developer,2024-25
CSE,Male,1.8,1,Walstar Technologies,Vaibhav Shinde,IT,Jr. Web Developer,2019-20
CSE,Male,5.5,2,Indegene Private Limited,shahid akbar mujawar,IT,Junior Software Engineer,2021-22
CSE,Male,3.5,1,Dialogues Media,Omkar Somnath Wani,IT,Media Sales,2024-25
CSE,Male,3.38,1,TCS,Abhishek Vithoba Kawale,IT,Ninja,2023-24
CSE,Male,3.38,1,TCS,Aditya Yogendra Marathe,IT,Ninja,2023-24
CSE,Male,3.38,1,TCS,Aishwarya Abhijit Patil,IT,Ninja,2023-24
CSE,Male,3.38,1,TCS,Atharv Shivaji Adsul,IT,Ninja,2023-24
CSE,Male,3.38,1,TCS,Sambhaji Bhimrao Gade,IT,Ninja,2023-24
CSE,Male,3.38,1,TCS,Shatrughn Maruti Pinjari,IT,Ninja,2023-24
CSE,Male,3.38,1,TCS,Snehal Shantaram Shinde,IT,Ninja,2023-24
CSE,Male,3.38,1,TCS,Swaroop Mahadev Sutar,IT,Ninja,2023-24
CSE,Male,3.38,1,TCS,Varad Prakash Belvalkar,IT,Ninja,2023-24
CSE,Male,3.38,1,TCS,Vibhav Subodh Inamdar,IT,Ninja,2023-24
CSE,Male,4,2,Evosys,Nikhil Vharambale,IT,Oracle Functional Consultant,2021-22
CSE,Male,4,2,Evosys,Rohit Patil,IT,Oracle Functional Consultant,2021-22
CSE,Male,3,1,QUALITYKIOSK TECHNOLOGIES,Ghanashyam Shingate,IT,Performance Engineer,2020-21
CSE,Male,3,1,QUALITYKIOSK TECHNOLOGIES,Shubham Mane,IT,Performance Engineer,2020-21
CSE,Male,3.5,2,Infosys,Jay Powar,IT,Power Programmer,2021-22
CSE,Male,6,1,Hexaware,Atharv Uday Lad,IT,Premier GET,2022-23
CSE,Male,9,1,TCS,Sushant Appasaheb Shelake,IT,Prime,2023-24
CSE,Male,5.5,1,WNS Global,Vishwajeet Mane,IT,Program Analyst,2020-21
CSE,Male,3.6,2,Acty System,Shubham Kiran Sutar,IT,Programmer,2021-22
CSE,Male,4,1,Cognizant,Abhay Arvind Nalawade,IT,Programmer Analyst,2024-25
CSE,Male,4,1,Cognizant,"Digvijay Anilsingh Rajput,",IT,Programmer Analyst,2019-20
CSE,Male,4,1,Cognizant,Lahu Shahadev Andhale,IT,Programmer Analyst,2024-25
CSE,Male,4,1,Cognizent,Mayuresh Kiran Naik,IT,Programmer Analyst,2024-25
CSE,Male,3.5,2,Wipro,Aniket Bajirao Patil,IT,Project Engineer,2021-22
CSE,Male,3.5,2,Wipro,Arbaj Akaram Mangaonkar,IT,Project Engineer,2021-22
CSE,Male,3.6,2,KPIT,Atul Shivaji Suryawanshi,IT,Project Engineer,2021-22
CSE,Male,4,1,KPIT,Avishkar Suresh Khot,IT,Project Engineer,2022-23
CSE,Male,3.5,2,Wipro,Bhushan Ramdas Kale,IT,Project Engineer,2021-22
CSE,Male,4,1,KPIT,Guruprasad Prabhakar Desai,IT,Project Engineer,2022-23
CSE,Male,3.25,1,Tech Mahindra,Janhavi Rajendra Sawant,IT,Project Engineer,2023-24
CSE,Male,3.25,1,Tech Mahindra,Mayuresh Moreshwar Makote,IT,Project Engineer,2023-24
CSE,Male,3.25,1,Tech Mahindra,Prajwal Shivaji Latake,IT,Project Engineer,2023-24
CSE,Male,3.5,2,Wipro,Pratik Mahadev More,IT,Project Engineer,2021-22
CSE,Male,4,1,KPIT,PRITAM PARTHA DEY,IT,Project Engineer,2022-23
CSE,Male,4,1,KPIT,RAHUL RAJENDRA HASOLKAR,IT,Project Engineer,2022-23
CSE,Male,3.5,2,Wipro,Rakesh Sutar,IT,Project Engineer,2021-22
CSE,Male,3.5,2,Wipro,Rohan Maruti Mane,IT,Project Engineer,2021-22
CSE,Male,3.5,2,Wipro,Rushikesh Maruti Dinde,IT,Project Engineer,2021-22
CSE,Male,3.5,2,Wipro,Saad Makandar,IT,Project Engineer,2021-22
CSE,Male,4,1,KPIT,Sadik Amir Fakir,IT,Project Engineer,2022-23
CSE,Male,4,1,KPIT,Sanket Rajendra Patil,IT,Project Engineer,2022-23
CSE,Male,3.5,2,Wipro,Shahid Mujawar,IT,Project Engineer,2021-22
CSE,Male,4,1,KPIT,Shashikant Gajanan Mane,IT,Project Engineer,2022-23
CSE,Male,3.25,1,Tech Mahindra,Shatrughn Maruti Pinjari,IT,Project Engineer,2023-24
CSE,Male,4,1,KPIT,Shreyash Deepak Patil,IT,Project Engineer,2022-23
CSE,Male,4,1,KPIT,Siddharth Sanjay Gharage,IT,Project Engineer,2022-23
CSE,Male,3.25,1,Tech Mahindra,Siddhesh Makarand Dewalekar,IT,Project Engineer,2023-24
CSE,Male,21,1,JusPay,SIDDHESH Sunil PATIL,IT,Project Engineer,2024-25
CSE,Male,4,1,KPIT,Sohail Nazir Shaikh,IT,Project Engineer,2022-23
CSE,Male,4,1,KPIT,Tanish Sunil Shinde,IT,Project Engineer,2022-23
CSE,Male,4,1,KPIT,Tarikanwar Balasaheb Nadaf,IT,Project Engineer,2022-23
CSE,Male,3.25,1,Tech Mahindra,Vibhav Subodh Inamdar,IT,Project Engineer,2023-24
CSE,Male,5.5,2,Wipro,Yash Dalal,IT,Project Engineer,2021-22
CSE,Male,3.25,1,TechMahindra,Aryan Prakash Gidde,IT,Project Trainee,2024-25
CSE,Male,3.25,1,TechMahindra,Ashwini Lalit Patil,IT,Project Trainee,2024-25
CSE,Male,3.25,1,TechMahindra,Jaydeep Jitendra Kine,IT,Project Trainee,2024-25
CSE,Male,3.25,1,TechMahindra,Kartik Vikram Gavali,IT,Project Trainee,2024-25
CSE,Male,3.25,1,TechMahindra,Mayuresh Kiran Naik,IT,Project Trainee,2024-25
CSE,Male,3.25,1,TechMahindra,Rohit Sardar Patil,IT,Project Trainee,2024-25
CSE,Male,3.25,1,TechMahindra,SIDDHESH Sunil PATIL,IT,Project Trainee,2024-25
CSE,Male,3.25,1,TechMahindra,Soham Mahesh Tamhane,IT,Project Trainee,2024-25
CSE,Male,27,1,JusPay,Ameya Wale,IT,S/w Developement Engineer,2024-25
CSE,Male,27,1,JusPay,Om Jayram Gaikwad,IT,S/w Developement Engineer,2024-25
CSE,Male,27,1,JusPay,Rohan Suresh Ekashinge,IT,S/w Developement Engineer,2024-25
CSE,Male,8,2,KAAR Technologies,Dhananjay Sonar,IT,SAP Consultant,2021-22
CSE,Male,8,2,KAAR Technologies,Jayesh Muley,IT,SAP Consultant,2021-22
CSE,Male,6.5,1,KAAR Technologies,Siddharth Yogesh Nashikkar,IT,SAP Consultant,2020-21
CSE,Male,2.4,1,"Hackersera cyber security
Con.&Training",Akshay Phalake,IT,Security analyst,2019-20
CSE,Male,4.2,1,CYBAGE,Abhishek Mujumdar,IT,SOFTWARE ANALYAST,2020-21
CSE,Male,4.2,1,CYBAGE,Mohammedaqib  taral,IT,SOFTWARE ANALYAST,2020-21
CSE,Male,4.2,1,CYBAGE,Pratik Sutar,IT,SOFTWARE ANALYAST,2020-21
CSE,Male,4.2,1,CYBAGE,Shubham More,IT,SOFTWARE ANALYAST,2020-21
CSE,Male,4.2,1,CYBAGE,Yasar Desai,IT,SOFTWARE ANALYAST,2020-21
CSE,Male,4.2,1,CYBAGE,Yash Patil,IT,SOFTWARE ANALYAST,2020-21
CSE,Male,1.8,1,DX Info System Sangli,Hrushabh pandhare,IT,Software Developer,2019-20
CSE,Male,1.8,1,DX Info System Sangli,Karan Kenjale,IT,Software Developer,2019-20
CSE,Male,7.8,1,Dassault Systems,Muhammadkhalid Alfaj Mujawar,IT,Software Developer,2023-24
CSE,Male,7.8,1,Dassault Systems,Om Suryakant Koli,IT,Software Developer,2023-24
CSE,Male,3,2,Anubudh Edutech,Rahul Paval,IT,Software Developer,2021-22
CSE,Male,5.46,1,Fox Solutions Pvt Ltd,Rushikesh Subhash Mahadik,IT,Software Developer,2025-26
CSE,Male,7,2,Morgan Stanley,Saba Mhabar,IT,Software Developer,2021-22
CSE,Male,3.5,2,Wiley-mthree,Saba Mhabar,IT,Software Developer,2021-22
CSE,Male,4,1,Streebo,Sahil Prasad Dixit,IT,Software Developer,2022-23
CSE,Male,2.4,1,Case point,Sainath Nale,IT,Software Developer,2020-21
CSE,Male,2.76,1,ArgyleEnigma Tech Labs,Santosh Mane,IT,Software Developer,2023-24
CSE,Male,1.8,1,DX Info System Sangli,Saquib Awate,IT,Software Developer,2019-20
CSE,Male,7.8,1,Dassault Systems,Satej Sanjay Kalebere,IT,Software Developer,2023-24
CSE,Male,3.2,1,Evosys,Saurabh Kharose,IT,Software Developer,2020-21
CSE,Male,4,1,Streebo,Shivtej Dipak Gulave,IT,Software Developer,2022-23
CSE,Male,4,1,Streebo,Shreyash Deepak Patil,IT,Software Developer,2022-23
CSE,Male,3,2,Anubudh Edutech,Shrikant Khurd,IT,Software Developer,2021-22
CSE,Male,7.8,1,Dassault Systems,Shubham Raju Patil,IT,Software Developer,2023-24
CSE,Male,4.5,1,Accenture,Siddharth Nashikkar,IT,Software Developer,2020-21
CSE,Male,7.6,1,CondeNasta,Siddhesh Patil,IT,Software Developer,2020-21
CSE,Male,1.8,1,Menon and Menon,Siddhesh Patil,IT,Software Developer,2020-21
CSE,Male,5,1,"Streebo,USA",Sushant Appasaheb Shelake,IT,Software Developer,2023-24
CSE,Male,7.8,1,Dassault Systems,Tushar Anil Kamble,IT,Software Developer,2023-24
CSE,Male,1.8,1,DX Info System Sangli,Vaibhav Shinde,IT,Software Developer,2019-20
CSE,Male,7.8,1,Dassault Systems,Vikas Vinod Patil,IT,Software Developer,2023-24
CSE,Male,2.4,1,Case point,Vishvajeet Shivraj Jadhav,IT,Software Developer,2020-21
CSE,Male,3.5,1,E-zest,Vishwajeet Jadhav,IT,Software Developer,2020-21
CSE,Male,7.8,1,Dassault Systems,Yash Ananda Nikam,IT,Software Developer,2023-24
CSE,Male,3,1,"Numetry Technologies, Pune",Viraj Arunrao Raut,IT,Software Developer (Traine),2023-24
CSE,Male,3.5,1,T-Cognition, Rohit Rajaram Mohite,IT,Software Engineer,2022-23
CSE,Male,4.5,1,Mastek, Shubham Vilas Mohod,IT,Software Engineer,2023-24
CSE,Male,8.5,2, Akamai Technologies India Pvt Ltd, Vinay Anil Buva,IT,Software Engineer,2021-22
CSE,Male,5.35,1,FIS Global,Aditya Mohan More,IT,Software Engineer,2020-21
CSE,Male,4.5,2,Cybage Software,Aditya Pramod Bote,IT,Software Engineer,2021-22
CSE,Male,3.5,1,"Atos Syntel., Pune",Akash Jadhav,IT,Software Engineer,2018-19
CSE,Male,10.36,1,Guangdong Lontian Smart Instrument Co. Ltd,Akash lakambale,IT,Software Engineer,2023-24
CSE,Male,3,1,ExcelR,Akash Nandkumar Bhosale,IT,Software Engineer,2022-23
CSE,Male,5.35,1,FIS Global,Akshay Dargad,IT,Software Engineer,2020-21
CSE,Male,3.5,1,Nihilent,Akshay Dargad,IT,Software Engineer,2020-21
CSE,Male,3.31,1,"KPIT,Pune",Akshay Parale,IT,Software Engineer,2017-18
CSE,Male,4,2,Msys Tech Pvt Ltd,Akshay Shamrao Baleshgol,IT,Software Engineer,2021-22
CSE,Male,3,1,Stridely Solutions,Aniket Apate,IT,Software Engineer,2020-21
CSE,Male,4.71,2,Persistent Systems,Aniket Bajirao Patil,IT,Software Engineer,2021-22
CSE,Male,4,1,Hexaware Technologies Pvt. Ltd.,Anish Ajit Jarag,IT,Software Engineer,2024-25
CSE,Male,4,1,Hexaware Technologies Pvt. Ltd.,Aryan Prakash Gidde,IT,Software Engineer,2024-25
CSE,Male,4.5,1,"Persistent, Pune",Ashish Ghodake,IT,Software Engineer,2018-19
CSE,Male,4.51,1,Persistent Systems,ASHISH SAWANT,IT,Software Engineer,2020-21
CSE,Male,4,1,Qspider,Ashutosh Nagesh Konewadkar,IT,Software Engineer,2022-23
CSE,Male,4,1,Hexaware Technologies Pvt. Ltd.,Atharva Sachin Kale,IT,Software Engineer,2024-25
CSE,Male,8,2,SenSen Networks Limited,Avadhut Tanugade,IT,Software Engineer,2021-22
CSE,Male,3.5,1,Torry Harris Business Solutions (P) Ltd,Bhanudas Kulkarni,IT,Software Engineer,2020-21
CSE,Male,4,1,Qspider,Bhausaheb Shivaji Shingade,IT,Software Engineer,2022-23
CSE,Male,3.6,2,BenchMark IT Solutions,Bhushan Kale,IT,Software Engineer,2021-22
CSE,Male,3,1,"Paramatrix, Mumbai",Daumalik Mujawar,IT,Software Engineer,2018-19
CSE,Male,4,1,Hexaware Technologies Pvt. Ltd.,Dhiraj Dattatray Kadam,IT,Software Engineer,2024-25
CSE,Male,3.2,1,SLK Bangalore,Ganesha Yadav,IT,Software Engineer,2019-20
CSE,Male,4,2,Mind Tree,Gaurav Rahangdale,IT,Software Engineer,2021-22
CSE,Male,4.71,2,Persistent Systems,Harshvardhan Patil,IT,Software Engineer,2021-22
CSE,Male,4,1,EXCELR Solutions,Harshvardhan Sunil Solankure,IT,Software Engineer,2023-24
CSE,Male,4.5,1,Agiliad Technology,Harshwardhan Patil,IT,Software Engineer,2019-20
CSE,Male,3.8,2,Birlasoft,Jay Powar,IT,Software Engineer,2021-22
CSE,Male,4,1,Hexaware Technologies Pvt. Ltd.,Jaydeep Jitendra Kine,IT,Software Engineer,2024-25
CSE,Male,4,1,Hexaware Technologies Pvt. Ltd.,Kartik Vikram Gavali,IT,Software Engineer,2024-25
CSE,Male,3.5,1,"Atos Syntel., Pune",Kaustubh Sawant,IT,Software Engineer,2018-19
CSE,Male,1.8,1,Mouritech,Meetkumar Makadia,IT,Software Engineer,2019-20
CSE,Male,4.5,2,Cybage Software,Muzaffer Faiyaz Mulla,IT,Software Engineer,2021-22
CSE,Male,3.8,1,Eternus Solutions,NihalKumar Sharma,IT,Software Engineer,2019-20
CSE,Male,4,2,Msys Tech Pvt Ltd,Nikhil Narendra Mudhale,IT,Software Engineer,2021-22
CSE,Male,3.6,1,"Acty System,Pune",Nikhil Sanjay Gurav,IT,Software Engineer,2022-23
CSE,Male,4.51,1,Persistent Systems,Nikhil Varavadekar,IT,Software Engineer,2020-21
CSE,Male,2.2,1,Mouritech,Om Vaswani,IT,Software Engineer,2020-21
CSE,Male,3.8,1,Eternus Solutions,Omkar Bhate,IT,Software Engineer,2019-20
CSE,Male,3.6,2,BenchMark IT Solutions,Omkar Ekal,IT,Software Engineer,2021-22
CSE,Male,7.52,1,Dassault Systems,Omkar Gadgil,IT,Software Engineer,2020-21
CSE,Male,3.5,1,"Atos Syntel., Pune",Omkar Patil,IT,Software Engineer,2018-19
CSE,Male,4.5,1,"Persistent, Pune",Omkar Patil,IT,Software Engineer,2018-19
CSE,Male,3,1,"Paramatrix, Mumbai",Omkar Sadashiv Patil,IT,Software Engineer,2018-19
CSE,Male,4,2,Msys Tech Pvt Ltd,Pankaj Mahipati Sutar,IT,Software Engineer,2021-22
CSE,Male,2.4,1,"QSPIDER ,Pune",Pathan Ameer Z.,IT,Software Engineer,2017-18
CSE,Male,4,1,Network 18,Patil Dhairyashil,IT,Software Engineer,2017-18
CSE,Male,2.4,1,"QSPIDER ,Pune",Patil Dhairyashil,IT,Software Engineer,2017-18
CSE,Male,3.8,1,"Sciative Solutions, Pune",Paul Panhalkar,IT,Software Engineer,2018-19
CSE,Male,3.4,1,"Bitwise,Pune",Pingale Akshay A.,IT,Software Engineer,2017-18
CSE,Male,2.4,1,"QSPIDER ,Pune",Pingale Akshay A.,IT,Software Engineer,2017-18
CSE,Male,4.41,1,"Persistent Systems,Pune",Prashant Hargude,IT,Software Engineer,2019-20
CSE,Male,10,1,Brillieo,Pratham Korade,IT,Software Engineer,2022-23
CSE,Male,4,1,Qspider,Prathamesh Santosh Mahadik,IT,Software Engineer,2022-23
CSE,Male,3.6,1,"Acty System,Pune",PRITAM PARTHA DEY,IT,Software Engineer,2022-23
CSE,Male,3.5,1,"Atos Syntel., Pune",Pushkar Saraf,IT,Software Engineer,2018-19
CSE,Male,8.5,1,Hewlett Packard (HP),Radhey Prakash Patil,IT,Software Engineer,2025-26
CSE,Male,4.71,2,Persistent Systems,Rahul Paval,IT,Software Engineer,2021-22
CSE,Male,4.5,2,"Inexture, Ahmedabad",Rahul Sadashiv Paval,IT,Software Engineer,2021-22
CSE,Male,3.5,1,Softenger,Rajat Ranjit Salokhe,IT,Software Engineer,2024-25
CSE,Male,3.5,1,"Atos Syntel., Pune",Rajesh Chavan,IT,Software Engineer,2018-19
CSE,Male,4,1,EXCELR Solutions,Rajvardhan Kesarkar,IT,Software Engineer,2023-24
CSE,Male,2.4,1,"QSPIDER ,Pune",Randive Aditya R.,IT,Software Engineer,2017-18
CSE,Male,3,1,ExcelR,Ranjeet Dadaso Bawache,IT,Software Engineer,2022-23
CSE,Male,4,1,Hexaware Technologies Pvt. Ltd.,Ranvir Milind Wankhede,IT,Software Engineer,2024-25
CSE,Male,4.5,2,Cybage Software,RAVI KUMAR,IT,Software Engineer,2021-22
CSE,Male,3.2,1,SLK Bangalore,Rishikesh Vanjare,IT,Software Engineer,2019-20
CSE,Male,3,1,Stridely Solutions,Rohit Sandeep Bhat,IT,Software Engineer,2020-21
CSE,Male,1.8,1,Mouritech,Rushikesh More,IT,Software Engineer,2019-20
CSE,Male,3.5,1,"Just Dial,Pune",Ruturaj Randive,IT,Software Engineer,2017-18
CSE,Male,6.5,1,Hitachi vantara,Sadik Amir Fakir,IT,Software Engineer,2022-23
CSE,Male,10,1,Brillieo,Sahil Dixit,IT,Software Engineer,2022-23
CSE,Male,5.35,1,FIS Global,Sahil Jamadar,IT,Software Engineer,2020-21
CSE,Male,4,1,MindTree,Sanket Patil,IT,Software Engineer,2019-20
CSE,Male,2.4,1,"QSPIDER ,Pune",Satpute Keshav T.,IT,Software Engineer,2017-18
CSE,Male,4,1,EXCELR Solutions,Saurabh Sanjay Patil,IT,Software Engineer,2023-24
CSE,Male,4,1,Primus Global,Shailesh Talekar,IT,Software Engineer,2019-20
CSE,Male,4,2,Msys Tech Pvt Ltd,Shantanu Balaji Ghule,IT,Software Engineer,2021-22
CSE,Male,4,2,Msys Tech Pvt Ltd,Shantanu Jayvant Sapkal,IT,Software Engineer,2021-22
CSE,Male,4,1,Qspider,Shivam Katale,IT,Software Engineer,2022-23
CSE,Male,4,1,Hexaware Technologies Pvt. Ltd.,Shivendrasinh Sanjay Ghatge,IT,Software Engineer,2024-25
CSE,Male,7.5,1,Tata Consultancy Services,Shivraj Nalavade,IT,Software Engineer,2024-25
CSE,Male,4.5,1,"Persistent, Pune",Shivraj Pattanshetti,IT,Software Engineer,2018-19
CSE,Male,10,1,Brillieo,Shreyash Patil,IT,Software Engineer,2022-23
CSE,Male,4,1,Hexaware Technologies Pvt. Ltd.,Shreyash Sahebrao Bhosale,IT,Software Engineer,2024-25
CSE,Male,4.5,2,Cybage Software,Shrikant Suresh Khurd,IT,Software Engineer,2021-22
CSE,Male,1.8,2,"MeshBA Solutions,Kolhapur",Shubham A. Sutar,IT,Software Engineer,2021-22
CSE,Male,4,1,MindTree,Shubham Suhas Ghatage,IT,Software Engineer,2019-20
CSE,Male,5.73,2,FIS Global,Siddhant Phatak,IT,Software Engineer,2021-22
CSE,Male,4,1,Hexaware Technologies Pvt. Ltd.,Siddhant Rahul Kirte,IT,Software Engineer,2024-25
CSE,Male,4.51,1,Persistent Systems,Siddharth Nashikkar,IT,Software Engineer,2020-21
CSE,Male,4,1,EXCELR Solutions,Siddhesh Makarand Dewalekar,IT,Software Engineer,2023-24
CSE,Male,4,1,Hexaware Technologies Pvt. Ltd.,SIDDHESH Sunil PATIL,IT,Software Engineer,2024-25
CSE,Male,2.2,1,Mouritech,Soham Harane,IT,Software Engineer,2020-21
CSE,Male,7.5,1,Tata Consultancy Services,Soham Mahesh Tamhane,IT,Software Engineer,2024-25
CSE,Male,6,1,Vayavya Labs,Sohel Shakil Maktum,IT,Software Engineer,2024-25
CSE,Male,3,1,Stridely Solutions,Sourav Kore,IT,Software Engineer,2020-21
CSE,Male,3,2,Hidden Brains,Subhash Suresh Chavan,IT,Software Engineer,2021-22
CSE,Male,4,1,Sankey Solutions,Sudarshan Doke,IT,Software Engineer,2022-23
CSE,Male,4,1,Hexaware Technologies Pvt. Ltd.,Sujal Manish Vadgave,IT,Software Engineer,2024-25
CSE,Male,3.8,1,"Bitwise, Pune",Sumit Dinde,IT,Software Engineer,2018-19
CSE,Male,4,1,Hexaware Technologies Pvt. Ltd.,Sushant Prashant Hawaldar,IT,Software Engineer,2024-25
CSE,Male,4.65,1,Tata Technology,Tanmay Yadav,IT,Software Engineer,2020-21
CSE,Male,4.5,2,Cybage Software,Uddhav Anant Powar,IT,Software Engineer,2021-22
CSE,Male,3.31,1,"KPIT, Pune",Uddhav Ghodake,IT,Software Engineer,2018-19
CSE,Male,4,1,Hexaware Technologies Pvt. Ltd.,Utkarsh Baburao Malav,IT,Software Engineer,2024-25
CSE,Male,7.5,1,Tata Consultancy Services,Utkarsh Baburao Malav,IT,Software Engineer,2024-25
CSE,Male,4,1,AnaylticalFox  Software,Vaibhav Shinde,IT,Software Engineer,2019-20
CSE,Male,3.5,1,"Just Dial,Pune",Vaibhav Solanke,IT,Software Engineer,2017-18
CSE,Male,4.71,2,Persistent Systems,Vedang Upadhye,IT,Software Engineer,2021-22
CSE,Male,3.1,1,Atos global,Vishal Tanaji Gavasekar,IT,Software Engineer,2022-23
CSE,Male,3,1,"Webonise labs, Pune",Vishwajeet Dabholkar,IT,Software Engineer,2018-19
CSE,Male,4,1,MindTree,Vishwajeet Jadhav,IT,Software Engineer,2020-21
CSE,Male,4.51,1,Persistent Systems,Vishwajeet Jadhav,IT,Software Engineer,2020-21
CSE,Male,3.5,1,Wipro,Vishwajeet Jadhav,IT,Software Engineer,2020-21
CSE,Male,3,1,Stridely Solutions,Vishwajeet Mane,IT,Software Engineer,2020-21
CSE,Male,3.5,1,Wipro,Vishwajeet Mane,IT,Software Engineer,2020-21
CSE,Male,3.25,2,TechMahindra,Yash Dalal,IT,Software Engineer,2021-22
CSE,Male,4,1,Hexaware Technologies Pvt. Ltd.,Yogesh Gurunath Hitnalli,IT,Software Engineer,2024-25
CSE,Male,4.5,1,Deloitte Cybar Gurukul Program,Aman Salim Momin,IT,Software Engineer Trainee,2025-26
CSE,Male,4.8,1,Microlise,Arnav Anand Deshpande,IT,Software Engineer Trainee,2025-26
CSE,Male,3.5,1,The Kiran Academy,Harsh Ramesh Parab,IT,Software Engineer Trainee,2025-26
CSE,Male,4.8,1,Microlise,Harshvardhan Yashwant Patil,IT,Software Engineer Trainee,2025-26
CSE,Male,3,1,"Ekam Invento,Pune",Nawazish A Majid Bidiwale,IT,Software Engineer Trainee,2025-26
CSE,Male,3.5,1,The Kiran Academy,Nawazish A Majid Bidiwale,IT,Software Engineer Trainee,2025-26
CSE,Male,4,1,Hexaware Technologies,Pawan Dinesh Malgavi,IT,Software Engineer Trainee,2025-26
CSE,Male,2.5,1,ApMoSys Technologies Pvt. Ltd.,Pushpraj Dhanaji Kadam,IT,Software Engineer Trainee,2024-25
CSE,Male,4,1,ApMoSys Technologies Pvt. Ltd.,Soham Anil Tapase,IT,Software Engineer Trainee,2024-25
CSE,Male,3.5,1,The Kiran Academy,Vikram Patil,IT,Software Engineer Trainee,2025-26
CSE,Male,3.5,1,The Kiran Academy,Viraj Vinayak Kesarkar,IT,Software Engineer Trainee,2025-26
CSE,Male,6,1,ApMoSys Technologies Pvt. Ltd.,Vivek Kushal Jadhav,IT,Software Engineer Trainee,2024-25
CSE,Male,4,1,Amdocs,Aditya Mohan More,IT,Software Funicational Test Engineer,2020-21
CSE,Male,4,1,Amdocs,Sameer Sachin Shaligram,IT,Software Funicational Test Engineer,2020-21
CSE,Male,4,1,Cyber Success,Muhammadaqib Shaikh,IT,Software Tester,2022-23
CSE,Male,4,1,Cyber Success,Sanket More,IT,Software Tester,2022-23
CSE,Male,5.57,1,Fox Solutions, Gaurav Ajay Mane,IT,Special Engineer,2023-24
CSE,Male,3,1,Chegg India,Adinath Bhagwan Mundhe,IT,Subject Matter Expert,2023-24
CSE,Male,3,1,Chegg India,Anant Purushottam Mulay,IT,Subject Matter Expert,2023-24
CSE,Male,3,1,Chegg India,Ankur Sanjaykumar Potdar,IT,Subject Matter Expert,2023-24
CSE,Male,3,1,Chegg India,Om Balvant Shinde,IT,Subject Matter Expert,2023-24
CSE,Male,3,1,Chegg India,Omkar Ramesh Gulambe,IT,Subject Matter Expert,2023-24
CSE,Male,3,1,Chegg India,Rameshwar Sanjay Patil,IT,Subject Matter Expert,2023-24
CSE,Male,3,1,Chegg India,Samir Jotiba Desai,IT,Subject Matter Expert,2023-24
CSE,Male,3,1,Chegg India,Sanket Ashok Salokhe,IT,Subject Matter Expert,2023-24
CSE,Male,3,1,Chegg India,Shatrughn Maruti Pinjari,IT,Subject Matter Expert,2023-24
CSE,Male,3,1,Chegg India,Shubham Vilas Mohod,IT,Subject Matter Expert,2023-24
CSE,Male,3,1,Chegg India,Siddhesh Makarand Dewalekar,IT,Subject Matter Expert,2023-24
CSE,Male,3,1,Chegg India,Sushant Appasaheb Shelake,IT,Subject Matter Expert,2023-24
CSE,Male,3,1,Chegg India,Swaroop Mahadev Sutar,IT,Subject Matter Expert,2023-24
CSE,Male,3,1,Chegg India,Tushar Anil Kamble,IT,Subject Matter Expert,2023-24
CSE,Male,3,1,Chegg India,Tushar Ravindra Patil,IT,Subject Matter Expert,2023-24
CSE,Male,3,1,Chegg India,Vaibhav Nitin Patil,IT,Subject Matter Expert,2023-24
CSE,Male,3,1,Chegg India,Viraj Arunrao Raut,IT,Subject Matter Expert,2023-24
CSE,Male,3,1,Chegg India,Yash Anil Kashid,IT,Subject Matter Expert,2023-24
CSE,Male,3,1,Mhaphsis,Akash Jadhav,IT,Support Engineer,2018-19
CSE,Male,3.8,1,CAPGEMINI,Anand Machave,IT,System Analyst,2020-21
CSE,Male,4,2,CAPGEMINI,Arbaj Mangaokar,IT,System Analyst,2021-22
CSE,Male,3.8,1,CAPGEMINI,Raunak Kulkarni,IT,System Analyst,2020-21
CSE,Male,3.8,1,CAPGEMINI,Rohit Bhatt,IT,System Analyst,2020-21
CSE,Male,3.8,2,CAPGEMINI,SABA SALIM MHABAR,IT,System Analyst,2021-22
CSE,Male,3.8,1,CAPGEMINI,Siddharth Yogesh Nashikkar,IT,System Analyst,2020-21
CSE,Male,3.8,2,CAPGEMINI,Tejas Deepak Pandit,IT,System Analyst,2021-22
CSE,Male,3.8,1,CAPGEMINI,Vishvajeet Jadhav,IT,System Analyst,2020-21
CSE,Male,3.36,1,"TCS, Pune",Dnyaneshwar raut,IT,System Associate trainee,2019-20
CSE,Male,3.36,1,"TCS, Pune",Ganesha Yadav,IT,System Associate trainee,2019-20
CSE,Male,3.36,1,"TCS, Pune",Gulnar Khan,IT,System Associate trainee,2019-20
CSE,Male,3.36,1,"TCS, Pune",Karan Kulkarni,IT,System Associate trainee,2019-20
CSE,Male,3.36,1,"TCS, Pune",Prathmesh Mangalvedhekar,IT,System Associate trainee,2019-20
CSE,Male,3.36,1,"TCS, Pune",Sandeep Menon,IT,System Associate trainee,2019-20
CSE,Male,3.36,1,"TCS, Pune",Siddhi Jadhav,IT,System Associate trainee,2019-20
CSE,Male,3.36,1,"TCS, Pune",Vishal Kumbhar,IT,System Associate trainee,2019-20
CSE,Male,3.36,1,"TCS, Pune",Yashvardhan Yadav,IT,System Associate trainee,2019-20
CSE,Male,3.6,2,Infosys, Siddhiraj Madhukar Telwekar,IT,System Engineer,2021-22
CSE,Male,7.5,2,Tata Consultancy Services,Aditya Sutar,IT,System Engineer,2021-22
CSE,Male,3.4,1,"Infosys,Pune",Dhondiba Fadatare,IT,System Engineer,2019-20
CSE,Male,3.36,1,Tata Consultancy Services,Guruprasad Prabhakar Desai,IT,System Engineer,2022-23
CSE,Male,7.5,2,Tata Consultancy Services,Harshvardhan Sangram Patil,IT,System Engineer,2021-22
CSE,Male,3.36,1,Tata Consultancy Services,Hrishikesh Tukaram Patil,IT,System Engineer,2022-23
CSE,Male,7,1,Tata Consultancy Services,Nihal Musaali Mulani,IT,System Engineer,2022-23
CSE,Male,3.36,1,Tata Consultancy Services,Nihal Rafik Khan,IT,System Engineer,2022-23
CSE,Male,3.5,1,"TCS, Pune",Omkar Patil,IT,System Engineer,2018-19
CSE,Male,3.6,2,Infosys,Pankaj Sutar,IT,System Engineer,2021-22
CSE,Male,3.36,1,Tata Consultancy Services,Pranav Suresh Bagi,IT,System Engineer,2022-23
CSE,Male,3.5,1,"TCS, Pune",PrathmeshKulkarni,IT,System Engineer,2018-19
CSE,Male,3.5,1,Wipro,Ruturaj Desai,IT,System Engineer,2019-20
CSE,Male,3.5,1,Wipro,Ruturaj Sawant,IT,System Engineer,2019-20
CSE,Male,3.5,1,"TCS, Pune",ShivrajPattanshetti,IT,System Engineer,2018-19
CSE,Male,3.6,2,Infosys,Shubham Arun Sutar,IT,System Engineer,2021-22
CSE,Male,7.5,2,Tata Consultancy Services,Shubham Kiran Sutar,IT,System Engineer,2021-22
CSE,Male,3.36,1,Tata Consultancy Services,Tarikanwar Balasaheb Nadaf,IT,System Engineer,2022-23
CSE,Male,3,1,Wipro Pune,Vipul Gaikwad,IT,System Engineer,2018-19
CSE,Male,4,1,"TCS, Pune",Vishwajeet Dabholkar,IT,System Engineer,2018-19
CSE,Male,2,1,Hexaware,Nikhil Ghatage,IT,Tech Support,2019-20
CSE,Male,2,1,Hexaware,Sushant Vijaysinh Lad,IT,Tech Support,2019-20
CSE,Male,8,1,"Technogise,Pune",Allay Sukant Sahoo,IT,Technology Consultant,2023-24
CSE,Male,3.1,1,Atos global,Tanmay Yadav,IT,Trainee (IT Infrastructure),2020-21
CSE,Male,3,1,Palle Technology, Ravindra Govardhan Thorat,IT,Trainee Engineer,2022-23
CSE,Male,3.5,1,"TCognition,Kolhapur",Abhay Arvind Nalawade,IT,Trainee Engineer,2024-25
CSE,Male,3,1,Jio,Abhay Jitendra Jadhav,IT,Trainee Engineer,2024-25
CSE,Male,3,1,Pentagon Space Pvt Ltd,Abhishek Vithoba Kawale,IT,Trainee Engineer,2023-24
CSE,Male,3.5,1,QSpiders,Aditya Avinash Jadhav,IT,Trainee Engineer,2024-25
CSE,Male,3,1,Sphurti Webapp Pvt. Ltd.,Aditya Suhas Munde,IT,Trainee Engineer,2024-25
CSE,Male,3.8,2,Qspider,Akash Arvind Kengar,IT,Trainee Engineer,2021-22
CSE,Male,2.4,1,"
Network Lab, Banglore",Akash Balasaheb Navgan,IT,Trainee Engineer,2018-19
CSE,Male,3.6,1,Birlasoft,Akash Dinakar Pathade,IT,Trainee Engineer,2020-21
CSE,Male,2.4,2,"
Network Lab, Banglore",Akshay Ashok Waychal,IT,Trainee Engineer,2018-19
CSE,Male,2.4,1,"
Network Lab, Banglore",Akshay Rajaram Methe,IT,Trainee Engineer,2018-19
CSE,Male,3.8,2,Qspider,Akshay Shamrao Baleshgol,IT,Trainee Engineer,2021-22
CSE,Male,3.5,1,"Avalara,Pune",Ameer Z Pathan,IT,Trainee Engineer,2017-18
CSE,Male,3.5,1,Numetry Technologies,Amey Sagar Wale,IT,Trainee Engineer,2024-25
CSE,Male,2.4,1,"
Network Lab, Banglore",Amey Shetye,IT,Trainee Engineer,2018-19
CSE,Male,2.4,1,"
Network Lab, Banglore",Amol Govindrao Shinde,IT,Trainee Engineer,2018-19
CSE,Male,2.4,1,"
Network Lab, Banglore",Ananda shinde,IT,Trainee Engineer,2018-19
CSE,Male,2.4,1,"
Network Lab, Banglore",Aniket Mangalekar,IT,Trainee Engineer,2018-19
CSE,Male,3.5,1,QSpiders,Aniket Maruti Talwar,IT,Trainee Engineer,2024-25
CSE,Male,3.5,1,"TCognition,Kolhapur",Anish Vishal Pandat,IT,Trainee Engineer,2024-25
CSE,Male,4,1,Cyber Success,Arun Rajendra Desai,IT,Trainee Engineer,2023-24
CSE,Male,3,2,Walstar Technologies Pvt. Ltd,Aryan Rajendra Patil,IT,Trainee Engineer,2025-26
CSE,Male,3,1,InfotechBrain techno pvt ltd,Atharav Sanjay Jadhav,IT,Trainee Engineer,2024-25
CSE,Male,3.5,1,Cyber Success,Atharv Pravin Babar,IT,Trainee Engineer,2025-26
CSE,Male,3,1,Walstar Technologies Pvt. Ltd,Bhushan Shashikant Todkar,IT,Trainee Engineer,2025-26
CSE,Male,3.5,1,QSpiders,Chaitanya Vishwas Chougule,IT,Trainee Engineer,2024-25
CSE,Male,2.1,1,"ACS International Resources, Inc.",Dhairyashil Patil,IT,Trainee Engineer,2017-18
CSE,Male,2.4,1,"
Network Lab, Banglore",Digambar Dayanand Redekar,IT,Trainee Engineer,2018-19
CSE,Male,3,1, Betwob Infoserv Pvt Ltd,Digvijay Suryaji Nigvekar,IT,Trainee Engineer,2024-25
CSE,Male,3.5,1,"TCognition,Kolhapur",Dikshant Deelip Wayadande,IT,Trainee Engineer,2024-25
CSE,Male,2.5,1,Technicious Technology Services pvt ltd,Dnyaneshwar Kashinath Chimane,IT,Trainee Engineer,2024-25
CSE,Male,2.5,1,Yotta Data Services Private Limited,Harsh Dilipkumar Patil,IT,Trainee Engineer,2024-25
CSE,Male,2.5,1,Technicious Technology Services pvt ltd,Harshvardhan Sugriv Patil,IT,Trainee Engineer,2024-25
CSE,Male,1.8,1, Incrust Software Pvt. Ltd.,Jagdish Krishnaji Bokil,IT,Trainee Engineer,2024-25
CSE,Male,4,1,Cyber Success,Jatin Jitendra Mhatre,IT,Trainee Engineer,2023-24
CSE,Male,3.5,1,Qspider,Kailas Gorade,IT,Trainee Engineer,2020-21
CSE,Male,3.5,1,QSpiders,Karan Ramchandra Patil,IT,Trainee Engineer,2024-25
CSE,Male,2.4,1,"
Network Lab, Banglore",Kaustubh Shirish Sawant,IT,Trainee Engineer,2018-19
CSE,Male,2.4,1,"
Network Lab, Banglore",Kedar Kulkarni,IT,Trainee Engineer,2018-19
CSE,Male,3.5,1,Numetry Technologies,Lahu Shahadev Andhale,IT,Trainee Engineer,2024-25
CSE,Male,2.1,1,"ACS International Resources, Inc.",Lekhraj Panjwani,IT,Trainee Engineer,2017-18
CSE,Male,3.5,1,"TCognition,Kolhapur",Mandar Mahesh Powar,IT,Trainee Engineer,2024-25
CSE,Male,3,1,DevAngles Software Pvt. Ltd.,Mohan Ravikant Chhapari,IT,Trainee Engineer,2024-25
CSE,Male,3.6,1,Sahas Labs,Mohan Ravikant Chhapari,IT,Trainee Engineer,2024-25
CSE,Male,3.5,1,"TCognition,Kolhapur",Nachiket Vishnukant Bejagamwar,IT,Trainee Engineer,2024-25
CSE,Male,3.5,1,Qspider,Nagaraj Talwar,IT,Trainee Engineer,2020-21
CSE,Male,2.4,1,CMS IT Services,Nayan Komejwar,IT,Trainee Engineer,2016-17
CSE,Male,3,1,Skandha Media Services Pvt Ltd,Omkar Jeevan Kotamire,IT,Trainee Engineer,2022-23
CSE,Male,3,1,Qspider,Omkar Ramesh Gulambe,IT,Trainee Engineer,2023-24
CSE,Male,3.5,1,QSpiders,Omkar Sanjay Adagale,IT,Trainee Engineer,2024-25
CSE,Male,2.4,1,"
Network Lab, Banglore",Pavan Pratap Patil,IT,Trainee Engineer,2018-19
CSE,Male,3.5,1,Qspider,Poonam Chougule,IT,Trainee Engineer,2020-21
CSE,Male,3.5,1,Qspider,Prajakta Jadhav,IT,Trainee Engineer,2020-21
CSE,Male,3,1,Qspider,Prajwal Shivaji Latake,IT,Trainee Engineer,2023-24
CSE,Male,2.4,1,"
Network Lab, Banglore",Pranav Jadhav,IT,Trainee Engineer,2018-19
CSE,Male,2.4,1,"
Network Lab, Banglore",Prashant Ashok Gore,IT,Trainee Engineer,2018-19
CSE,Male,3,1, Betwob Infoserv Pvt Ltd,Prathmesh Pandurang Sutar,IT,Trainee Engineer,2024-25
CSE,Male,2.4,1,"
Network Lab, Banglore",Prathmesh Satish Kusumbe,IT,Trainee Engineer,2018-19
CSE,Male,2.4,1,CMS IT Services,Pratik,IT,Trainee Engineer,2016-17
CSE,Male,3.5,1,Qspider,Pratik Sutar,IT,Trainee Engineer,2020-21
CSE,Male,2.4,1,"
Network Lab, Banglore",Pravin hadpad,IT,Trainee Engineer,2018-19
CSE,Male,2.1,1,"ACS International Resources, Inc.",Preshit Shah,IT,Trainee Engineer,2017-18
CSE,Male,2.4,1,"
Network Lab, Banglore",Prithviraj Prakash Badiger,IT,Trainee Engineer,2018-19
CSE,Male,3.5,1,Global Quest Technologies,Pruthviraj Balasaheb Khot,IT,Trainee Engineer,2024-25
CSE,Male,3.6,1,Sahas Labs,Pushpraj Dhanaji Kadam,IT,Trainee Engineer,2024-25
CSE,Male,3.5,1,QSpiders,Rajat Ranjit Salokhe,IT,Trainee Engineer,2024-25
CSE,Male,4,1,Cyber Success,Rajvardhan Hanumant Kale,IT,Trainee Engineer,2023-24
CSE,Male,3.6,1,Birlasoft,Raunaq Suhas Kulkarni,IT,Trainee Engineer,2020-21
CSE,Male,2.4,1,"
Network Lab, Banglore",Rijvan Shakil Shaikh,IT,Trainee Engineer,2018-19
CSE,Male,3,1,Atharv Agronomics Pvt ltd,Rohit  Ajit Jadhav,IT,Trainee Engineer,2024-25
CSE,Male,3.5,1,Numetry Technologies,Rohit Ajit Jadhav,IT,Trainee Engineer,2024-25
CSE,Male,3.6,1,Birlasoft,Rohit Raghavendra Bhatt,IT,Trainee Engineer,2020-21
CSE,Male,3,1,Walstar Technologies Pvt. Ltd,Rohit Sanjay Mali,IT,Trainee Engineer,2025-26
CSE,Male,3,1,Deloitte,Rohit Tukaram Patil,IT,Trainee Engineer,2024-25
CSE,Male,3.5,1,QSpiders,Rohit Tukaram Patil,IT,Trainee Engineer,2024-25
CSE,Male,3,1,"Altus Health Tech, Mumbai",Roshan Kesarkar,IT,Trainee Engineer,2023-24
CSE,Male,3.5,1,QSpiders,RUCHIR RAJENDRA CHOUGALE,IT,Trainee Engineer,2024-25
CSE,Male,3.6,1,Birlasoft,Rushikesh Uttam Maske,IT,Trainee Engineer,2020-21
CSE,Male,3,1,Qspider,Rutvik Subhash Galande,IT,Trainee Engineer,2023-24
CSE,Male,2.4,1,"
Network Lab, Banglore",Sagar Pachkhande,IT,Trainee Engineer,2018-19
CSE,Male,3.5,1,QSpiders,Sahil Vishwas Chougale,IT,Trainee Engineer,2024-25
CSE,Male,2.4,1,"
Network Lab, Banglore",Sajjan Dhananjay Choudhari,IT,Trainee Engineer,2018-19
CSE,Male,3.5,1,Dhee Coding Club,Samarth Uday More,IT,Trainee Engineer,2025-26
CSE,Male,2.4,1,"
Network Lab, Banglore",Sammed Dilip Shedbale,IT,Trainee Engineer,2018-19
CSE,Male,2.4,1,"
Network Lab, Banglore",Sangram Sunil Shinde,IT,Trainee Engineer,2018-19
CSE,Male,3.1,2,Atos global,Sanket Sanjay Potdar,IT,Trainee Engineer,2021-22
CSE,Male,3.5,1,QSpiders,Satej Sanjay Patil,IT,Trainee Engineer,2024-25
CSE,Male,3,1,Walstar Technologies Pvt. Ltd,Saurabh Laxman Karande,IT,Trainee Engineer,2025-26
CSE,Male,3,1,Skandha Media Services Pvt Ltd,Saurabh Shrikant Sonalakar,IT,Trainee Engineer,2022-23
CSE,Male,3.8,2,Qspider,shahid akbar mujawar,IT,Trainee Engineer,2021-22
CSE,Male,3.8,2,Qspider,Shivam Rajesh Mandlik,IT,Trainee Engineer,2021-22
CSE,Male,3.1,2,Atos global,Shivam Sanjay Raut,IT,Trainee Engineer,2021-22
CSE,Male,4,1,Pentagon,Shivba Bhaskar Banbale,IT,Trainee Engineer,2024-25
CSE,Male,2.4,1,CMS IT Services,Shreyas Shirolkar,IT,Trainee Engineer,2016-17
CSE,Male,3.8,2,Qspider,Shrikant Suresh Khurd,IT,Trainee Engineer,2021-22
CSE,Male,2.4,1,"
Network Lab, Banglore",SHUBHAM DATTATRAYA PANHALKAR,IT,Trainee Engineer,2018-19
CSE,Male,2.4,1,DevAngles,Shubham Kapase,IT,Trainee Engineer,2024-25
CSE,Male,2.4,2,"
Network Lab, Banglore",Shubham Nandkumar More,IT,Trainee Engineer,2018-19
CSE,Male,3.5,1,Global Quest Technologies,Siddhant Rahul Kirte,IT,Trainee Engineer,2024-25
CSE,Male,3.6,1,Birlasoft,Siddharth Yogesh Nashikkar,IT,Trainee Engineer,2020-21
CSE,Male,3.5,1,QSpiders,Soham Anil Tapase,IT,Trainee Engineer,2024-25
CSE,Male,3.5,1,"TCognition,Kolhapur",Soham Dilip Kadam,IT,Trainee Engineer,2024-25
CSE,Male,3,1,Cyber Success,Sourav Kore,IT,Trainee Engineer,2020-21
CSE,Male,3.1,2,Atos global,Suchanta Babasaheb Ravan,IT,Trainee Engineer,2021-22
CSE,Male,3.5,1,QSpiders,Sujal Manish Vadgave,IT,Trainee Engineer,2024-25
CSE,Male,4,1,Cyber Success,Sumit Mahadev Dhadam,IT,Trainee Engineer,2023-24
CSE,Male,3,1,Palle Technology,Suraj Suhas Kamble,IT,Trainee Engineer,2022-23
CSE,Male,2.4,1,"
Network Lab, Banglore",Sushant Shivaji Magdum,IT,Trainee Engineer,2018-19
CSE,Male,3.5,1,Qspider,Swapnil Yadav,IT,Trainee Engineer,2020-21
CSE,Male,4,1,Cyber Success,Swaroop Mahadev Sutar,IT,Trainee Engineer,2023-24
CSE,Male,3.5,1,Qspider,Tanmay Yadav,IT,Trainee Engineer,2020-21
CSE,Male,3,1,Walstar Technologies Pvt. Ltd,Tejas Sagar Randive,IT,Trainee Engineer,2025-26
CSE,Male,3,1,Royals Webtech .Pvt.Ltd,Uttam Nilkanth Naitam,IT,Trainee Engineer,2024-25
CSE,Male,3.5,1,QSpiders,Varad Nitin Kulkarni,IT,Trainee Engineer,2024-25
CSE,Male,3.8,2,Qspider,Vinay Anil Buva,IT,Trainee Engineer,2021-22
CSE,Male,3.5,1,Dhee Coding Club,Viraj Vinayak Kesarkar,IT,Trainee Engineer,2025-26
CSE,Male,2.4,1,"
Network Lab, Banglore",Vishal Nandkumar Bhoi,IT,Trainee Engineer,2018-19
CSE,Male,3,1,InfotechBrain techno pvt ltd,Vishwajeet Prakash Patil,IT,Trainee Engineer,2024-25
CSE,Male,2.4,1,"
Network Lab, Banglore",Vishwajeet Vijay Dabholkar,IT,Trainee Engineer,2018-19
CSE,Male,3.8,2,Qspider,Vishwajeet Vijaykumar Jadhav,IT,Trainee Engineer,2021-22
CSE,Male,3.5,1,QSpiders,Vivek Kushal Jadhav,IT,Trainee Engineer,2024-25
CSE,Male,3.8,2,Qspider,Vivek Shashikant Biradar,IT,Trainee Engineer,2021-22
CSE,Male,3.5,1,Global Quest Technologies,Vivek Vinod Chougule,IT,Trainee Engineer,2024-25
CSE,Male,3,1,SIMDAA Technologies Pvt Ltd.,Vivek Vinod Chougule,IT,Trainee Engineer,2024-25
CSE,Male,4,1,Cyber Success,Yash Anil Kashid,IT,Trainee Engineer,2023-24
CSE,Male,3,1,"Technolearn,Pune",Yash Anil Kashid,IT,Trainee Engineer,2023-24
CSE,Male,3.5,1,QSpiders,Yogesh Gurunath Hitnalli,IT,Trainee Engineer,2024-25
CSE,Male,3.6,1,Birlasoft,Yugandhar Ardalkar,IT,Trainee Engineer,2020-21
CSE,Male,3,1,EScan,Omkar Gulamber,IT,Trainee Programmer,2023-24
CSE,Male,3,1,Walstar Technologies Pvt. Ltd,Ranveer Yuvaraj Sankpal,IT,Web Developer,2025-26
CSE,Male,1.2,1,MuchMark BS,Saquib Sajid Aowte,IT,WEB DEVELOPER.,2019-20
CSE,Male,3.5,1,Dialogues Media,Prabuddha Tanaji Sonalkar,IT,Web Development,2024-25
CSE,Male,6,1,Edustation,Adesh Rangnath Mali,Non-IT,BDA,2023-24
CSE,Male,6,1,Edustation,Adinath Bhagwan Mundhe,Non-IT,BDA,2023-24
CSE,Male,6,1,Edustation,Ayush Ajit Deolekar,Non-IT,BDA,2023-24
CSE,Male,6,1,Edustation,Mukund Shivaji Konduskar,Non-IT,BDA,2023-24
CSE,Male,6,1,Edustation,Seron Sachin Sakate,Non-IT,BDA,2023-24
CSE,Male,6,1,Edustation,Sumit Mahadev Dhadam,Non-IT,BDA,2023-24
CSE,Male,8,1,"Edu Versity,Banglore",Aditya Bhanudas Patil,Non-IT,BDE,2025-26
CSE,Male,8,1,"Edu Versity,Banglore",Ajit Sonaba Kasabe,Non-IT,BDE,2025-26
CSE,Male,8,1,"Edu Versity,Banglore",Pratik Hanmant Santi,Non-IT,BDE,2025-26
CSE,Male,8,1,"Edu Versity,Banglore",Vikram Patil,Non-IT,BDE,2025-26
CSE,Male,8,1,"Edu Versity,Banglore",Viraj Vinayak Kesarkar,Non-IT,BDE,2025-26
CSE,Male,5,1,INMOVIDU TECHNOLOGIES,Sahil Jamadar,Non-IT,Businees Development Manager,2020-21
CSE,Male,5,1,INMOVIDU TECHNOLOGIES,Vishvajeet diliprao Mane,Non-IT,Businees Development Manager,2020-21
CSE,Male,5,1,INMOVIDU TECHNOLOGIES,Vishvajeet Shivraj Jadhav,Non-IT,Businees Development Manager,2020-21
CSE,Male,7,1,BYJU's,"
 Jeehan Iqbal Sanglikar",Non-IT,Business Development Associate,2022-23
CSE,Male,6.5,1,Corizo,Abhishek Vithoba Kawale,Non-IT,Business Development Associate,2023-24
CSE,Male,6,1,Unlox Academy,Aman Salim Momin,Non-IT,Business Development Associate,2025-26
CSE,Male,6,1,Unlox Academy,Atharv Sandip Apugade,Non-IT,Business Development Associate,2025-26
CSE,Male,6,1,Unlox Academy,Mahamadkaif Najir Darwajkar,Non-IT,Business Development Associate,2025-26
CSE,Male,6,1,Unlox Academy,Nawazish A Majid Bidiwale,Non-IT,Business Development Associate,2025-26
CSE,Male,7,1,BYJU's,Raj Ravindrakumar Bhore,Non-IT,Business Development Associate,2022-23
CSE,Male,6,1,Unlox Academy,Rohit Niranjan Andani,Non-IT,Business Development Associate,2025-26
CSE,Male,6,1,Unlox Academy,Vikram Patil,Non-IT,Business Development Associate,2025-26
CSE,Male,6,1,Unlox Academy,Vrushabh Shrenik Rukade,Non-IT,Business Development Associate,2025-26
CSE,Male,6.5,1,PlanetSpark, Shubham Vilas Mohod,Non-IT,Business Development Counsellar,2023-24
CSE,Male,7,1,Launched Global ,Aditya Amar Rananaware,Non-IT,Business Development Executive,2025-26
CSE,Male,7,1,Launched Global ,Akash Girish Kurbetti,Non-IT,Business Development Executive,2025-26
CSE,Male,7,1,Launched Global ,Alfaj Mansur Mahabri,Non-IT,Business Development Executive,2025-26
CSE,Male,7,1,Launched Global ,Ankit Chandrakant Bhosale,Non-IT,Business Development Executive,2025-26
CSE,Male,7,1,Launched Global ,Atharv Pravin Babar,Non-IT,Business Development Executive,2025-26
CSE,Male,7,1,Launched Global ,Atharv Sandip Apugade,Non-IT,Business Development Executive,2025-26
CSE,Male,7,1,Launched Global ,Ganesh Ramchandra Byagalli,Non-IT,Business Development Executive,2025-26
CSE,Male,7,1,Launched Global ,Harsh Ramesh Parab,Non-IT,Business Development Executive,2025-26
CSE,Male,7,1,Launched Global ,Mahamadkaif Najir Darwajkar,Non-IT,Business Development Executive,2025-26
CSE,Male,7,1,Launched Global ,Mandar Jayvant Bhaskar,Non-IT,Business Development Executive,2025-26
CSE,Male,7,1,Launched Global ,Nawazish A Majid Bidiwale,Non-IT,Business Development Executive,2025-26
CSE,Male,7,1,Launched Global ,Parshwa Rajendra Dugge,Non-IT,Business Development Executive,2025-26
CSE,Male,7,1,Launched Global ,Pranav Prakash Pattanshetti,Non-IT,Business Development Executive,2025-26
CSE,Male,7,1,Launched Global ,Pratik Ramchandra Patil,Non-IT,Business Development Executive,2025-26
CSE,Male,7,1,Launched Global ,Pulkeet Bipin Sawant,Non-IT,Business Development Executive,2025-26
CSE,Male,7,1,Launched Global ,Raihan Aslam Nulkar,Non-IT,Business Development Executive,2025-26
CSE,Male,7,1,Launched Global ,Rehan Dilawar Kazi,Non-IT,Business Development Executive,2025-26
CSE,Male,7,1,Launched Global ,Rohit Niranjan Andani,Non-IT,Business Development Executive,2025-26
CSE,Male,7,1,Launched Global ,Sajid Magbul Sayyad,Non-IT,Business Development Executive,2025-26
CSE,Male,7,1,Launched Global ,Samarjeet Sanjay Ghatge,Non-IT,Business Development Executive,2025-26
CSE,Male,7,1,Launched Global ,Sarvesh Dattatray Halade,Non-IT,Business Development Executive,2025-26
CSE,Male,7,1,Launched Global ,Saurabh Shrikant Lohar,Non-IT,Business Development Executive,2025-26
CSE,Male,7,1,Launched Global ,Shreevardhan Satish Mandlik,Non-IT,Business Development Executive,2025-26
CSE,Male,7,1,Launched Global ,Tukaram Balaji Tadmadge,Non-IT,Business Development Executive,2025-26
CSE,Male,3.5,1,Planet Spark,Karansinh Jadhav,Non-IT,Business Development Trainee,2025-26
CSE,Male,3.5,1,Planet Spark,Mahamadkaif Najir Darwajkar,Non-IT,Business Development Trainee,2025-26
CSE,Male,3,2,MentorBoxx,Arbaj Mangaonkar,Non-IT,Community Influncer,2021-22
CSE,Male,3,2,MentorBoxx,Jeet Aryan,Non-IT,Community Influncer,2021-22
CSE,Male,3,2,MentorBoxx,Nayan Yadwad,Non-IT,Community Influncer,2021-22
CSE,Male,3,2,MentorBoxx,Rutvika Shinde,Non-IT,Community Influncer,2021-22
CSE,Male,3,2,MentorBoxx,Shadab Solapure,Non-IT,Community Influncer,2021-22
CSE,Male,3,2,MentorBoxx,Shahid Mujawar,Non-IT,Community Influncer,2021-22
CSE,Male,3,2,MentorBoxx,Shantanu Ghule,Non-IT,Community Influncer,2021-22
CSE,Male,3,2,MentorBoxx,Shoib Mulla,Non-IT,Community Influncer,2021-22
CSE,Male,3,2,MentorBoxx,Subhash Chavan,Non-IT,Community Influncer,2021-22
CSE,Male,3,2,MentorBoxx,Utkarsha Vadgaonkar,Non-IT,Community Influncer,2021-22
CSE,Male,3,2,MentorBoxx,Vinay Buwa,Non-IT,Community Influncer,2021-22
CSE,Male,3,2,MentorBoxx,Vishwajeet V Jadhav,Non-IT,Community Influncer,2021-22
CSE,Male,3.5,1,Doubtnut,Mohammad Taral,Non-IT,CONTENT DEVELOPER,2020-21
CSE,Male,3.5,1,Doubtnut,Tanmay C. Yadav,Non-IT,CONTENT DEVELOPER,2020-21
CSE,Male,2.5,1,Hi5Ai,Nawazish A Majid Bidiwale,Non-IT,GET,2025-26
CSE,Male,9.2,1,GlowLogics Solutions Pvt Ltd,Prithviraj Sunil Gurav,Non-IT,Inside Sales Executive,2025-26
CSE,Male,11.2,1,GlowLogics Solutions Pvt Ltd,Ruturaj Sambhaji Patil,Non-IT,Inside Sales Executive,2025-26
CSE,Male,16.2,1,GlowLogics Solutions Pvt Ltd,Suresh Irapanna Halkude,Non-IT,Inside Sales Executive,2025-26
CSE,Male,18.2,1,GlowLogics Solutions Pvt Ltd,Yash Kishor Sutar,Non-IT,Inside Sales Executive,2025-26
CSE,Male,4.5,2,Square Yards,Akshay S Baleshgol,Non-IT,Management Trainee,2021-22
CSE,Male,4.5,2,Square Yards,Jeet Aryan,Non-IT,Management Trainee,2021-22
CSE,Male,4.5,2,Square Yards,Nikhil N Mudhale,Non-IT,Management Trainee,2021-22
CSE,Male,4.5,2,Square Yards,Yash Vijay Phagare,Non-IT,Management Trainee,2021-22
CSE,Male,1.8,2,AdMyBrand,Aditya Sutar,Non-IT,Social Media Marketing,2021-22
CSE,Male,3.5,1,Chegg India,Abhishek Mujumdar,Non-IT,Subject Matter Expert,2020-21
CSE,Male,3,1,Chegg India,Adarsh Sunil Singh,Non-IT,Subject Matter Expert,2022-23
CSE,Male,3,1,Chegg India,Aditya Satish Bagadi,Non-IT,Subject Matter Expert,2022-23
CSE,Male,3,1,Chegg India,Aishwarya Shantinath Kamat,Non-IT,Subject Matter Expert,2022-23
CSE,Male,3,1,Chegg India,Akash Prakash Murchite,Non-IT,Subject Matter Expert,2022-23
CSE,Male,3,1,Chegg India,Ashish Ashok Sangar,Non-IT,Subject Matter Expert,2022-23
CSE,Male,3,1,Chegg India,Ashutosh Nagesh Konewadkar,Non-IT,Subject Matter Expert,2022-23
CSE,Male,3.5,1,Chegg India,Bhanudas Kulkarni,Non-IT,Subject Matter Expert,2020-21
CSE,Male,3,1,Chegg India,Durgesh Yuwraj Patil,Non-IT,Subject Matter Expert,2022-23
CSE,Male,3,1,Chegg India,Guruprasad Prabhakar Desai,Non-IT,Subject Matter Expert,2022-23
CSE,Male,3,2,Chegg India,Hrishikesh Tukaram Patil,Non-IT,Subject Matter Expert,2022-23
CSE,Male,3,1,Chegg India,Jeehan Iqbal Sanglikar,Non-IT,Subject Matter Expert,2022-23
CSE,Male,3.5,1,Chegg India,Mohammedaquib Taral,Non-IT,Subject Matter Expert,2020-21
CSE,Male,3,1,Chegg India,Nikhil Murlidhar Sutar,Non-IT,Subject Matter Expert,2022-23
CSE,Male,3,1,Chegg India,Nilesh Dattatray Salokhe,Non-IT,Subject Matter Expert,2022-23
CSE,Male,3.5,1,Chegg India,Om Vaswani,Non-IT,Subject Matter Expert,2020-21
CSE,Male,3.5,1,Chegg India,Omkar Chavan,Non-IT,Subject Matter Expert,2020-21
CSE,Male,3,1,Chegg India,Omkar Jeevan Kotamire,Non-IT,Subject Matter Expert,2022-23
CSE,Male,3,1,Chegg India,Onkar Balvant Kumbhar,Non-IT,Subject Matter Expert,2022-23
CSE,Male,3,1,Chegg India,Pranav Chandrakant Mane,Non-IT,Subject Matter Expert,2022-23
CSE,Male,3,1,Chegg India,Pranav Uday Pise,Non-IT,Subject Matter Expert,2022-23
CSE,Male,3,1,Chegg India,Prathamesh Sanjay Patil,Non-IT,Subject Matter Expert,2022-23
CSE,Male,3,1,Chegg India,Prathamesh Santosh Mahadik,Non-IT,Subject Matter Expert,2022-23
CSE,Male,3,1,Chegg India,Raj Ravindrakumar Bhore,Non-IT,Subject Matter Expert,2022-23
CSE,Male,3,1,Chegg India,Ratnadeep Krushna Kamble,Non-IT,Subject Matter Expert,2022-23
CSE,Male,3,1,Chegg India,Ravindra Govardhan Thorat,Non-IT,Subject Matter Expert,2022-23
CSE,Male,3,1,Chegg India,Rohit Rajaram Mohite,Non-IT,Subject Matter Expert,2022-23
CSE,Male,3,1,Chegg India,Rushikesh Shivaji Khavare,Non-IT,Subject Matter Expert,2022-23
CSE,Male,3.5,1,Chegg India,Sahil Jamadar,Non-IT,Subject Matter Expert,2020-21
CSE,Male,3,1,Chegg India,Sanket Ravindra Mane,Non-IT,Subject Matter Expert,2022-23
CSE,Male,3,1,Chegg India,Sanket Sakharam Patil,Non-IT,Subject Matter Expert,2022-23
CSE,Male,3,1,Chegg India,Saurabh Shrikant Sonalakar,Non-IT,Subject Matter Expert,2022-23
CSE,Male,3,1,Chegg India,Shivam Amrutrao Katale,Non-IT,Subject Matter Expert,2022-23
CSE,Male,3,1,Chegg India,Shivanand Subhash Talewadikar,Non-IT,Subject Matter Expert,2022-23
CSE,Male,3,1,Chegg India,Shreyash Balasaheb Chavan,Non-IT,Subject Matter Expert,2022-23
CSE,Male,3,1,Chegg India,Shubham Balkrishna Bhosale,Non-IT,Subject Matter Expert,2022-23
CSE,Male,3,1,Chegg India,Sohail Nazir Shaikh,Non-IT,Subject Matter Expert,2022-23
CSE,Male,3,1,Chegg India,Soham Ramchandra Walke,Non-IT,Subject Matter Expert,2022-23
CSE,Male,3.5,1,Chegg India,Sourav Kore,Non-IT,Subject Matter Expert,2020-21
CSE,Male,3,2,Chegg India,Stalin Sandip Tondale,Non-IT,Subject Matter Expert,2022-23
CSE,Male,3,1,Chegg India,Sudarshan Ishwar Doke,Non-IT,Subject Matter Expert,2022-23
CSE,Male,3,1,Chegg India,Susham Dhanaji Jagdale,Non-IT,Subject Matter Expert,2022-23
CSE,Male,3,1,Chegg India,Swajeet Dattatray Dharmadhikari,Non-IT,Subject Matter Expert,2022-23
CSE,Male,3,1,Chegg India,Swapnil Jitendra Khambayat,Non-IT,Subject Matter Expert,2022-23
CSE,Male,3,1,Chegg India,Tejas Mahadev Hogade,Non-IT,Subject Matter Expert,2022-23
CSE,Male,3,1,Chegg India,Vaibhav Vilas Nagane,Non-IT,Subject Matter Expert,2022-23
CSE,Male,3,1,Chegg India,Vishal Dattatray Pakhare,Non-IT,Subject Matter Expert,2022-23
CSE,Male,3,1,Chegg India,Vishal Tanaji Gavasekar,Non-IT,Subject Matter Expert,2022-23
CSE,Male,3,1,Chegg India,Yash Ramprasad Dahake,Non-IT,Subject Matter Expert,2022-23
CSE,Male,6.5,1,Corizo Edutech,Aditya Sanjay Chavan,Non-IT,Trainee Engineer,2024-25
CSE,Male,6.5,1,Corizo Edutech,Aqib Shakil Naikwade,Non-IT,Trainee Engineer,2024-25
Data Science,Female,2.5,1,Walstar Techologies,Revati Rajaram Nimbalkar,Intern,Python,2025-26
Data Science,Female,3.5,1,Amazon India,Annie Anil Varhale,IT,CUSTOMER SERVICE ASSOCIATE,2023-24
Data Science,Female,2.5,1,Qualitykiosk Technologies Pvt Ltd,Vaishnavi Babasaheb Jadhav,IT,Functional Engineer,2024-25
Data Science,Female,6,1,CtrlS,Sakshi Sunil Jarali,IT,GET,2023-24
Data Science,Female,3.38,1,TCS,Sakshi Sunil Jarali,IT,Ninja,2023-24
Data Science,Female,3.25,1,Tech Mahindra,Kalyani Prasad Nakate,IT,Project Engineer,2023-24
Data Science,Female,3.25,1,Tech Mahindra,Sanket Appaso Patil,IT,Project Engineer,2023-24
Data Science,Female,4,1,ExcelR,Manasvi Harihar Mude,IT,QA Engineer,2024-25
Data Science,Female,4,1,Hexaware Technologies Pvt. Ltd.,ANKITA CHANDRAKANT MHAISHALKAR,IT,Software Engineer,2024-25
Data Science,Female,4.83,1,EY GDS,Ruchita Vijay Desai,IT,Software Engineer,2024-25
Data Science,Female,4,1,Hexaware Technologies Pvt. Ltd.,Sania Shafique Alam,IT,Software Engineer,2024-25
Data Science,Female,8.5,1,Hewlett Packard (HP),Sanika Satappa Patil,IT,Software Engineer,2025-26
Data Science,Female,3.35,1,Tata Consultancy Services,Sayali Yewale,IT,Software Engineer,2024-25
Data Science,Female,4.2,1,Infosys,Sharwari Shivraj Farakate,IT,Software Engineer,2024-25
Data Science,Female,4.2,1,Infosys,Shreya Ramchandra Jadhav,IT,Software Engineer,2024-25
Data Science,Female,4,1,Hexaware Technologies Pvt. Ltd.,Shruti Rajesh Waychal,IT,Software Engineer,2024-25
Data Science,Female,4,1,Hexaware Technologies Pvt. Ltd.,Shruti Sangram Amate,IT,Software Engineer,2024-25
Data Science,Female,4,1,Hexaware Technologies Pvt. Ltd.,Shubha Muralidhar Desai,IT,Software Engineer,2024-25
Data Science,Female,3.35,1,Tata Consultancy Services,Shubha Muralidhar Desai,IT,Software Engineer,2024-25
Data Science,Female,4.83,1,EY GDS,Simeen Yunuskhan Pathan,IT,Software Engineer,2024-25
Data Science,Female,8.5,1,Hewlett Packard (HP),Tanishka Amarsinha Powar,IT,Software Engineer,2025-26
Data Science,Female,4.2,1,Infosys,Utkarsha Anil Chougule,IT,Software Engineer,2024-25
Data Science,Female,3,1,"Ekam Invento,Pune",Anuradha Bhagavan Powar,IT,Software Engineer Trainee,2025-26
Data Science,Female,2.5,1,ApMoSys Technologies Pvt. Ltd.,Apoorva Santosh Chavan,IT,Software Engineer Trainee,2024-25
Data Science,Female,2.5,1,"Greamio Technolgies, Pune",Purva Vijaykumar Bramhadande,IT,Software Engineer Trainee,2025-26
Data Science,Female,2.5,1,ApMoSys Technologies Pvt. Ltd.,Sneha Anil Jagmalani,IT,Software Engineer Trainee,2024-25
Data Science,Female,2.5,1,ApMoSys Technologies Pvt. Ltd.,Srushti Yuvaraj Patil,IT,Software Engineer Trainee,2024-25
Data Science,Female,3,1,Chegg India,Annie Anil Varhale,IT,Subject Matter Expert,2023-24
Data Science,Female,3,1,Chegg India,Shreya Popat Kamble,IT,Subject Matter Expert,2023-24
Data Science,Female,3.6,1,Infosys,Anushka Patil,IT,System Engineer,2025-26
Data Science,Female,3,1,DevAngles Software Pvt Ltd., Jyoti Shahaji Chougale,IT,Trainee Engineer,2023-24
Data Science,Female,3,1,Qspider, Jyoti Shahaji Chougale,IT,Trainee Engineer,2023-24
Data Science,Female,3.6,1,Sahas Labs,Aditi Rajratan Kudache,IT,Trainee Engineer,2024-25
Data Science,Female,3.5,1,QSpiders,ANKITA CHANDRAKANT MHAISHALKAR,IT,Trainee Engineer,2024-25
Data Science,Female,3.5,1,QSpiders,Anuja Krishna Salunke,IT,Trainee Engineer,2024-25
Data Science,Female,3.5,1,Global Quest Technologies,Apoorva Santosh Chavan,IT,Trainee Engineer,2024-25
Data Science,Female,3,1,Qspider,Kalyani Prasad Nakate,IT,Trainee Engineer,2023-24
Data Science,Female,3,1,Qspider,Mahek Rafik Desai,IT,Trainee Engineer,2023-24
Data Science,Female,4,1,Pentagon,Manasvi Harihar Mude,IT,Trainee Engineer,2024-25
Data Science,Female,3,1,Qspider,Nikita Nitin Randive,IT,Trainee Engineer,2023-24
Data Science,Female,,1,Enzigma Solutions,Om C. Nimbalkar,IT,Trainee Engineer,2024-25
Data Science,Female,,1,Resilient Lab,Pratiksha A. Rajigare,IT,Trainee Engineer,2024-25
Data Science,Female,3.5,1,Global Quest Technologies,Sania Shafique Alam,IT,Trainee Engineer,2024-25
Data Science,Female,3.5,1,"TCognition,Kolhapur",Shreya Shivaji Waghamode,IT,Trainee Engineer,2024-25
Data Science,Female,3.5,1,Global Quest Technologies,Shubha Muralidhar Desai,IT,Trainee Engineer,2024-25
Data Science,Female,3.5,1,Global Quest Technologies,Siddhi Vijay Kamble,IT,Trainee Engineer,2024-25
Data Science,Female,3.5,1,Global Quest Technologies,Sneha Anil Jagmalani,IT,Trainee Engineer,2024-25
Data Science,Female,,1,"Biyani Tech, Kolhapur",Tanisha S. Madane,IT,Trainee Engineer,2024-25
Data Science,Female,3,1,Qspider,Vaishnavi Ashok Morti,IT,Trainee Engineer,2023-24
Data Science,Female,3.5,1,Numetry Technologies,Vaishnavi Babasaheb Jadhav,IT,Trainee Engineer,2024-25
Data Science,Female,3.5,1,QSpiders,Vaishnavi Babasaheb Jadhav,IT,Trainee Engineer,2024-25
Data Science,Female,,1,"Biyani Tech, Kolhapur",Vaishnavi P. Panwal,IT,Trainee Engineer,2024-25
Data Science,Female,8,1,"Edu Versity,Banglore",Anjali Urunkar,Non-IT,BDE,2025-26
Data Science,Female,8,1,"Edu Versity,Banglore",Revati Rajaram Nimbalkar,Non-IT,BDE,2025-26
Data Science,Female,6,1,Unlox Academy,Anuradha Bhagavan Powar,Non-IT,Business Development Associate,2025-26
Data Science,Female,6,1,Unlox Academy,Divya Sandeep Patil,Non-IT,Business Development Associate,2025-26
Data Science,Female,6,1,Unlox Academy,Parthvi Rahul Gadekar,Non-IT,Business Development Associate,2025-26
Data Science,Female,6,1,Unlox Academy,Samiksha Sadashiv Mane,Non-IT,Business Development Associate,2025-26
Data Science,Female,6,1,Unlox Academy,Sanika Satappa Patil,Non-IT,Business Development Associate,2025-26
Data Science,Female,6,1,Unlox Academy,Saniya Eknath Gurav,Non-IT,Business Development Associate,2025-26
Data Science,Female,6.5,1,PlanetSpark, Kshitija Vinod Patil,Non-IT,Business Development Counsellar,2023-24
Data Science,Female,7,1,Launched Global ,Aaryaa Rajesh Khandwani,Non-IT,Business Development Executive,2025-26
Data Science,Female,7,1,Launched Global ,Aiman Ameer Mulla,Non-IT,Business Development Executive,2025-26
Data Science,Female,7,1,Launched Global ,Alfiya Aslam Mulla,Non-IT,Business Development Executive,2025-26
Data Science,Female,7,1,Launched Global ,Anjali Urunkar,Non-IT,Business Development Executive,2025-26
Data Science,Female,7,1,Launched Global ,Anuradha Bhagavan Powar,Non-IT,Business Development Executive,2025-26
Data Science,Female,7,1,Launched Global ,Anushka Patil,Non-IT,Business Development Executive,2025-26
Data Science,Female,7,1,Launched Global ,Dnyanda Prashant Sarnobat,Non-IT,Business Development Executive,2025-26
Data Science,Female,7,1,Launched Global ,Sakshi Santosh Rathod,Non-IT,Business Development Executive,2025-26
Data Science,Female,7,1,Launched Global ,Supriya Kisan Jadhav,Non-IT,Business Development Executive,2025-26
Data Science,Female,7,1,Launched Global ,Triveni Surendra Kumar Madhale,Non-IT,Business Development Executive,2025-26
Data Science,Female,7,1,Launched Global ,Veena Mahadev Patil,Non-IT,Business Development Executive,2025-26
Data Science,Female,3.5,1,Planet Spark,Pranav Anil Bhosale,Non-IT,Business Development Trainee,2025-26
Data Science,Female,2.5,1,Hi5Ai,Purva Vijaykumar Bramhadande,Non-IT,GET,2025-26
Data Science,Female,2.5,1,Hi5Ai,Revati Rajaram Nimbalkar,Non-IT,GET,2025-26
Data Science,Female,3,1,Value Diaglogues Media,Sanika Madhukar Lohar,Non-IT,GET,2024-25
Data Science,Female,12.2,1,GlowLogics Solutions Pvt Ltd,Samruddhi Shankar Desai,Non-IT,Inside Sales Executive,2025-26
Data Science,Female,15.2,1,GlowLogics Solutions Pvt Ltd,Shweta Vijay Chougale,Non-IT,Inside Sales Executive,2025-26
Data Science,Female,3,1,"Numetry Technologies, Pune",Annie Anil Varhale,Non-IT,Market Research,2023-24
Data Science,Male,2.5,1,Walstar Techologies,Harshvardhan Santosh Khamkar,Intern,Python,2025-26
Data Science,Male,2.5,1,Walstar Techologies,Indrajit Sanjay Bandgar,Intern,Python,2025-26
Data Science,Male,2.5,1,Walstar Techologies,Pruthviraj Tanaji Patil,Intern,Python,2025-26
Data Science,Male,4,1,TestYantra Software Solutions,Nilesh Anil Bhat,Intern,Software Engineer Trainee,2025-26
Data Science,Male,4,1,TestYantra Software Solutions,Pranav Anil Bhosale,Intern,Software Engineer Trainee,2025-26
Data Science,Male,3.5,1,ExcelR,Veena Mahadev Patil,IT,Full Stack,2025-26
Data Science,Male,4,1,Hexaware,Abhishek Baburao Jadhav,IT,GET,2023-24
Data Science,Male,4,1,Hexaware,Mahantesh Malgonda Patil,IT,GET,2023-24
Data Science,Male,3.5,1,TechMahindra,Mahantesh Malgonda Patil,IT,GET,2023-24
Data Science,Male,3.5,1,TechMahindra,Revan Mahesh Gaikwad,IT,GET,2023-24
Data Science,Male,3.5,1,TechMahindra,Sarvesh Vijay Patravale,IT,GET,2023-24
Data Science,Male,3.38,1,TCS,Abhishek Baburao Jadhav,IT,Ninja,2023-24
Data Science,Male,3.38,1,TCS,Arinjay Sandeep Patil,IT,Ninja,2023-24
Data Science,Male,3.38,1,TCS,Sajid Imran Naikwadi,IT,Ninja,2023-24
Data Science,Male,3.38,1,TCS,Sarvesh Vijay Patravale,IT,Ninja,2023-24
Data Science,Male,3.25,1,Tech Mahindra,Darshan Suresh Deokar,IT,Project Engineer,2023-24
Data Science,Male,3.25,1,Tech Mahindra,Deon Chris Fernandes,IT,Project Engineer,2023-24
Data Science,Male,3.25,1,Tech Mahindra,Pritish Sharad Hingangave,IT,Project Engineer,2023-24
Data Science,Male,3.25,1,Tech Mahindra,Shahid Navaj Jamadar,IT,Project Engineer,2023-24
Data Science,Male,3.25,1,TechMahindra,Dhananjay Ramrao Ambatwar,IT,Project Trainee,2024-25
Data Science,Male,4,1,ExcelR,Avinash Dhule,IT,QA Engineer,2024-25
Data Science,Male,4,1,ExcelR,Omkar Gotkhinde,IT,QA Engineer,2024-25
Data Science,Male,4,1,Hexaware Technologies Pvt. Ltd.,Aditya Dinesh Sarate,IT,Software Engineer,2024-25
Data Science,Male,4,1,Hexaware Technologies Pvt. Ltd.,Afif Sharif Sayyad,IT,Software Engineer,2024-25
Data Science,Male,4,1,EXCELR Solutions,Akash Sambhaji Kashid,IT,Software Engineer,2023-24
Data Science,Male,4,1,EXCELR Solutions,Amey Yashwant Vanire,IT,Software Engineer,2023-24
Data Science,Male,4,1,Hexaware Technologies Pvt. Ltd.,Ashish Pramod Kadam,IT,Software Engineer,2024-25
Data Science,Male,4,1,EXCELR Solutions,Asim Anees Attar,IT,Software Engineer,2023-24
Data Science,Male,4,1,EXCELR Solutions,Atharva Girish Mahakalkar,IT,Software Engineer,2023-24
Data Science,Male,4,1,Hexaware Technologies Pvt. Ltd.,Atharva Pratap Padawale,IT,Software Engineer,2024-25
Data Science,Male,4,1,Hexaware Technologies Pvt. Ltd.,Ayush Vinod Sharma,IT,Software Engineer,2024-25
Data Science,Male,4,1,Hexaware Technologies Pvt. Ltd.,Farhan mahebub mulla,IT,Software Engineer,2024-25
Data Science,Male,4,1,Hexaware Technologies Pvt. Ltd.,Kaustubh Nitin Patil,IT,Software Engineer,2024-25
Data Science,Male,3.5,1,Softenger,Kushal Rajendra Tilke,IT,Software Engineer,2024-25
Data Science,Male,4,1,Hexaware Technologies Pvt. Ltd.,Mukund Suresh Sutar,IT,Software Engineer,2024-25
Data Science,Male,3.35,1,TCS,Om Chetan Nimbalkar,IT,Software Engineer,2024-25
Data Science,Male,3.5,1,Softenger,Prasad Prakash Jadhav,IT,Software Engineer,2024-25
Data Science,Male,4,1,EXCELR Solutions,Rushikesh Dhondiram Dhure,IT,Software Engineer,2023-24
Data Science,Male,3.35,1,Tata Consultancy Services,Saiprasad Patil,IT,Software Engineer,2024-25
Data Science,Male,4,1,EXCELR Solutions,Sanket Appaso Patil,IT,Software Engineer,2023-24
Data Science,Male,2.5,1,The Root And Craft,Sarthak Chougale,IT,Software Engineer,2025-26
Data Science,Male,4,1,Hexaware Technologies Pvt. Ltd.,Sarvesh Rajiv Mudgal,IT,Software Engineer,2024-25
Data Science,Male,4,1,Hexaware Technologies Pvt. Ltd.,Satej Santosh Kulkarni,IT,Software Engineer,2024-25
Data Science,Male,4,1,Hexaware Technologies Pvt. Ltd.,Saurabh Sambhaji Kamble,IT,Software Engineer,2024-25
Data Science,Male,4,1,Hexaware Technologies Pvt. Ltd.,Sumit Sanjay Jadhav,IT,Software Engineer,2024-25
Data Science,Male,3.5,1,Softenger,Tushar Pravin Patil,IT,Software Engineer,2024-25
Data Science,Male,10.36,1,Guangdong Lontian Smart Instrument Co. Ltd,Yash Shah,IT,Software Engineer,2023-24
Data Science,Male,4,1,EXCELR Solutions,Yash Shital Shaha,IT,Software Engineer,2023-24
Data Science,Male,2.5,1,ApMoSys Techologies,Aakash Raju Mohole,IT,Software Engineer Trainee,2025-26
Data Science,Male,6,1,ApMoSys Technologies Pvt. Ltd.,Aryan Shahaji Tapase,IT,Software Engineer Trainee,2024-25
Data Science,Male,4,1,ApMoSys Technologies Pvt. Ltd.,Kedar Sudhir Jasud,IT,Software Engineer Trainee,2024-25
Data Science,Male,2.5,1,ApMoSys Technologies Pvt. Ltd.,Prasad Prakash Jadhav,IT,Software Engineer Trainee,2024-25
Data Science,Male,2.5,1,ApMoSys Techologies,Pratham Prakash Desai,IT,Software Engineer Trainee,2025-26
Data Science,Male,2.5,1,"Greamio Technolgies, Pune",Pratham Prakash Desai,IT,Software Engineer Trainee,2025-26
Data Science,Male,5.57,1,Fox Solutions, Arihant Mohan Chivate,IT,Special Engineer,2023-24
Data Science,Male,3,1,Chegg India,Akash Sambhaji Kashid,IT,Subject Matter Expert,2023-24
Data Science,Male,3,1,Chegg India,Arihant Mohan Chivate,IT,Subject Matter Expert,2023-24
Data Science,Male,3,1,Chegg India,Asim Anees Attar,IT,Subject Matter Expert,2023-24
Data Science,Male,3,1,Chegg India,Atharv Jagdish Katkar,IT,Subject Matter Expert,2023-24
Data Science,Male,3,1,Chegg India,Atharva Girish Mahakalkar,IT,Subject Matter Expert,2023-24
Data Science,Male,3,1,Chegg India,Hrishikesh Mahesh Patekar,IT,Subject Matter Expert,2023-24
Data Science,Male,3,1,Chegg India,Rajvardhan Shivkumar Padawale,IT,Subject Matter Expert,2023-24
Data Science,Male,3,1,Chegg India,Rushikesh Dhondiram Dhure,IT,Subject Matter Expert,2023-24
Data Science,Male,3,1,Chegg India,Sanket Appaso Patil,IT,Subject Matter Expert,2023-24
Data Science,Male,3,1,Chegg India,Shahid Navaj Jamadar,IT,Subject Matter Expert,2023-24
Data Science,Male,3,1,Chegg India,Soham Kiran Kamble,IT,Subject Matter Expert,2023-24
Data Science,Male,3,1,Chegg India,Yash Shital Shaha,IT,Subject Matter Expert,2023-24
Data Science,Male,3.5,1,QSpiders,Abhijeet Udaysing Patil,IT,Trainee Engineer,2024-25
Data Science,Male,,1,"List Software Pvt.Ltd, Sangli",Abhishek A. Narvekar,IT,Trainee Engineer,2024-25
Data Science,Male,3,1,Qspider,Aditya Rajendra Mane,IT,Trainee Engineer,2023-24
Data Science,Male,3.5,1,QSpiders,Afif Sharif Sayyad,IT,Trainee Engineer,2024-25
Data Science,Male,3,1,Qspider,Akash Sambhaji Kashid,IT,Trainee Engineer,2023-24
Data Science,Male,,1,Trust engage,Akhilesh S. Damake,IT,Trainee Engineer,2024-25
Data Science,Male,4,1,Dynalize Technologies,Amar G. Parab,IT,Trainee Engineer,2024-25
Data Science,Male,3.5,1,Global Quest Technologies,Amey Uday Yarnalkar,IT,Trainee Engineer,2024-25
Data Science,Male,3.5,1,QSpiders,Amol Sunil Sutar,IT,Trainee Engineer,2024-25
Data Science,Male,3.5,1,QSpiders,Anurag Neeraj Dhere,IT,Trainee Engineer,2024-25
Data Science,Male,3.5,1,Johnson Controls,"Arhan W, Attar",IT,Trainee Engineer,2024-25
Data Science,Male,,1,"Biyani Tech, Kolhapur",Atharv U. Gangane,IT,Trainee Engineer,2024-25
Data Science,Male,4,1,Cyber Success,Atharva Girish Mahakalkar,IT,Trainee Engineer,2023-24
Data Science,Male,3,1,Qspider,Darshan Suresh Deokar,IT,Trainee Engineer,2023-24
Data Science,Male,3.5,1,Numetry Technologies,Farah Riyaj Subhedar,IT,Trainee Engineer,2024-25
Data Science,Male,3.5,1,QSpiders,Kedar Sudhir Jasud,IT,Trainee Engineer,2024-25
Data Science,Male,3.5,1,QSpiders,Kushal Rajendra Tilke,IT,Trainee Engineer,2024-25
Data Science,Male,3,1,Kiran Academy,Omkar Surve,IT,Trainee Engineer,2023-24
Data Science,Male,3.5,1,"TCognition,Kolhapur",Pranav Chandrakant Jangam,IT,Trainee Engineer,2024-25
Data Science,Male,3.5,1,Cyber Success,Pranav Vilas Parit,IT,Trainee Engineer,2025-26
Data Science,Male,3,1,"Altus Health Tech, Mumbai",Rajvardhan Shivkumar Padawale,IT,Trainee Engineer,2023-24
Data Science,Male,3.5,1,QSpiders,Raviraj Sunil Lavhate,IT,Trainee Engineer,2024-25
Data Science,Male,,1,BenchMark IT Solutions,Revati R. Salokhe,IT,Trainee Engineer,2024-25
Data Science,Male,,1,Tata Motors,Rutuja M. Mali,IT,Trainee Engineer,2024-25
Data Science,Male,3,1,Walstar Technologies Pvt. Ltd,Sadaf Abdulrazak Hukkeri,IT,Trainee Engineer,2025-26
Data Science,Male,3.5,1,Global Quest Technologies,Sarvesh Rajiv Mudgal,IT,Trainee Engineer,2024-25
Data Science,Male,3.5,1,Global Quest Technologies,Satej Santosh Kulkarni,IT,Trainee Engineer,2024-25
Data Science,Male,3.5,1,QSpiders,Saurabh Sambhaji Kamble,IT,Trainee Engineer,2024-25
Data Science,Male,3,1,Walstar Technologies Pvt. Ltd,Shreyash Ravindra Shetty,IT,Trainee Engineer,2025-26
Data Science,Male,3.6,1,Sahas Labs,Sumit Sunil Rukadikar,IT,Trainee Engineer,2024-25
Data Science,Male,3.5,1,Global Quest Technologies,Swastik Machhindranath Gavhane,IT,Trainee Engineer,2024-25
Data Science,Male,3,1,DevAngles Software Pvt Ltd.,Vaibhav Rajaram Pawar,IT,Trainee Engineer,2023-24
Data Science,Male,3,1,Walstar Technologies Pvt. Ltd,Vinayak Dilip Vathare,IT,Trainee Engineer,2025-26
Data Science,Male,3.5,1,QSpiders,Vishal Shripad Takale,IT,Trainee Engineer,2024-25
Data Science,Male,3,1,Qspider,Vishweshwar P. Khasge,IT,Trainee Engineer,2023-24
Data Science,Male,3.5,1,Numetry Technologies,Yash Shashank Sawant,IT,Trainee Engineer,2024-25
Data Science,Male,4.6,1,EY GDS, Aditya Rajendra Mane,IT,Trainee Programmer,2023-24
Data Science,Male,3,1,Walstar Technologies Pvt. Ltd,Aakash Raju Mohole,IT,Web Developer,2025-26
Data Science,Male,6,1,Edustation,Atharva Girish Mahakalkar,Non-IT,BDA,2023-24
Data Science,Male,6,1,Edustation,Rushikesh Dhondiram Dhure,Non-IT,BDA,2023-24
Data Science,Male,8,1,"Edu Versity,Banglore",Krushna Supda Wankhade,Non-IT,BDE,2025-26
Data Science,Male,8,1,"Edu Versity,Banglore",Nilesh Anil Bhat,Non-IT,BDE,2025-26
Data Science,Male,8,1,"Edu Versity,Banglore",Prathamesh Pandurang Gaikwad,Non-IT,BDE,2025-26
Data Science,Male,8,1,"Edu Versity,Banglore",Shivam Dnyanoba Katkade,Non-IT,BDE,2025-26
Data Science,Male,8,1,"Edu Versity,Banglore",Udaysinh Patil,Non-IT,BDE,2025-26
Data Science,Male,6,1,Unlox Academy,Ansh Ravindra Motghare,Non-IT,Business Development Associate,2025-26
Data Science,Male,6,1,Unlox Academy,Pranav Anil Bhosale,Non-IT,Business Development Associate,2025-26
Data Science,Male,6,1,Unlox Academy,Satyajeet Sachin Chougale,Non-IT,Business Development Associate,2025-26
Data Science,Male,6,1,Unlox Academy,Supril Prakash Patil,Non-IT,Business Development Associate,2025-26
Data Science,Male,6,1,Unlox Academy,Swapnil Bharamu Patil,Non-IT,Business Development Associate,2025-26
Data Science,Male,6,1,Unlox Academy,Varad Shailesh Bhise,Non-IT,Business Development Associate,2025-26
Data Science,Male,6.78,1,Jaro Education,Deon Chris Fernandes,Non-IT,Business Development Counsellar,2023-24
Data Science,Male,7,1,Launched Global ,Gaurav Ganesh Apugade,Non-IT,Business Development Executive,2025-26
Data Science,Male,7,1,Launched Global ,Harshad Santosh Mane,Non-IT,Business Development Executive,2025-26
Data Science,Male,7,1,Launched Global ,Ishan Nitin Gaikwad,Non-IT,Business Development Executive,2025-26
Data Science,Male,7,1,Launched Global ,Nilesh Anil Bhat,Non-IT,Business Development Executive,2025-26
Data Science,Male,7,1,Launched Global ,Parth Mahesh Jamsandekar,Non-IT,Business Development Executive,2025-26
Data Science,Male,7,1,Launched Global ,Pranav Anil Bhosale,Non-IT,Business Development Executive,2025-26
Data Science,Male,7,1,Launched Global ,Pruthviraj Tanaji Patil,Non-IT,Business Development Executive,2025-26
Data Science,Male,7,1,Launched Global ,Ritesh Uday Koli,Non-IT,Business Development Executive,2025-26
Data Science,Male,7,1,Launched Global ,Rushikesh Mahesh Hirphode,Non-IT,Business Development Executive,2025-26
Data Science,Male,7,1,Launched Global ,Sharad Dattatray Patil,Non-IT,Business Development Executive,2025-26
Data Science,Male,7,1,Launched Global ,Shivam Dnyanoba Katkade,Non-IT,Business Development Executive,2025-26
Data Science,Male,7,1,Launched Global ,Swapnil Bharamu Patil,Non-IT,Business Development Executive,2025-26
Data Science,Male,7,1,Launched Global ,Swapnil Sunil Patil,Non-IT,Business Development Executive,2025-26
Data Science,Male,7,1,Launched Global ,Yashraj Kuber Mithari,Non-IT,Business Development Executive,2025-26
Data Science,Male,3.5,1,Corizo Edutech,Varad Shailesh Bhise,Non-IT,Business Operations Intern,2025-26
Data Science,Male,10.2,1,GlowLogics Solutions Pvt Ltd,Rajvardhan Prakash Suryavanshi,Non-IT,Inside Sales Executive,2025-26
Data Science,Male,13.2,1,GlowLogics Solutions Pvt Ltd,Sanket Sanjay Ravan,Non-IT,Inside Sales Executive,2025-26
Data Science,Male,3,1,BVG Group,Akash Sambhaji Kashid,Non-IT,Management Trainee,2023-24
Data Science,Male,6.5,1,Corizo Edutech,Omkar Krishna Rao,Non-IT,Trainee Engineer,2024-25
E&TC,Female,5.5,2,SKOLER,Samita Sunil Matade,Intern,Business Development Trainee,2021-22
E&TC,Female,3.36,2,Tata Consultancy Services,Shreya Vijay Patil,IT,Assistant System Engineer-Trainee,2021-22
E&TC,Female,3.36,2,Tata Consultancy Services,Sonam Ishwar Patil,IT,Assistant System Engineer-Trainee,2021-22
E&TC,Female,10,2,Ugam Solutions,Divya Baban Shetti,IT,Associate Analyst,2021-22
E&TC,Female,10,2,Ugam Solutions,Rajlaxmi Rajendrakumar Desai,IT,Associate Analyst,2021-22
E&TC,Female,4.5,2,Virtusa,Divya Baban Shetti,IT,Associate Engineer – Technology,2021-22
E&TC,Female,4.2,1,DXC Technology,Aishwarya Jitendra Zad,IT,Associate Professional,2022-23
E&TC,Female,4.2,1,DXC Technology,Arati Yashwant Shinde,IT,Associate Professional,2022-23
E&TC,Female,4.2,1,DXC Technology,Bhakti Ratnesh Patil,IT,Associate Professional,2022-23
E&TC,Female,4.2,1,DXC Technology,Juhi Arun Dharwade,IT,Associate Professional,2022-23
E&TC,Female,4,2,DXC Technology,Namrata Rajendra Karmalkar,IT,Associate Professional,2021-22
E&TC,Female,4.2,1,DXC Technology,Rhugveda Vinay More,IT,Associate Professional,2022-23
E&TC,Female,4.2,1,DXC Technology,Riya Rajendra Jadhav,IT,Associate Professional,2022-23
E&TC,Female,4.2,1,DXC Technology,RUTUJA DHANAJIRAO DESAI,IT,Associate Professional,2022-23
E&TC,Female,4.2,1,DXC Technology,Sakshee Rajesh Chavhaan,IT,Associate Professional,2022-23
E&TC,Female,4,2,DXC Technology,Sakshi Deepak Pawar,IT,Associate Professional,2021-22
E&TC,Female,4,2,DXC Technology,Shruti Sachin Undale,IT,Associate Professional,2021-22
E&TC,Female,4.2,1,DXC Technology,Siddhi Daulat Patil,IT,Associate Professional,2022-23
E&TC,Female,6.6,1,Planet Spark,Diksha Vikram Patil,IT,Business Development Trainee,2025-26
E&TC,Female,2.5,1,Qualitykiosk Technologies Pvt Ltd,Tarangini Chidanand Jawalgi,IT,Functional Engineer,2024-25
E&TC,Female,4,2,Cognizant,Pallavi Sanjay Kumbhar,IT,GenC - Select,2021-22
E&TC,Female,4,2,Cognizant,Sharvari Mohan Patil,IT,GenC - Select,2021-22
E&TC,Female,4,2,Cognizant,Shradha Sanjay Kankekar,IT,GenC - Select,2021-22
E&TC,Female,4,2,Cognizant,Yogita Ramesh Pandit,IT,GenC - Select,2021-22
E&TC,Female,5,2,Cognizant,Namrata Rajendra Karmalkar,IT,GenC- Pro,2021-22
E&TC,Female,5,1,VOIS,Aarya Sandeep Jadhav,IT,GET,2022-23
E&TC,Female,5,1,VOIS,Aishwarya Jitendra Zad,IT,GET,2022-23
E&TC,Female,4,2,Hexaware Technologies,Aparna Surve,IT,GET,2021-22
E&TC,Female,5,1,VOIS,Mrunal Baburao Thorat,IT,GET,2022-23
E&TC,Female,5,1,VOIS,Priya Ramrao Mane,IT,GET,2022-23
E&TC,Female,4,2,Hexaware Technologies,Rajlaxmi Desai,IT,GET,2021-22
E&TC,Female,5,1,VOIS,Riya Rajendra Jadhav,IT,GET,2022-23
E&TC,Female,4,1,"Accent Techno Solution, Mumbai",Sheya Sachin Salunkhe,IT,GET,2024-25
E&TC,Female,5,1,VOIS,Shrutika Pravin Patil,IT,GET,2022-23
E&TC,Female,5,1,VOIS,Siddhi Rajendra Varpe,IT,GET,2022-23
E&TC,Female,5,1,VOIS,Snehal Ravindra Gaikwad,IT,GET,2022-23
E&TC,Female,4,2,Evosys,Shreya Patil,IT,Intern + PPO,2021-22
E&TC,Female,3.38,1,TCS,Niharika Viraj Achrekar,IT,Ninja,2023-24
E&TC,Female,3.25,1,Tech Mahindra,Ankita Anil Jadhav,IT,Project Engineer,2023-24
E&TC,Female,3.5,2,Wipro,Divya Baban Shetti,IT,Project Engineer,2021-22
E&TC,Female,3.5,2,Wipro,Rutuja Sandeep Patil,IT,Project Engineer,2021-22
E&TC,Female,3.5,2,Wipro,Sharvari Mohan Patil,IT,Project Engineer,2021-22
E&TC,Female,3.5,2,Wipro,Sonam Ishwar Patil,IT,Project Engineer,2021-22
E&TC,Female,3.5,2,Wipro,Tanuja Lokhande,IT,Project Engineer,2021-22
E&TC,Female,3,1,ReapMind Inovation,Samrudhi Shinde,IT,QA Engineer,2024-25
E&TC,Female,3,1,GRAIR Comapny,Jinali Shaha,IT,Robotics & AI Engineer,2023-24
E&TC,Female,7.8,1,Dassault Systems,Nakshatraa Babanrao Desai,IT,Software Developer,2023-24
E&TC,Female,4,1,EXCELR Solutions,Aditi Malhari Jadhav,IT,Software Engineer,2023-24
E&TC,Female,4.5,1,"Softenger India Pvt. Ltd., Pune",Aliya Bagwan,IT,Software Engineer,2024-25
E&TC,Female,4,1,Hexaware Technologies Pvt. Ltd.,Ankita Avinash Kumbhar,IT,Software Engineer,2024-25
E&TC,Female,4.5,2,Agiliad Technologies Private Ltd.,Dhanashree Uttamkumar Desai,IT,Software Engineer,2021-22
E&TC,Female,4.71,2,Persistent Systems,Divya Mali,IT,Software Engineer,2021-22
E&TC,Female,4.71,2,Persistent Systems,Firdous sayyed,IT,Software Engineer,2021-22
E&TC,Female,4,2,Msys Tech Pvt Ltd,Isha Sanjay Potdar,IT,Software Engineer,2021-22
E&TC,Female,3.1,1,Atos global,Riddhi Nalawade,IT,Software Engineer,2022-23
E&TC,Female,4.71,2,Persistent Systems,Rutuja Jadhav,IT,Software Engineer,2021-22
E&TC,Female,4.5,2,Agiliad Technologies Private Ltd.,Rutuja Machindra Jadhav,IT,Software Engineer,2021-22
E&TC,Female,1.8,2,"MeshBA Solutions,Kolhapur",Sakshi Ambildhok,IT,Software Engineer,2021-22
E&TC,Female,4.5,1,"Softenger India Pvt. Ltd., Pune",Sandhya Patil,IT,Software Engineer,2024-25
E&TC,Female,4,2,Msys Tech Pvt Ltd,Shradha Sanjay Kankekar,IT,Software Engineer,2021-22
E&TC,Female,4.71,2,Persistent Systems,Shreya Patil,IT,Software Engineer,2021-22
E&TC,Female,3,2,Hidden Brains,Sneha Kadam,IT,Software Engineer,2021-22
E&TC,Female,4,2,Msys Tech Pvt Ltd,Uttkarsha Bajirao Gangadhar,IT,Software Engineer,2021-22
E&TC,Female,4,1,Hexaware Technologies Pvt. Ltd.,Vaishnavi Krushnat Patil,IT,Software Engineer,2024-25
E&TC,Female,4,2,EuroNet Worldwide,Vaishnavi Ujjval Bhosale,IT,Software Engineer,2021-22
E&TC,Female,4,1,Hexaware Technologies Pvt. Ltd.,Vedangee Vinod Sale,IT,Software Engineer,2024-25
E&TC,Female,4.5,2,Agiliad Technologies Private Ltd.,Yashashree Sanjay Shinde,IT,Software Engineer,2021-22
E&TC,Female,3,1,Seaquid,Diksha Vikram Patil,IT,Software Engineer Trainee,2025-26
E&TC,Female,3,1,Seaquid,Pranavi Dilip Fatak,IT,Software Engineer Trainee,2025-26
E&TC,Female,3,1,Seaquid,Rujavi Harish Jathar,IT,Software Engineer Trainee,2025-26
E&TC,Female,8,1,TE Connectivity,Saba Sahir Shaikh,IT,Software Engineer Trainee,2025-26
E&TC,Female,2.5,1,ApMoSys Technologies Pvt. Ltd.,Sharvari Sanjay Patil,IT,Software Engineer Trainee,2024-25
E&TC,Female,4.5,1,LVD-Multifold Private Limited,Siddhi Avinash Rajadhyaksha,IT,Software Engineer Trainee,2025-26
E&TC,Female,2.5,1,ApMoSys Technologies Pvt. Ltd.,Tarangini Chidanand Jawalgi,IT,Software Engineer Trainee,2024-25
E&TC,Female,3,1,Chegg India,Anjali Lalaso Patil,IT,Subject Matter Expert,2023-24
E&TC,Female,3,1,Chegg India,Apurva Anil Kumbhar,IT,Subject Matter Expert,2023-24
E&TC,Female,3,1,Chegg India,Dhanashree Santosh Chavan,IT,Subject Matter Expert,2023-24
E&TC,Female,3,1,Chegg India,Prajakta Mahadev Nale,IT,Subject Matter Expert,2023-24
E&TC,Female,4,2,CAPGEMINI,Divya Shetti,IT,System Analyst,2021-22
E&TC,Female,3.8,2,CAPGEMINI,Namrata Maruti Alavekar,IT,System Analyst,2021-22
E&TC,Female,4,2,CAPGEMINI,Rajlaxmi Desai,IT,System Analyst,2021-22
E&TC,Female,4,2,CAPGEMINI,Sakshi Pawar,IT,System Analyst,2021-22
E&TC,Female,4,2,CAPGEMINI,Sonam Patil,IT,System Analyst,2021-22
E&TC,Female,3.6,2,Infosys,Divya Vanjare,IT,System Engineer,2021-22
E&TC,Female,3.6,2,Infosys,Nita Patil,IT,System Engineer,2021-22
E&TC,Female,3.6,2,Infosys,Rajlaxmi Desai,IT,System Engineer,2021-22
E&TC,Female,3.6,2,Infosys,Tanuja Lokhande,IT,System Engineer,2021-22
E&TC,Female,3,1,Palle Technology, Zeba Altaf Kazi,IT,Trainee Engineer,2022-23
E&TC,Female,3,1,"Technolearn,Pune","
 Veda Sanjay Bhosale",IT,Trainee Engineer,2023-24
E&TC,Female,3,1,Qspider,Ankita Anil Jadhav,IT,Trainee Engineer,2023-24
E&TC,Female,3,1,"Technolearn,Pune",Ankita Anil Jadhav,IT,Trainee Engineer,2023-24
E&TC,Female,3.5,1,QSpiders,Chinmayee Shekhar Deshpande,IT,Trainee Engineer,2024-25
E&TC,Female,3.8,2,Qspider,Divya Dinkar Mali,IT,Trainee Engineer,2021-22
E&TC,Female,3.1,2,Atos global,Divya Dipak Vanjare,IT,Trainee Engineer,2021-22
E&TC,Female,3.8,2,Qspider,kajal sarjerao shendage,IT,Trainee Engineer,2021-22
E&TC,Female,3,2,Pentagon Space Pvt Ltd.,Mayuri Sarjerao Gangadhar,IT,Trainee Engineer,2021-22
E&TC,Female,3,1,Skandha Media Services Pvt Ltd,Mayuri Shahaji Mahadeshwar,IT,Trainee Engineer,2022-23
E&TC,Female,3.5,1,QSpiders,Neha Anil Patil,IT,Trainee Engineer,2024-25
E&TC,Female,3,2,Pentagon Space Pvt Ltd.,Pranali Suresh Sathe,IT,Trainee Engineer,2021-22
E&TC,Female,3.1,2,Atos global,Rajlaxmi Rajendrakumar Desai,IT,Trainee Engineer,2021-22
E&TC,Female,3,1,Walstar Technologies Pvt. Ltd,Samiksha Sachin Nichite,IT,Trainee Engineer,2025-26
E&TC,Female,3,1,Qspider,Samruddhi santosh kirolkar,IT,Trainee Engineer,2023-24
E&TC,Female,3.5,1,Numetry Technologies,Sharvari Sanjay Patil,IT,Trainee Engineer,2024-25
E&TC,Female,3.5,1,Global Quest Technologies,Tarangini Chidanand Jawalgi,IT,Trainee Engineer,2024-25
E&TC,Female,3.5,1,Global Quest Technologies,Vedangee Vinod Sale,IT,Trainee Engineer,2024-25
E&TC,Female,3.5,1,QSpiders,Vedangee Vinod Sale,IT,Trainee Engineer,2024-25
E&TC,Female,3.1,2,Atos global,Yogeshree Kerba Warke,IT,Trainee Engineer,2021-22
E&TC,Female,3,1,Skandha Media Services Pvt Ltd,Zeba Altaf Kazi,IT,Trainee Engineer,2022-23
E&TC,Female,3,1,Astun Technologies Pvt Ltd.,Shreya Sachin Salunkhe,IT,Trainee Instrumentation Engineer.,2024-25
E&TC,Female,2.4,1,Campus Credentials,Jinali Shaha,Non-IT,Admin Executive,2023-24
E&TC,Female,6,1,Unlox Academy,Aditi Abhijit Tawade,Non-IT,Business Development Associate,2025-26
E&TC,Female,7,1,BYJU's,Dhanashree Dnyandev Bodekar,Non-IT,Business Development Associate,2022-23
E&TC,Female,6,1,Unlox Academy,Diksha Vikram Patil,Non-IT,Business Development Associate,2025-26
E&TC,Female,7,1,BYJU's,Manisha Vijay Kamble,Non-IT,Business Development Associate,2022-23
E&TC,Female,6,1,Unlox Academy,Pratiksha Yashwant Patil,Non-IT,Business Development Associate,2025-26
E&TC,Female,6,1,Unlox Academy,Rujavi Harish Jathar,Non-IT,Business Development Associate,2025-26
E&TC,Female,6,1,Unlox Academy,Sanika Deepak Patil,Non-IT,Business Development Associate,2025-26
E&TC,Female,7,1,Launched Global ,Arundhati Santosh Sathe,Non-IT,Business Development Executive,2025-26
E&TC,Female,7,1,Launched Global ,Diksha Vikram Patil,Non-IT,Business Development Executive,2025-26
E&TC,Female,7,1,Launched Global ,Diya Sachin Magdum,Non-IT,Business Development Executive,2025-26
E&TC,Female,7,1,Launched Global ,Kshitija Prakash Tibile,Non-IT,Business Development Executive,2025-26
E&TC,Female,7,1,Launched Global ,Nutan Sanjay Chavan,Non-IT,Business Development Executive,2025-26
E&TC,Female,7,1,Launched Global ,Prachi Arjun Patil,Non-IT,Business Development Executive,2025-26
E&TC,Female,7,1,Launched Global ,Prachi Santosh Patil,Non-IT,Business Development Executive,2025-26
E&TC,Female,7,1,Launched Global ,Pranavi Dilip Fatak,Non-IT,Business Development Executive,2025-26
E&TC,Female,7,1,Launched Global ,Pratiksha Yashwant Patil,Non-IT,Business Development Executive,2025-26
E&TC,Female,7,1,Launched Global ,Rasika Ravindra Nalawade,Non-IT,Business Development Executive,2025-26
E&TC,Female,7,1,Launched Global ,Rujavi Harish Jathar,Non-IT,Business Development Executive,2025-26
E&TC,Female,7,1,Launched Global ,Sanika Deepak Patil,Non-IT,Business Development Executive,2025-26
E&TC,Female,3.5,1,Planet Spark,Pranavi Dilip Fatak,Non-IT,Business Development Trainee,2025-26
E&TC,Female,3.5,1,Planet Spark,Rujavi Harish Jathar,Non-IT,Business Development Trainee,2025-26
E&TC,Female,3.5,1,Planet Spark,Sanika Deepak Patil,Non-IT,Business Development Trainee,2025-26
E&TC,Female,3.5,1,Corizo Edutech,Rujavi Harish Jathar,Non-IT,Business Operations Intern,2025-26
E&TC,Female,3.5,1,Corizo Edutech,Sanika Deepak Patil,Non-IT,Business Operations Intern,2025-26
E&TC,Female,3,2,MentorBoxx,Aishwarya Patil,Non-IT,Community Influncer,2021-22
E&TC,Female,3,2,MentorBoxx,Divya Mali,Non-IT,Community Influncer,2021-22
E&TC,Female,3,2,MentorBoxx,Kajal Shendage,Non-IT,Community Influncer,2021-22
E&TC,Female,3,2,MentorBoxx,Mayuri Gangadhar,Non-IT,Community Influncer,2021-22
E&TC,Female,3,2,MentorBoxx,Pallavi Kumbhar,Non-IT,Community Influncer,2021-22
E&TC,Female,3,2,MentorBoxx,Prajakta Patil,Non-IT,Community Influncer,2021-22
E&TC,Female,3,2,MentorBoxx,Rinkal Patil,Non-IT,Community Influncer,2021-22
E&TC,Female,3,2,MentorBoxx,Sakshi Ambildhok,Non-IT,Community Influncer,2021-22
E&TC,Female,3,2,MentorBoxx,Sakshi Pawar,Non-IT,Community Influncer,2021-22
E&TC,Female,3,2,MentorBoxx,Shriya Pawar,Non-IT,Community Influncer,2021-22
E&TC,Female,3,2,MentorBoxx,Sneha Kadam,Non-IT,Community Influncer,2021-22
E&TC,Female,3,2,MentorBoxx,Tanuja Lokhande,Non-IT,Community Influncer,2021-22
E&TC,Female,3,2,MentorBoxx,Yogeshree Warke,Non-IT,Community Influncer,2021-22
E&TC,Female,1.8,1,"inYantra Techologies Pvt Ltd,Shirval",Aakanksha Yogesh Hegade,Non-IT,GAT,2025-26
E&TC,Female,1.8,1,"inYantra Techologies Pvt Ltd,Shirval",Aditi Abhijit Tawade,Non-IT,GAT,2025-26
E&TC,Female,1.8,1,"inYantra Techologies Pvt Ltd,Shirval",Arundhati Santosh Sathe,Non-IT,GAT,2025-26
E&TC,Female,2.5,1,"inYantra Techologies Pvt Ltd,Shirval",Pratiksha Yashwant Patil,Non-IT,GAT,2025-26
E&TC,Female,1.8,1,"inYantra Techologies Pvt Ltd,Shirval",Samruddhi Dattatray Patil,Non-IT,GAT,2025-26
E&TC,Female,1.8,1,"inYantra Techologies Pvt Ltd,Shirval",Sanika Rahul Deshpande,Non-IT,GAT,2025-26
E&TC,Female,1.8,1,"inYantra Techologies Pvt Ltd,Shirval",Siddhi Narayan Patil,Non-IT,GAT,2025-26
E&TC,Female,1.8,1,"inYantra Techologies Pvt Ltd,Shirval",Soniya Tanaji Khot,Non-IT,GAT,2025-26
E&TC,Female,4.25,2,Johnson Controls India,Aparna Surve,Non-IT,GET,2021-22
E&TC,Female,3,1,Bharat Forge,Arundhati Santosh Sathe,Non-IT,GET,2025-26
E&TC,Female,4,1,WIPRO PARI,Dhanashree Santosh Chavan,Non-IT,GET,2023-24
E&TC,Female,4.5,1,British Petroleum,Diksha Vikram Patil,Non-IT,GET,2025-26
E&TC,Female,4.5,1,British Petroleum,Ishita Rangrao Chougale,Non-IT,GET,2025-26
E&TC,Female,3.5,1,BharatForge,Neha Anil Patil,Non-IT,GET,2024-25
E&TC,Female,4.5,1,JABIL India,POOJA UMESH MAGAR,Non-IT,GET,2022-23
E&TC,Female,4,1,WIPRO PARI,Prajakta Jayavant Padaval,Non-IT,GET,2023-24
E&TC,Female,2.5,1,Hi5Ai,Rasika Ravindra Nalawade,Non-IT,GET,2025-26
E&TC,Female,4,1,WIPRO PARI,Reshma Dattatray Bhaigade,Non-IT,GET,2023-24
E&TC,Female,4.5,1,Johnson Controls,Riddhi Nalawade,Non-IT,GET,2022-23
E&TC,Female,4.25,2,Johnson Controls India,Rinkal Patil,Non-IT,GET,2021-22
E&TC,Female,3.5,1,Suryalogix Pvt Ltd,Samruddhi Bharat Salokhe,Non-IT,GET,2024-25
E&TC,Female,3.5,1,Suryalogix Pvt Ltd,Sayali Ashok Bhat,Non-IT,GET,2024-25
E&TC,Female,4.5,1,JABIL India,Shruti Sunil Kamble,Non-IT,GET,2022-23
E&TC,Female,4,1,WIPRO PARI,Smita Sudhir Yadav,Non-IT,GET,2023-24
E&TC,Female,2.5,1,Hi5Ai,Vaishnavi Ganesh Bad,Non-IT,GET,2025-26
E&TC,Female,14.2,1,GlowLogics Solutions Pvt Ltd,Sejal Deepak Kurade,Non-IT,Inside Sales Executive,2025-26
E&TC,Female,3.2,1,Vedang Cellular S. Pvt,Sejal Patil,Non-IT,Jr. Engineer,2023-24
E&TC,Female,3,1,BVG Group,Jinali Yogesh Shah,Non-IT,Management Trainee,2023-24
E&TC,Female,3,1,BVG Group,Sakshi Rajesh Bhopale,Non-IT,Management Trainee,2023-24
E&TC,Female,3,1,Chegg India,Anuja Ravindra Powar,Non-IT,Subject Matter Expert,2022-23
E&TC,Female,3,1,Chegg India,Arati Yashwant Shinde,Non-IT,Subject Matter Expert,2022-23
E&TC,Female,3,1,Chegg India,Dhanashree Dnyandev Bodekar,Non-IT,Subject Matter Expert,2022-23
E&TC,Female,3,1,Chegg India,Divya Dhanaji Fagare,Non-IT,Subject Matter Expert,2022-23
E&TC,Female,3,1,Chegg India,Juhi Arun Dharwade,Non-IT,Subject Matter Expert,2022-23
E&TC,Female,3,1,Chegg India,Manisha Vijay Kamble,Non-IT,Subject Matter Expert,2022-23
E&TC,Female,3,1,Chegg India,Mrunal Baburao Thorat,Non-IT,Subject Matter Expert,2022-23
E&TC,Female,3,1,Chegg India,POOJA UMESH MAGAR,Non-IT,Subject Matter Expert,2022-23
E&TC,Female,3,1,Chegg India,Rhugveda Vinay More,Non-IT,Subject Matter Expert,2022-23
E&TC,Female,3,1,Chegg India,Sayali Sanjay Jadhav,Non-IT,Subject Matter Expert,2022-23
E&TC,Female,3,1,Chegg India,Siddhi Daulat Patil,Non-IT,Subject Matter Expert,2022-23
E&TC,Female,3,1,Chegg India,Siddhi Rajendra Varpe,Non-IT,Subject Matter Expert,2022-23
E&TC,Female,3,1,Chegg India,Siddhi Umesh Kalekar,Non-IT,Subject Matter Expert,2022-23
E&TC,Female,3,2,Chegg India,Zeba Altaf Kazi,Non-IT,Subject Matter Expert,2022-23
E&TC,Female,1.8,1,"East Sun Electronics LLP,Pune",Aditi Jadhav,Non-IT,Trainee Engineer,2023-24
E&TC,Female,1.8,1,"East Sun Electronics LLP,Pune",Akansha Babar,Non-IT,Trainee Engineer,2023-24
E&TC,Female,2.4,1,"Sedmac,Pune",Aliya Arif Bagwan,Non-IT,Trainee Engineer,2024-25
E&TC,Female,2.4,1,"Sedmac,Pune",Dhairyashil Dhananjay Sutar,Non-IT,Trainee Engineer,2024-25
E&TC,Female,2.4,1,"Sedmac,Pune",Mrunal Yuvraj Patil,Non-IT,Trainee Engineer,2024-25
E&TC,Female,2.4,1,"Sedmac,Pune",Sandhya Ravindra Patil,Non-IT,Trainee Engineer,2024-25
E&TC,Female,2.4,1,"Sedmac,Pune",Supriya Sudhakar Lande,Non-IT,Trainee Engineer,2024-25
E&TC,Male,5.5,2,SKOLER,Prathamesh Jayant Joshi,Intern,Business Development Trainee,2021-22
E&TC,Male,5.5,2,SKOLER,Ritesh Ravasaheb Patil,Intern,Business Development Trainee,2021-22
E&TC,Male,3.36,2,Tata Consultancy Services,Adesh Shailesh Newaskar,IT,Assistant System Engineer-Trainee,2021-22
E&TC,Male,3.36,2,Tata Consultancy Services,Asif Nazir Shaikh,IT,Assistant System Engineer-Trainee,2021-22
E&TC,Male,3.36,2,Tata Consultancy Services,Prakalp Shankar Magdum,IT,Assistant System Engineer-Trainee,2021-22
E&TC,Male,10,2,Ugam Solutions,Prathamesh Jayant Joshi,IT,Associate Analyst,2021-22
E&TC,Male,4,2,DXC Technology,AAKASH RAKESH TRIVEDI,IT,Associate Professional,2021-22
E&TC,Male,4.2,1,DXC Technology,Abhay Ganesh Mudgal,IT,Associate Professional,2022-23
E&TC,Male,4,2,DXC Technology,Abhay Udaykumar Patil,IT,Associate Professional,2021-22
E&TC,Male,4.2,1,DXC Technology,Aditya Rajendra Ulegaddi,IT,Associate Professional,2022-23
E&TC,Male,4.2,1,DXC Technology,Amey Anil Khot,IT,Associate Professional,2022-23
E&TC,Male,4.2,1,DXC Technology,Dashrath Rajesh Parihar,IT,Associate Professional,2022-23
E&TC,Male,4.2,1,DXC Technology,Digvijay Sanjay Pawar,IT,Associate Professional,2022-23
E&TC,Male,4,2,DXC Technology,Firdous Ajazuddin Sayyed,IT,Associate Professional,2021-22
E&TC,Male,4,2,DXC Technology,Jenil pankajkumar Bhoot,IT,Associate Professional,2021-22
E&TC,Male,4.2,1,DXC Technology,Kailas Ashok Gurav,IT,Associate Professional,2022-23
E&TC,Male,4.2,1,DXC Technology,Nikhil Vijay Gholkar,IT,Associate Professional,2022-23
E&TC,Male,4.2,1,DXC Technology,Omkar Abaji Patil,IT,Associate Professional,2022-23
E&TC,Male,4.2,1,DXC Technology,Onkar Narendra Gulavani,IT,Associate Professional,2022-23
E&TC,Male,4.2,1,DXC Technology,Parth Pravin Chavan,IT,Associate Professional,2022-23
E&TC,Male,4,2,DXC Technology,Prathamesh Jayant Joshi,IT,Associate Professional,2021-22
E&TC,Male,4,2,DXC Technology,Rushikesh Annaso Chikode,IT,Associate Professional,2021-22
E&TC,Male,4,2,DXC Technology,Siddhesh Amrut Mali,IT,Associate Professional,2021-22
E&TC,Male,4.2,1,DXC Technology,Siddhesh Mahesh Jagdale,IT,Associate Professional,2022-23
E&TC,Male,4.2,1,DXC Technology,Tejas Sanjay Sutar,IT,Associate Professional,2022-23
E&TC,Male,4.2,1,DXC Technology,Vinayak Netaji More,IT,Associate Professional,2022-23
E&TC,Male,4.2,1,DXC Technology,Yash Atul Jagtap,IT,Associate Professional,2022-23
E&TC,Male,2.5,1,"Tata Autocamp System,Pune",Avadhut Jitendra Hingmire,IT,GAT,2025-26
E&TC,Male,2.5,1,"Tata Autocamp System,Pune",Shailesh Umesh Khot,IT,GAT,2025-26
E&TC,Male,4,2,Cognizant,Asif Nazir Shaikh,IT,GenC - Select,2021-22
E&TC,Male,4,2,Cognizant,Mayuresh Uttam Patil,IT,GenC - Select,2021-22
E&TC,Male,4,2,Cognizant,Prathamesh Mohan Ghodake,IT,GenC - Select,2021-22
E&TC,Male,4,2,Cognizant,Sanket Ajay Tarlekar,IT,GenC - Select,2021-22
E&TC,Male,4,2,Cognizant,Siddhesh Amrut Mali,IT,GenC - Select,2021-22
E&TC,Male,4.5,2,Cognizant,Gaurav Manohar Jagtap,IT,GenC Elevate - Select,2021-22
E&TC,Male,4.5,2,Cognizant,Hrishikesh Tanaji Amage,IT,GenC Elevate - Select,2021-22
E&TC,Male,3,1,Burckhardt compression,Aryan Sunil Dixit,IT,GET,2024-25
E&TC,Male,3.5,1,TATA ELXI,Hritesh Kishor Merwade,IT,GET,2022-23
E&TC,Male,5,1,VOIS,Kartik Sachin Belekar,IT,GET,2022-23
E&TC,Male,5,1,VOIS,Nikhil Vijay Gholkar,IT,GET,2022-23
E&TC,Male,5,1,VOIS,Parth Pravin Chavan,IT,GET,2022-23
E&TC,Male,4,1,Hexaware,Pranil Dilip Nigade,IT,GET,2023-24
E&TC,Male,3.5,1,TATA ELXI,Samad Sayeedahmed Saraff,IT,GET,2022-23
E&TC,Male,3.5,1,TATA ELXI,Shubham Mahesh Bairagi,IT,GET,2022-23
E&TC,Male,2.5,1,Cognizant,Sahil Sanjay Gavase,IT,Programmer Analyst Trainee,2024-25
E&TC,Male,4,1,KPIT,Aditya Digambar Shinde,IT,Project Engineer,2022-23
E&TC,Male,3.5,2,Wipro,Prathamesh Jayant Joshi,IT,Project Engineer,2021-22
E&TC,Male,3.5,2,Wipro,Rushikesh A. Chikode,IT,Project Engineer,2021-22
E&TC,Male,7.8,1,Dassault Systems,Sanmesh Sanjay Sawant,IT,Software Developer,2023-24
E&TC,Male,7.8,1,Dassault Systems,Vinayak Kishor Hupare,IT,Software Developer,2023-24
E&TC,Male,4,1,EXCELR Solutions,Adarshraj Shivaji Kavale,IT,Software Engineer,2023-24
E&TC,Male,4.71,2,Persistent Systems,Chinmay Gawas,IT,Software Engineer,2021-22
E&TC,Male,4,2,Mind Tree,Gaurav Jagtap,IT,Software Engineer,2021-22
E&TC,Male,4.5,2,Agiliad Technologies Private Ltd.,Gaurav Manohar Jagtap,IT,Software Engineer,2021-22
E&TC,Male,3.8,2,Birlasoft,Prakalp Magdum,IT,Software Engineer,2021-22
E&TC,Male,4.71,2,Persistent Systems,Prathamesh Joshi,IT,Software Engineer,2021-22
E&TC,Male,4,1,EXCELR Solutions,Rajesh Ramesh Patil,IT,Software Engineer,2023-24
E&TC,Male,3,2,Hidden Brains,Ritesh Patil,IT,Software Engineer,2021-22
E&TC,Male,4.5,1,"Softenger India Pvt. Ltd., Pune",Sandesh Nandavdekar,IT,Software Engineer,2024-25
E&TC,Male,4,1,Qspider,Satyajeet Sandip Desai,IT,Software Engineer,2022-23
E&TC,Male,4.71,2,Persistent Systems,Siddhesh Mali,IT,Software Engineer,2021-22
E&TC,Male,4,1,EXCELR Solutions,Tejas Dipak Mohite,IT,Software Engineer,2023-24
E&TC,Male,4,1,Hexaware Technologies Pvt. Ltd.,Tejsinh Jitendrajit Harale Bhosale,IT,Software Engineer,2024-25
E&TC,Male,4,1,Hexaware Technologies Pvt. Ltd.,Vishwjeet Vijaykumar Patil,IT,Software Engineer,2024-25
E&TC,Male,3,1,ExcelR,Yash Sanjay Gaikwad,IT,Software Engineer,2022-23
E&TC,Male,3,1,Chegg India,Aniket Bhikaji Jadhav,IT,Subject Matter Expert,2023-24
E&TC,Male,3,1,Chegg India,Pranil Dilip Nigade,IT,Subject Matter Expert,2023-24
E&TC,Male,3,1,Chegg India,Rajesh Ramesh Patil,IT,Subject Matter Expert,2023-24
E&TC,Male,3,1,Chegg India,Satyajit Kiran Mane,IT,Subject Matter Expert,2023-24
E&TC,Male,3,1,Chegg India,Shivraj Bajirao Ghorpade,IT,Subject Matter Expert,2023-24
E&TC,Male,3,1,Chegg India,Shreyas Kantilal Thorat,IT,Subject Matter Expert,2023-24
E&TC,Male,3,1,Chegg India,Shubham Anil Shinde,IT,Subject Matter Expert,2023-24
E&TC,Male,3,1,Chegg India,Tejas Dipak Mohite,IT,Subject Matter Expert,2023-24
E&TC,Male,3.8,2,CAPGEMINI,Hrishikesh Tanaji Amage,IT,System Analyst,2021-22
E&TC,Male,3.8,2,CAPGEMINI,Yash Ajitbhai Kansangara,IT,System Analyst,2021-22
E&TC,Male,3.36,1,Tata Consultancy Services,Abhay Ganesh Mudgal,IT,System Engineer,2022-23
E&TC,Male,3.6,2,Infosys,Rishikesh Jadhav,IT,System Engineer,2021-22
E&TC,Male,4,1,Cyber Success, Adarshraj Shivaji Kavale,IT,Trainee Engineer,2023-24
E&TC,Male,3,1,Qspider, Rutik Balavant Gurav,IT,Trainee Engineer,2023-24
E&TC,Male,3,1,Pentagon Space Pvt Ltd, Satyajeet Satish Katkar,IT,Trainee Engineer,2023-24
E&TC,Male,3,1,Qspider, Sumedh Vitthal Kotekar,IT,Trainee Engineer,2023-24
E&TC,Male,3.1,2,Atos global,Adesh Shailesh Newaskar,IT,Trainee Engineer,2021-22
E&TC,Male,3.5,1,QSpiders,Aryan Sunil Dixit,IT,Trainee Engineer,2024-25
E&TC,Male,3.5,1,QSpiders,Jinen Rahul Kolhapurkar,IT,Trainee Engineer,2024-25
E&TC,Male,3.6,1,Sahas Labs,Jinen Rahul Kolhapurkar,IT,Trainee Engineer,2024-25
E&TC,Male,3.1,2,Atos global,Prathamesh Mohan Ghodake,IT,Trainee Engineer,2021-22
E&TC,Male,3,1,Skandha Media Services Pvt Ltd,Pratik Pandurang Chougale,IT,Trainee Engineer,2022-23
E&TC,Male,3.5,1,QSpiders,Rahul Shravan Kamble,IT,Trainee Engineer,2024-25
E&TC,Male,3.8,2,Qspider,Rishikesh sanjeev jadhav,IT,Trainee Engineer,2021-22
E&TC,Male,3.5,1,QSpiders,Rushikesh Sanjay Patil,IT,Trainee Engineer,2024-25
E&TC,Male,3.5,1,QSpiders,Sangharsh Gahininath Idage,IT,Trainee Engineer,2024-25
E&TC,Male,3,1,Skandha Media Services Pvt Ltd,Saurabh Shyam Sarangale,IT,Trainee Engineer,2022-23
E&TC,Male,3,1,Skandha Media Services Pvt Ltd,Tejas Tanaji Sawant,IT,Trainee Engineer,2022-23
E&TC,Male,3.5,1,Numetry Technologies,Tejsinh Jitendrajit Harale Bhosale,IT,Trainee Engineer,2024-25
E&TC,Male,3,1,Qspider,Vishal Chandrakant Koli,IT,Trainee Engineer,2023-24
E&TC,Male,3.5,1,Global Quest Technologies,Vishwjeet Vijaykumar Patil,IT,Trainee Engineer,2024-25
E&TC,Male,3,2,Palle Technology,Harshada Pratap Patil,IT,Trainee Engineer (PPO),2021-22
E&TC,Male,6,1,Edustation,Sumedh Vitthal Kotekar,Non-IT,BDA,2023-24
E&TC,Male,6,1,Unlox Academy,Vedant Rajesh Kulkarni,Non-IT,Business Development Associate,2025-26
E&TC,Male,7,1,Launched Global ,Ajinkya Ananda Mhangore,Non-IT,Business Development Executive,2025-26
E&TC,Male,7,1,Launched Global ,Padmanish Eknath Patil,Non-IT,Business Development Executive,2025-26
E&TC,Male,7,1,Launched Global ,Saad Ikatiyarahmad Sanadi,Non-IT,Business Development Executive,2025-26
E&TC,Male,7,1,Launched Global ,Vedant Prasad Date,Non-IT,Business Development Executive,2025-26
E&TC,Male,3.5,1,Corizo Edutech,Vedant Rajesh Kulkarni,Non-IT,Business Operations Intern,2025-26
E&TC,Male,3,2,MentorBoxx,Adesh Kalebere,Non-IT,Community Influncer,2021-22
E&TC,Male,3,2,MentorBoxx,Prathamesh Ghodake,Non-IT,Community Influncer,2021-22
E&TC,Male,3,2,MentorBoxx,Prathamesh Joshi,Non-IT,Community Influncer,2021-22
E&TC,Male,3,2,MentorBoxx,Sanket Tarlekar,Non-IT,Community Influncer,2021-22
E&TC,Male,3,2,MentorBoxx,Uttkarsha Gangadhar,Non-IT,Community Influncer,2021-22
E&TC,Male,3,2,MentorBoxx,Yash Kansangara,Non-IT,Community Influncer,2021-22
E&TC,Male,1.8,1,"inYantra Techologies Pvt Ltd,Shirval",Kaustubh Dhiraj Parab,Non-IT,GAT,2025-26
E&TC,Male,1.8,1,"inYantra Techologies Pvt Ltd,Shirval",Piyush Onkareshwar Kothavale,Non-IT,GAT,2025-26
E&TC,Male,1.8,1,"inYantra Techologies Pvt Ltd,Shirval",Pranil Satish Desai,Non-IT,GAT,2025-26
E&TC,Male,1.8,1,"inYantra Techologies Pvt Ltd,Shirval",Shubham Bhagvan Patil,Non-IT,GAT,2025-26
E&TC,Male,3.3,1,"Elcome Marine, New mumbai",Abhishek Uday Chavan,Non-IT,GET,2024-25
E&TC,Male,2.5,2,WIPRO PARI,Adesh Anil Kalbere,Non-IT,GET,2021-22
E&TC,Male,3,1,Bharat Forge,Akshay Bajrang Talwekar,Non-IT,GET,2025-26
E&TC,Male,3.5,1,Suryalogix Pvt Ltd,Aliya Arif Bagwan,Non-IT,GET,2024-25
E&TC,Male,3.5,1,Suryalogix Pvt Ltd,Atharv Madan Suryavanshi,Non-IT,GET,2024-25
E&TC,Male,3.5,1,Suryalogix Pvt Ltd,Chirag Ashok Neware,Non-IT,GET,2024-25
E&TC,Male,4,1,WIPRO PARI,Dhiraj Rakesh Sahani,Non-IT,GET,2023-24
E&TC,Male,4,1,WIPRO PARI,Manthan Namdev Yadav,Non-IT,GET,2023-24
E&TC,Male,3,1,"Sagar Defence,Pune",Pranjal Sunil Pohankar,Non-IT,GET,2025-26
E&TC,Male,3.3,1,"Elcome Marine, New mumbai",Prathamesh Vikram Mohite,Non-IT,GET,2024-25
E&TC,Male,3.5,1,Suryalogix Pvt Ltd,Prathmesh Vikram Mohite,Non-IT,GET,2024-25
E&TC,Male,4,1,WIPRO PARI,Ruturaj Sanjay Shinde,Non-IT,GET,2023-24
E&TC,Male,2.5,1,"Finulent Solutions ,Mumbai",Shailesh Umesh Khot,Non-IT,GET,2025-26
E&TC,Male,3.5,1,BharatForge,Shardul Sandeep Patil,Non-IT,GET,2024-25
E&TC,Male,5.8,1,Worley Inc,Shivdatta Maruti Mirajkar,Non-IT,GET,2024-25
E&TC,Male,4,1,WIPRO PARI,Shivraj Bajirao Ghorpade,Non-IT,GET,2023-24
E&TC,Male,4,1,WIPRO PARI,Shubham Anil Shinde,Non-IT,GET,2023-24
E&TC,Male,3.3,1,"Elcome Marine, New mumbai",Swapnil Maruti Patil,Non-IT,GET,2024-25
E&TC,Male,3.5,1,Suryalogix Pvt Ltd,Tushar Chandrakant Sawant,Non-IT,GET,2024-25
E&TC,Male,3.5,1,Suryalogix Pvt Ltd,Vishwjeet Vijaykumar Patil,Non-IT,GET,2024-25
E&TC,Male,4.5,1,JABIL India,Yash Sanjay Gaikwad,Non-IT,GET,2022-23
E&TC,Male,2.4,1,ABC Automation,Aditya Shinde,Non-IT,Jr. Automation Engineer,2022-23
E&TC,Male,3.2,1,Vedang Cellular S. Pvt,Ajinkya Kathar,Non-IT,Jr. Engineer,2023-24
E&TC,Male,7.5,1,VALT Technology,Guruprasad Bhosale,Non-IT,Software Engineer,2024-25
E&TC,Male,3,1,Chegg India,Abhay Ganesh Mudgal,Non-IT,Subject Matter Expert,2022-23
E&TC,Male,3,1,Chegg India,Abhijeet Amit Mane,Non-IT,Subject Matter Expert,2022-23
E&TC,Male,3,1,Chegg India,Aditya Rajendra Ulegaddi,Non-IT,Subject Matter Expert,2022-23
E&TC,Male,3,1,Chegg India,Ganesh Pandurang Dhabale,Non-IT,Subject Matter Expert,2022-23
E&TC,Male,3,1,Chegg India,Gaurav Vilas Desai,Non-IT,Subject Matter Expert,2022-23
E&TC,Male,3,1,Chegg India,Mayur Shivaji kaware,Non-IT,Subject Matter Expert,2022-23
E&TC,Male,3,1,Chegg India,Pratik Pandurang Chougale,Non-IT,Subject Matter Expert,2022-23
E&TC,Male,3,1,Chegg India,Rupesh Bhairu Kamble,Non-IT,Subject Matter Expert,2022-23
E&TC,Male,3,1,Chegg India,Siddhesh Mahesh Jagdale,Non-IT,Subject Matter Expert,2022-23
E&TC,Male,3,1,Chegg India,Tejas Ganpati Harihar,Non-IT,Subject Matter Expert,2022-23
E&TC,Male,3,1,Chegg India,Yash Sanjay Gaikwad,Non-IT,Subject Matter Expert,2022-23
E&TC,Male,1.8,1,"East Sun Electronics LLP,Pune",Adarshraj Kavale,Non-IT,Trainee Engineer,2023-24
E&TC,Male,2.4,1,"Sedmac,Pune",Chirag Ashok Neware,Non-IT,Trainee Engineer,2024-25
E&TC,Male,1.8,1,"East Sun Electronics LLP,Pune",Prajwal Surushe,Non-IT,Trainee Engineer,2023-24
Electronics,Female,1.82,1,Amazon India,GAYATRI KULKARNI,Non-IT,CUSTOMER SERVICE ASSOCIATE,2017-18
Electronics,Female,1.8,1,"Dhoot Transmission,",Aarati Ramesh Bhopale,Non-IT,EMPLOYEE TRAINEE,2018-19
Electronics,Female,1.2,1,"DHOOT TRANSMISSION,PUNE",AMRUTA A. DESAI,Non-IT,EMPLOYEE TRAINEE,2017-18
Electronics,Female,1.8,1,"Dhoot Transmission,",Amruta Madhukar Rajmane,Non-IT,EMPLOYEE TRAINEE,2018-19
Electronics,Female,1.8,1,"Dhoot Transmission,",Ashwini Kiran Tadwale,Non-IT,EMPLOYEE TRAINEE,2018-19
Electronics,Female,1.2,1,"DHOOT TRANSMISSION,PUNE",DHUMAL SHEETAL M.,Non-IT,EMPLOYEE TRAINEE,2017-18
Electronics,Female,1.2,1,"DHOOT TRANSMISSION,PUNE",MRUNAL M PAWAR,Non-IT,EMPLOYEE TRAINEE,2017-18
Electronics,Female,1.8,1,Dhoot Transmission,Mrunalini Ajit Shinde,Non-IT,EMPLOYEE TRAINEE,2018-19
Electronics,Female,1.2,1,"DHOOT TRANSMISSION,PUNE",NAMRATA G PATIL,Non-IT,EMPLOYEE TRAINEE,2017-18
Electronics,Female,1.8,1,"Dhoot Transmission,",Nilam Sarjerao Turuke,Non-IT,EMPLOYEE TRAINEE,2018-19
Electronics,Female,1.2,1,"DHOOT TRANSMISSION,PUNE",PALLAVI PRAKASH CHAVHAN,Non-IT,EMPLOYEE TRAINEE,2017-18
Electronics,Female,1.2,1,"DHOOT TRANSMISSION,PUNE",PATIL SHITAL SATISH,Non-IT,EMPLOYEE TRAINEE,2017-18
Electronics,Female,1.8,1,"Dhoot Transmission,",Payal Mahadev Bendake,Non-IT,EMPLOYEE TRAINEE,2018-19
Electronics,Female,1.2,1,"DHOOT TRANSMISSION,PUNE",POOJA P CHAUTHE,Non-IT,EMPLOYEE TRAINEE,2017-18
Electronics,Female,1.2,1,"DHOOT TRANSMISSION,PUNE",PRAGATI VILAS PATIL,Non-IT,EMPLOYEE TRAINEE,2017-18
Electronics,Female,1.2,1,"DHOOT TRANSMISSION,PUNE",PRAJAKTA R. KANGUDE,Non-IT,EMPLOYEE TRAINEE,2017-18
Electronics,Female,1.8,1,"Dhoot Transmission,",Priyanka Anil. Chavan,Non-IT,EMPLOYEE TRAINEE,2018-19
Electronics,Female,1.8,1, Dhoot Transmission,Priyanka Suresh Kumbhar,Non-IT,EMPLOYEE TRAINEE,2018-19
Electronics,Female,2.4,1," Qspider,",Priyanka Suresh Kumbhar,Non-IT,EMPLOYEE TRAINEE,2018-19
Electronics,Female,1.8,1,Dhoot Transmission,Priyanka Vijaykumar Sawant,Non-IT,EMPLOYEE TRAINEE,2018-19
Electronics,Female,1.2,1,"DHOOT TRANSMISSION,PUNE",RAJANIGANDHA BABAN PATIL,Non-IT,EMPLOYEE TRAINEE,2017-18
Electronics,Female,1.8,1,"Dhoot Transmission,",Rajni Namdev Belekar,Non-IT,EMPLOYEE TRAINEE,2018-19
Electronics,Female,1.8,1,"Dhoot Transmission,",Ravina Sadashiv Patil,Non-IT,EMPLOYEE TRAINEE,2018-19
Electronics,Female,1.8,1,"Dhoot Transmission,",Reshma Shivaji Desai,Non-IT,EMPLOYEE TRAINEE,2018-19
Electronics,Female,1.8,1,"Dhoot Transmission,",Rohini Vilas Mohite,Non-IT,EMPLOYEE TRAINEE,2018-19
Electronics,Female,1.2,1,"DHOOT TRANSMISSION,PUNE",SALONI RAIKAR A,Non-IT,EMPLOYEE TRAINEE,2017-18
Electronics,Female,1.2,1,"DHOOT TRANSMISSION,PUNE",SANJAVEENI D. GHODKE,Non-IT,EMPLOYEE TRAINEE,2017-18
Electronics,Female,1.2,1,"DHOOT TRANSMISSION,PUNE",SHIVANI N. PATIL,Non-IT,EMPLOYEE TRAINEE,2017-18
Electronics,Female,1.2,1,"DHOOT TRANSMISSION,PUNE",SHRADDHA D PATIL,Non-IT,EMPLOYEE TRAINEE,2017-18
Electronics,Female,1.8,1,Dhoot Transmission,Shreya Sudhir Bhosale,Non-IT,EMPLOYEE TRAINEE,2018-19
Electronics,Female,1.8,1,"Dhoot Transmission,",Shweta Arun Pisal,Non-IT,EMPLOYEE TRAINEE,2018-19
Electronics,Female,1.8,1,Dhoot Transmission,Shweta Rajendra Sutar,Non-IT,EMPLOYEE TRAINEE,2018-19
Electronics,Female,1.2,1,"DHOOT TRANSMISSION,PUNE",SUPRIYA SANTOSH TODKAR,Non-IT,EMPLOYEE TRAINEE,2017-18
Electronics,Female,1.8,1,"Dhoot Transmission,  Anexperties",Vaishnavi Babaso Ulape,Non-IT,EMPLOYEE TRAINEE,2018-19
Electronics,Female,1.2,1,"DHOOT TRANSMISSION,PUNE",VIDYA MAHADEO JADHAV,Non-IT,EMPLOYEE TRAINEE,2017-18
Electronics,Female,1.8,1,"Dhoot Transmission,",Vrushali Vasant Diwase,Non-IT,EMPLOYEE TRAINEE,2018-19
Electronics,Female,2.5,1,"VAIHBAV TECH SOLUTION,PUNE",NEELAM KAMBALE,Non-IT,GET,2017-18
Electronics,Female,0,1,IRTI (internship),Sushmita Shrikant Bore,Non-IT,internship trainee,2018-19
Electronics,Female,2.5,1,HEXAWARE TECHNOLOGIES LTD.,GAYATRI SHIRISH KULKARNI,Non-IT,Software Engineer,2017-18
Electronics,Female,1.8,1,Anexpertise,Mrunalini Ajit Shinde,Non-IT,Trainee Engineer,2018-19
Electronics,Female,1.8,1,Qspider,Mrunalini Ajit Shinde,Non-IT,Trainee Engineer,2018-19
Electronics,Female,1.8,1,"QSPIDER,PUNE",PATIL SHIVANI N.,Non-IT,Trainee Engineer,2017-18
Electronics,Female,2.4,1,Qspider,Priyanka Vijaykumar Sawant,Non-IT,Trainee Engineer,2018-19
Electronics,Female,1.8,2,Qspider,Shweta Rajendra Sutar,Non-IT,Trainee Engineer,2018-19
Electronics,Female,1.8,2,Anexperties,Vaishnavi Babaso Ulape,Non-IT,Trainee Engineer,2018-19
Electronics,Male,1.44,1,Opulet Infotech. Private Limited,NAZIM MANER,Non-IT, business development executive ,2017-18
Electronics,Male,2.3,1,"Amazon India,     IRTI",Hrishikesh Eknath Patil,Non-IT,CUSTOMER SERVICE ASSOCIATE,2018-19
Electronics,Male,1.8,1,"Dhoot Transmission,",Akash Vishnu Shelke,Non-IT,EMPLOYEE TRAINEE,2018-19
Electronics,Male,1.8,1,"Dhoot Transmission,",Amarsinh Krishnat Chavan,Non-IT,EMPLOYEE TRAINEE,2018-19
Electronics,Male,1.2,1,"DHOOT TRANSMISSION,PUNE",AMOL A PATIL,Non-IT,EMPLOYEE TRAINEE,2017-18
Electronics,Male,1.2,1,"DHOOT TRANSMISSION,PUNE",AVDHOOT P. DARBHE,Non-IT,EMPLOYEE TRAINEE,2017-18
Electronics,Male,1.2,1,"DHOOT TRANSMISSION,PUNE",BHOSALE RAHUL N,Non-IT,EMPLOYEE TRAINEE,2017-18
Electronics,Male,1.2,1,"DHOOT TRANSMISSION,PUNE",DARSHANA SARDAR PATIL,Non-IT,EMPLOYEE TRAINEE,2017-18
Electronics,Male,1.8,1," Dhoot Transmission,",Hrishikesh Eknath Patil,Non-IT,EMPLOYEE TRAINEE,2018-19
Electronics,Male,1.8,1,"Dhoot Transmission,",Irfan Faruk Mulla,Non-IT,EMPLOYEE TRAINEE,2018-19
Electronics,Male,1.8,1,"Dhoot Transmission,",Jivak Sunil Bhise,Non-IT,EMPLOYEE TRAINEE,2018-19
Electronics,Male,1.8,1,"Dhoot Transmission,",Mahesh Vishnu. Jadhav,Non-IT,EMPLOYEE TRAINEE,2018-19
Electronics,Male,1.8,1,"IRTI,Qspider,Dhoot Transmission",Mandar Maruti Ambuskar,Non-IT,EMPLOYEE TRAINEE,2018-19
Electronics,Male,1.2,1,"DHOOT TRANSMISSION,PUNE",PANDURANG R. GHUTUKADE,Non-IT,EMPLOYEE TRAINEE,2017-18
Electronics,Male,1.2,1,"DHOOT TRANSMISSION,PUNE",RAHUL M. ANVEKAR,Non-IT,EMPLOYEE TRAINEE,2017-18
Electronics,Male,1.2,1,"DHOOT TRANSMISSION,PUNE",RAJVARDHAN S PATIL,Non-IT,EMPLOYEE TRAINEE,2017-18
Electronics,Male,1.2,1,"DHOOT TRANSMISSION,PUNE",RAMESHWAR B. CHIKNE,Non-IT,EMPLOYEE TRAINEE,2017-18
Electronics,Male,1.2,1,"DHOOT TRANSMISSION,PUNE",RANJEET D. TELI,Non-IT,EMPLOYEE TRAINEE,2017-18
Electronics,Male,1.8,1,Dhoot Transmission,Rohan Rajendra Suryawanshi,Non-IT,EMPLOYEE TRAINEE,2018-19
Electronics,Male,1.2,1,"DHOOT TRANSMISSION,PUNE",SHASHANK S. PAGDHARE,Non-IT,EMPLOYEE TRAINEE,2017-18
Electronics,Male,1.2,1,"DHOOT TRANSMISSION,PUNE",SHUBHAM P. PATIL,Non-IT,EMPLOYEE TRAINEE,2017-18
Electronics,Male,1.8,1,"Dhoot Transmission,",Shubhangi Suresh. Gudalkar,Non-IT,EMPLOYEE TRAINEE,2018-19
Electronics,Male,1.2,1,"DHOOT TRANSMISSION,PUNE",SOMANTHA S. GARE,Non-IT,EMPLOYEE TRAINEE,2017-18
Electronics,Male,1.8,1,"Dhoot Transmission,",Suraj Sanjay Patil,Non-IT,EMPLOYEE TRAINEE,2018-19
Electronics,Male,1.2,1,"DHOOT TRANSMISSION,PUNE",SWAPNALI BABASO PATIL,Non-IT,EMPLOYEE TRAINEE,2017-18
Electronics,Male,1.8,1,"Dhoot Transmission,",Swapnil Tanaji Mane,Non-IT,EMPLOYEE TRAINEE,2018-19
Electronics,Male,1.8,1,"Dhoot Transmission,",Utreshwar Yadav Walje,Non-IT,EMPLOYEE TRAINEE,2018-19
Electronics,Male,1.8,1,"Dhoot Transmission,",Virendra Rajeev Dev,Non-IT,EMPLOYEE TRAINEE,2018-19
Electronics,Male,1.2,1,"DHOOT TRANSMISSION,PUNE",YOGITA SOPAN PADEKAR,Non-IT,EMPLOYEE TRAINEE,2017-18
Electronics,Male,3,1,Hengtong,Vinayak Venkatesh Shenoy,Non-IT,Junior Engineer,2018-19
Electronics,Male,1.82,1,RIVIGO INDIA,AMOL SHINDE,Non-IT,OPERATION ASSOCIATE,2017-18
Electronics,Male,1.82,1,RIVIGO INDIA,MANGESH PATIL,Non-IT,OPERATION ASSOCIATE,2017-18
Electronics,Male,1.2,1,"Shree Samarth Automation, Kolhapur",SHUBHAM P. PATIL,Non-IT,Project Engineer,2017-18
Electronics,Male,1.4,1,Asian Paints,Swapnil Sanjay Nawale,Non-IT,Sales Executive,2018-19
Electronics,Male,1.8,1,Mouritech,Rohan Rajendra Suryawanshi,Non-IT,Software Engineer,2018-19
Electronics,Male,2.825,1,SLK Softwares,Mehveen Yamir Shaikh,Non-IT,Software Trainee,2018-19
Electronics,Male,2.4,1,Qspider,Rohan Rajendra Suryawanshi,Non-IT,Trainee Engineer,2018-19
ETC,Female,2.62,1,Ubisoft India,Neha Prakash Jadhav,IT,Game Tester,2020-21
ETC,Female,4.5,1,Cognizant,Komal Warke,IT,GenC-Developer,2020-21
ETC,Female,3.2,1,SLK,Sakshi Ghatge,IT,Software Developer,2020-21
ETC,Female,3.5,1,Wipro,Sakshi Ghatge,IT,Software Engineer,2020-21
ETC,Female,3.8,1,CAPGEMINI,Snehal Vharambale,IT,System Analyst,2020-21
ETC,Female,3.1,1,Atos global,Komal Warke,IT,Trainee (IT Infrastructure),2020-21
ETC,Female,3.5,1,Qspider,Komal Warke,IT,Trainee Engineer,2020-21
ETC,Female,3.5,1,Qspider,Monika Ananta Bangar,IT,Trainee Engineer,2020-21
ETC,Female,1.8,1,Dexterity Anasatte Management Solutions Pvt. Ltd,Aishwarya  Patil,Non-IT,Associate Engineer,2019-20
ETC,Female,1.8,1,Dexterity Anasatte Management Solutions Pvt. Ltd,Apurva Shinde,Non-IT,Associate Engineer,2019-20
ETC,Female,1.8,1,Dexterity Anasatte Management Solutions Pvt. Ltd,Gayatri Hiremath,Non-IT,Associate Engineer,2019-20
ETC,Female,1.8,1,Dexterity Anasatte Management Solutions Pvt. Ltd,Komal  Burungale,Non-IT,Associate Engineer,2019-20
ETC,Female,1.8,1,Dexterity Anasatte Management Solutions Pvt. Ltd,Mayuri Adnaik,Non-IT,Associate Engineer,2019-20
ETC,Female,1.8,1,Dexterity Anasatte Management Solutions Pvt. Ltd,Mayuri Kasture,Non-IT,Associate Engineer,2019-20
ETC,Female,1.8,2,Dexterity Anasatte Management Solutions Pvt. Ltd,Nilam Patil,Non-IT,Associate Engineer,2019-20
ETC,Female,1.8,1,Dexterity Anasatte Management Solutions Pvt. Ltd,Palkeet Singh,Non-IT,Associate Engineer,2019-20
ETC,Female,1.8,2,Dexterity Anasatte Management Solutions Pvt. Ltd,Pooja Shinde,Non-IT,Associate Engineer,2019-20
ETC,Female,1.8,1,Dexterity Anasatte Management Solutions Pvt. Ltd,Pranita Mode,Non-IT,Associate Engineer,2019-20
ETC,Female,1.8,1,Dexterity Anasatte Management Solutions Pvt. Ltd,priyanka giri,Non-IT,Associate Engineer,2019-20
ETC,Female,1.8,1,Dexterity Anasatte Management Solutions Pvt. Ltd,Rachana Kalake,Non-IT,Associate Engineer,2019-20
ETC,Female,1.8,1,Dexterity Anasatte Management Solutions Pvt. Ltd,Rasika Ayarekar,Non-IT,Associate Engineer,2019-20
ETC,Female,1.8,1,Dexterity Anasatte Management Solutions Pvt. Ltd,Rutuja Rajopadhye,Non-IT,Associate Engineer,2019-20
ETC,Female,1.8,1,Dexterity Anasatte Management Solutions Pvt. Ltd,Samruddhi Kulkarni,Non-IT,Associate Engineer,2019-20
ETC,Female,1.8,1,Dexterity Anasatte Management Solutions Pvt. Ltd,Shruti Wangale,Non-IT,Associate Engineer,2019-20
ETC,Female,1.8,1,Dexterity Anasatte Management Solutions Pvt. Ltd,Sneha Bavdekar,Non-IT,Associate Engineer,2019-20
ETC,Female,1.8,1,Dexterity Anasatte Management Solutions Pvt. Ltd,Sneha Powar,Non-IT,Associate Engineer,2019-20
ETC,Female,1.8,1,Dexterity Anasatte Management Solutions Pvt. Ltd,Swapnali Patil,Non-IT,Associate Engineer,2019-20
ETC,Female,1.8,1,Dexterity Anasatte Management Solutions Pvt. Ltd,Tejashri  Thorwat,Non-IT,Associate Engineer,2019-20
ETC,Female,3.5,1,Doubtnut,Monika Bangar,Non-IT,CONTENT DEVELOPER,2020-21
ETC,Female,3.5,1,LTI,Gayatri Hiremath,Non-IT,GET,2020-21
ETC,Female,3.5,1,LTI,Neha Jadhav,Non-IT,GET,2020-21
ETC,Female,4.25,2,Johnson Controls India,Pradnya Londhepatil,Non-IT,GET,2021-22
ETC,Female,1.2,1,BLUeSINGA,Sakshi Ghatge,Non-IT,Intern,2020-21
ETC,Female,4,1,L&T,Gayatri Hiremath,Non-IT,Software Developer,2019-20
ETC,Female,3.6,1,Infosys,Gayatri Hiremath,Non-IT,System Engineer,2019-20
ETC,Male,4.62,1,Huron,Suraj Landage,IT,Associate Consultant (Analyst i),2020-21
ETC,Male,3.36,1,Tata Consultancy Services - Ninja,Aboli Shiralkar,IT,Associate System Engineer,2020-21
ETC,Male,4,1,Cognizant,Rutuja Patil,IT,Gen C Developer,2020-21
ETC,Male,2.4,1,Mouritech,Yash Kavathekar,IT,Software Engineer,2020-21
ETC,Male,3.8,1,CAPGEMINI,Atul Ternikar,IT,System Analyst,2020-21
ETC,Male,3.8,1,CAPGEMINI,Sakshi Ghatge,IT,System Analyst,2020-21
ETC,Male,3.5,1,Qspider,Aboli Shiralkar,IT,Trainee Engineer,2020-21
ETC,Male,1.8,1,"Pragati Enterprizes, Pune",Nishikant Bilaskar,IT,Trainee Engineer,2020-21
ETC,Male,2.8,1,IndiaMart,Omkar Bagade,IT,Trainee Engineer,2020-21
ETC,Male,3.5,1,Qspider,Suraj Anandrao Landage,IT,Trainee Engineer,2020-21
ETC,Male,1.8,1,Dexterity Anasatte Management Solutions Pvt. Ltd,Akshay Shewale,Non-IT,Associate Engineer,2019-20
ETC,Male,1.8,1,Dexterity Anasatte Management Solutions Pvt. Ltd,Avinash Kurupkhele,Non-IT,Associate Engineer,2019-20
ETC,Male,1.8,1,Dexterity Anasatte Management Solutions Pvt. Ltd,Dhanraj Dhandge,Non-IT,Associate Engineer,2019-20
ETC,Male,1.8,1,Dexterity Anasatte Management Solutions Pvt. Ltd,Gourav Patil,Non-IT,Associate Engineer,2019-20
ETC,Male,1.8,1,Dexterity Anasatte Management Solutions Pvt. Ltd,Karan Parit,Non-IT,Associate Engineer,2019-20
ETC,Male,1.8,1,Dexterity Anasatte Management Solutions Pvt. Ltd,Onkar Mane,Non-IT,Associate Engineer,2019-20
ETC,Male,1.8,1,Dexterity Anasatte Management Solutions Pvt. Ltd,Onkar Waichal,Non-IT,Associate Engineer,2019-20
ETC,Male,1.8,1,Dexterity Anasatte Management Solutions Pvt. Ltd,Rushikesh Jadhav,Non-IT,Associate Engineer,2019-20
ETC,Male,1.8,1,Dexterity Anasatte Management Solutions Pvt. Ltd,SANTOSH POWAR,Non-IT,Associate Engineer,2019-20
ETC,Male,1.8,1,Dexterity Anasatte Management Solutions Pvt. Ltd,Shubham Jagtap,Non-IT,Associate Engineer,2019-20
ETC,Male,1.8,1,Dexterity Anasatte Management Solutions Pvt. Ltd,Vishal Kogekar,Non-IT,Associate Engineer,2019-20
ETC,Male,3.5,1,Doubtnut,Suraj Landage,Non-IT,CONTENT DEVELOPER,2020-21
ETC,Male,3,1,Chegg India,Suraj Landage,Non-IT,Subject Matter Expert,2020-21
ETC,Male,3,1,Chegg India,Yash Kavathekar,Non-IT,Subject Matter Expert,2020-21
ETC,Male,3.8,1,CAPGEMINI,Prashant Kumar,Non-IT,System Analyst,2019-20
Mechanical,Female,3.36,2,Tata Consultancy Services, Prajakta Bhikaji Mane,IT,Assistant System Engineer-Trainee,2021-22
Mechanical,Female,3.36,2,Tata Consultancy Services,Shreya Bharat Jagadale,IT,Assistant System Engineer-Trainee,2021-22
Mechanical,Female,4,2,DXC Technology,Saifulla Ajmuddin Patel,IT,Associate Professional,2021-22
Mechanical,Female,4,2,Evosys,Rasika Jadhav,IT,Functional Consultant,2021-22
Mechanical,Female,4,2,Cognizant,rutika suryakant patil,IT,GenC - Select,2021-22
Mechanical,Female,4,2,Cognizant,Sneha Ashok Chavan,IT,GenC - Select,2021-22
Mechanical,Female,4.5,1,Cognizant,Pradnya Chopade,IT,GenC-Developer,2020-21
Mechanical,Female,3.5,1,Dialogues Media,Komal Suresh Chavan,IT,Media Sales,2024-25
Mechanical,Female,5.5,1,Amazon,Ayesha Bagwan,IT,Operations Lead,2025-26
Mechanical,Female,5.5,1,Amazon,Mahek Golandaj,IT,Operations Lead,2025-26
Mechanical,Female,3.5,2,Wipro,Yasin Mehboob Maner,IT,Project Engineer,2021-22
Mechanical,Female,6,2,"GamesKraft,Banglore", Sanmati Rajiv Sawalwade,IT,Software Developer,2021-22
Mechanical,Female,4,1,EXCELR Solutions,Lisha Suresh Parmani,IT,Software Engineer,2023-24
Mechanical,Female,3,1,Chegg India,Aditi Prakash Ghunake,IT,Subject Matter Expert,2023-24
Mechanical,Female,3,1,Chegg India,Vincia Wilson Almeida,IT,Subject Matter Expert,2023-24
Mechanical,Female,3,1,Chegg India,Yogeshwari Sarjerao Shirgave,IT,Subject Matter Expert,2023-24
Mechanical,Female,3.6,2,Infosys,Aishwarya thorat,IT,System Engineer,2021-22
Mechanical,Female,3.6,1,Infosys,Prapti Mahesh Mudgal,IT,System Engineer,2025-26
Mechanical,Female,3.6,2,Infosys,Rutuja Shinde,IT,System Engineer,2021-22
Mechanical,Female,3,2,Palle Technology,Aishwarya shivaji thorat,IT,Trainee Engineer (PPO),2021-22
Mechanical,Female,3,2,Palle Technology,rutika suryakant patil,IT,Trainee Engineer (PPO),2021-22
Mechanical,Female,3,2,Palle Technology,Sachin Savaleram Mante,IT,Trainee Engineer (PPO),2021-22
Mechanical,Female,3,1,Diageo India,Bhagyashri Bharat Patil,Non-IT,Apprentice Engineer,2024-25
Mechanical,Female,3,1,Diageo India,Ragini Manesh Jagtap,Non-IT,Apprentice Engineer,2024-25
Mechanical,Female,1.8,1,Dexterity Anasatte Management Solutions Pvt. Ltd,Aishwarya Bhosale,Non-IT,Associate Engineer,2019-20
Mechanical,Female,1.8,1,Dexterity Anasatte Management Solutions Pvt. Ltd,Gandhali  Kamble,Non-IT,Associate Engineer,2019-20
Mechanical,Female,1.8,1,Dexterity Anasatte Management Solutions Pvt. Ltd,Janhavi Yadav,Non-IT,Associate Engineer,2019-20
Mechanical,Female,1.8,1,Dexterity Anasatte Management Solutions Pvt. Ltd,Manali Shinge,Non-IT,Associate Engineer,2019-20
Mechanical,Female,1.8,1,Dexterity Anasatte Management Solutions Pvt. Ltd,Shivani Patil,Non-IT,Associate Engineer,2019-20
Mechanical,Female,1.8,2,Dexterity Anasatte Management Solutions Pvt. Ltd,Srushti Patil,Non-IT,Associate Engineer,2019-20
Mechanical,Female,8,1,"Edu Versity,Banglore",Ayesha Bagwan,Non-IT,BDE,2025-26
Mechanical,Female,8,1,"Edu Versity,Banglore",Prapti Mahesh Mudgal,Non-IT,BDE,2025-26
Mechanical,Female,8,1,"Edu Versity,Banglore",Shreya Banderao Powar,Non-IT,BDE,2025-26
Mechanical,Female,3.75,1,BYJUs,Srushti Patil,Non-IT,BDM,2019-20
Mechanical,Female,1.8,1,Patnajali Group,Pratima Mithare,Non-IT,Business,2018-19
Mechanical,Female,6,1,Apollo Tyres,Mrunmayee Ghorpade,Non-IT,Business Consultant,2022-23
Mechanical,Female,6,1,Unlox Academy,Chinmayee Chandrakant Sinkar,Non-IT,Business Development Associate,2025-26
Mechanical,Female,6,1,Unlox Academy,Samruddhi Vinod Pawar,Non-IT,Business Development Associate,2025-26
Mechanical,Female,7,1,Launched Global ,Ayesha Bagwan,Non-IT,Business Development Executive,2025-26
Mechanical,Female,7,1,Launched Global ,Muskan Bashir Inamdar,Non-IT,Business Development Executive,2025-26
Mechanical,Female,7,1,Launched Global ,Samruddhi Vinod Pawar,Non-IT,Business Development Executive,2025-26
Mechanical,Female,7,1,Launched Global ,Tanuja Dattatray Gaikwad,Non-IT,Business Development Executive,2025-26
Mechanical,Female,5,1,Inmovidu Tech, Pradnya Sarjerao Chopade,Non-IT,Business Development Manager,2020-21
Mechanical,Female,3,2,MentorBoxx,Aishwarya thorat,Non-IT,Community Influncer,2021-22
Mechanical,Female,1.8,1,Amazon India,Maitriya Damugade,Non-IT,CRM,2017-18
Mechanical,Female,2.4,1,Exenity Sysem Pvt Ltd Pune,Dipika Rashiwade,Non-IT,Design Engineer,2022-23
Mechanical,Female,1.8,1,"DHOOT TRANSMISSION,PUNE",Aashlesha a. Sutar,Non-IT,EMPLOYEE TRAINEE,2017-18
Mechanical,Female,1.8,1,"DHOOT TRANSMISSION,PUNE",Asmita a navale,Non-IT,EMPLOYEE TRAINEE,2017-18
Mechanical,Female,1.8,1,"DHOOT TRANSMISSION,PUNE",Dhanashri j. Sutar,Non-IT,EMPLOYEE TRAINEE,2017-18
Mechanical,Female,1.8,1,"DHOOT TRANSMISSION,PUNE",Gourishankar s. Tambve,Non-IT,EMPLOYEE TRAINEE,2017-18
Mechanical,Female,1.8,1,"DHOOT TRANSMISSION,PUNE",Pradnya parakash patil,Non-IT,EMPLOYEE TRAINEE,2017-18
Mechanical,Female,1.8,1,"DHOOT TRANSMISSION,PUNE",Rutuja v. Desai,Non-IT,EMPLOYEE TRAINEE,2017-18
Mechanical,Female,1.8,1,"DHOOT TRANSMISSION,PUNE",Soni n. Nagargoje,Non-IT,EMPLOYEE TRAINEE,2017-18
Mechanical,Female,1.8,1,"DHOOT TRANSMISSION,PUNE",Varsha ekshinge d,Non-IT,EMPLOYEE TRAINEE,2017-18
Mechanical,Female,1.8,1,Ghatge Patil,Khavare Pooja Dhananjay,Non-IT,GAT,2017-18
Mechanical,Female,3.5,1,Ghadge Patil,Nivale Asmita Ashok,Non-IT,GAT,2017-18
Mechanical,Female,2.4,1,Zanwar Group,Pranali Kamble,Non-IT,GAT,2023-24
Mechanical,Female,5,1,Schaeffler India,Shivani Mahadev Powar,Non-IT,GAT,2025-26
Mechanical,Female,3,1,Belrise Industries Pvt Ltd,Tanuja Ananda Gavade,Non-IT,GAT,2025-26
Mechanical,Female,3,1,Ghatge Patil Industries, Prutha Vinod Karekar,Non-IT,GET,2023-24
Mechanical,Female,5.5,1,Forvia,Chinmayee Chandrakant Sinkar,Non-IT,GET,2025-26
Mechanical,Female,5.5,1,JNK,Chinmayee Chandrakant Sinkar,Non-IT,GET,2025-26
Mechanical,Female,5,1,Linde,Chinmayee Mahesh Kulkarni,Non-IT,GET,2023-24
Mechanical,Female,3.5,1,Worley,Jagruti Patil,Non-IT,GET,2020-21
Mechanical,Female,6.5,1,Technimont,Lisha Suresh Parmani,Non-IT,GET,2023-24
Mechanical,Female,3.5,1,RLE International,Madhumati Arvind Desai,Non-IT,GET,2022-23
Mechanical,Female,5.15,1,Worley,Maithili Rangrao Patil,Non-IT,GET,2023-24
Mechanical,Female,5.46,1,Tecnimont,Muskan Bashir Inamdar,Non-IT,GET,2025-26
Mechanical,Female,3,1,"Sagar Defence,Pune",Neha Pandit Powar,Non-IT,GET,2025-26
Mechanical,Female,4,1,WIPRO PARI,Nikita Deelip Kharat,Non-IT,GET,2023-24
Mechanical,Female,3,1,"Sagar Defence,Pune",Prapti Mahesh Mudgal,Non-IT,GET,2025-26
Mechanical,Female,3.5,1,Diageo Spirits,Pratima Mithari,Non-IT,GET,2018-19
Mechanical,Female,5.5,1,Forvia,Rajlaxmi Atul Bhalavane,Non-IT,GET,2025-26
Mechanical,Female,4.5,1,British Petroleum,Richa Rajaram Dawar,Non-IT,GET,2025-26
Mechanical,Female,5.15,1,Worley,Rutuja Prakash Wakarekar,Non-IT,GET,2023-24
Mechanical,Female,3.5,2,Reliance Retail,Rutuja Sanjay Shinde,Non-IT,GET,2021-22
Mechanical,Female,3,1,Ghatge Patil Industries,Rutuja Sopan Patil,Non-IT,GET,2023-24
Mechanical,Female,3.84,1,WIPRO PARI,Samruddhi Shrikant Mule,Non-IT,GET,2022-23
Mechanical,Female,3,1,Bharat Forge,Samruddhi Vinod Pawar,Non-IT,GET,2025-26
Mechanical,Female,5.15,1,Worley,Sanika Prabhakar Gondhali,Non-IT,GET,2023-24
Mechanical,Female,3.5,2,Reliance Retail,Snehal Devanand Munde,Non-IT,GET,2021-22
Mechanical,Female,3,1,"Sagar Defence,Pune",Snehal Sachin Killedar,Non-IT,GET,2025-26
Mechanical,Female,3,1,"Sagar Defence,Pune",Tanuja Ananda Gavade,Non-IT,GET,2025-26
Mechanical,Female,3,1,KEOLIS,Tanuja Dattatrary Gaikwad,Non-IT,GET,2025-26
Mechanical,Female,5.15,1,Worley,Vincia Wilson Almeida,Non-IT,GET,2023-24
Mechanical,Female,3.5,1,Praj Industry,YASHSHRI SUNIL JADHAV,Non-IT,GET,2022-23
Mechanical,Female,4.5,2,Square Yards,Utkarsha Undale,Non-IT,Management Trainee,2021-22
Mechanical,Female,4,1,Cognizant,Nayan Deepak Parab,Non-IT,Programmer Analyst Trainee,2019-20
Mechanical,Female,3,1,Magic Stone Prop Consultants LLP, Nikita Sanjay Koigade,Non-IT,Relationship Manager,2023-24
Mechanical,Female,3,1,Magic Stone Prop Consultants LLP, Prutha Vinod Karekar,Non-IT,Relationship Manager,2023-24
Mechanical,Female,3,1,Magic Stone Prop Consultants LLP,Aditi Prakash Ghunake,Non-IT,Relationship Manager,2023-24
Mechanical,Female,3,1,Magic Stone Prop Consultants LLP,Charul Deepak Naik,Non-IT,Relationship Manager,2023-24
Mechanical,Female,3,1,Magic Stone Prop Consultants LLP,Chinmayee Mahesh Kulkarni,Non-IT,Relationship Manager,2023-24
Mechanical,Female,3,1,Chegg India,Madhumati Arvind Desai,Non-IT,Subject Matter Expert,2022-23
Mechanical,Female,3,1,Chegg India,Punam Waghmode,Non-IT,Subject Matter Expert,2020-21
Mechanical,Female,3,1,Chegg India,Shweta Sanjay Jadhav,Non-IT,Subject Matter Expert,2022-23
Mechanical,Female,3,1,Chegg India,Siddhu Babu Khondal,Non-IT,Subject Matter Expert,2022-23
Mechanical,Female,1.8,1,Preciforge And Gear, Sutar Ashlesha Arun,Non-IT,Trainee Engineer,2017-18
Mechanical,Female,3,1,K12 Techni Services,Ayesha Bagwan,Non-IT,Trainee Engineer,2025-26
Mechanical,Female,1.8,1,Zavar Group,Desai Rutuja Vishwas,Non-IT,Trainee Engineer,2017-18
Mechanical,Female,3,1,"QSPIDER,PUNE",Dhanashri Shivaji Gunjane,Non-IT,Trainee Engineer,2018-19
Mechanical,Female,1.8,1,Ghatge Patil,Janhavi Yadav,Non-IT,Trainee Engineer,2019-20
Mechanical,Female,1.8,1,Ghatge Patil,Manali Shinge,Non-IT,Trainee Engineer,2019-20
Mechanical,Female,1.8,1,Chetan Motors,Nimbalkar Indrayani Arvind,Non-IT,Trainee Engineer,2017-18
Mechanical,Female,1.8,1,Ghatge Patil,Pranil hatkar,Non-IT,Trainee Engineer,2019-20
Mechanical,Female,6,1,K12 Techni Services,Samruddhi Vinod Pawar,Non-IT,Trainee Engineer,2025-26
Mechanical,Female,2.2,1,John Deere,Shubhangi Patil,Non-IT,Trainee Engineer,2018-19
Mechanical,Female,2.2,1,John Deere,Snehal Patil,Non-IT,Trainee Engineer,2018-19
Mechanical,Female,1.8,1,PR Engineering Gokul Shirgaon,Suryawanshi Aishwarya Gajanan,Non-IT,Trainee Engineer,2017-18
Mechanical,Female,2.4,1,"AnExpertise,Pune",Susmita sudam mali,Non-IT,Trainee Engineer,2017-18
Mechanical,Female,5.5,1,Kinlong,Veena Subhashchandra Patole,Non-IT,Trainee Engineer,2024-25
Mechanical,Female,2.4,2,Menon  Bearings and Menon Alkop,Rohini Baban Thamake,Non-IT,Trainee Engineer (PPO),2021-22
Mechanical,Male,4.5,1,Vedantu,Pratik Arvind Pathak,IT,Academic Counsellor,2020-21
Mechanical,Male,3.36,1,Tata Consultancy Services,Ajinkya Patil,IT,Assisatnt system Engineer-Trainee,2020-21
Mechanical,Male,3.36,1,Tata Consultancy Services,Anirudha Shinde,IT,Assisatnt system Engineer-Trainee,2020-21
Mechanical,Male,3.36,1,Tata Consultancy Services,Pruthviraj Khot,IT,Assisatnt system Engineer-Trainee,2020-21
Mechanical,Male,3.36,1,Tata Consultancy Services,Ritik Suryavanshi,IT,Assisatnt system Engineer-Trainee,2020-21
Mechanical,Male,3.36,2,Tata Consultancy Services,Harsh harish upadhyay,IT,Assistant System Engineer-Trainee,2021-22
Mechanical,Male,3.36,2,Tata Consultancy Services,Nitin Vijayrao Titvekar,IT,Assistant System Engineer-Trainee,2021-22
Mechanical,Male,3.36,2,Tata Consultancy Services,Onkar Ashok Kulkarni,IT,Assistant System Engineer-Trainee,2021-22
Mechanical,Male,3.36,2,Tata Consultancy Services,Shreyas Krishnat Lad,IT,Assistant System Engineer-Trainee,2021-22
Mechanical,Male,3.36,2,Tata Consultancy Services,Shubham bajarang Dalvi,IT,Assistant System Engineer-Trainee,2021-22
Mechanical,Male,4.2,1,DXC Technology,Abhishek Ajaykumar Patil,IT,Associate Professional,2022-23
Mechanical,Male,4.2,1,DXC Technology,Abulhasan Arshad Shaikh,IT,Associate Professional,2022-23
Mechanical,Male,4.2,1,DXC Technology,Amol Abhay Mantri,IT,Associate Professional,2022-23
Mechanical,Male,4.2,1,DXC Technology,Amrut Uttam Narke,IT,Associate Professional,2022-23
Mechanical,Male,4,2,DXC Technology,Atharv Ajay Chavan,IT,Associate Professional,2021-22
Mechanical,Male,4.2,1,DXC Technology,Atharva Anil Mane,IT,Associate Professional,2022-23
Mechanical,Male,4,2,DXC Technology,AVINASH VISHNU CHAVAN,IT,Associate Professional,2021-22
Mechanical,Male,4,2,DXC Technology,Avishkar Tanaji Patil,IT,Associate Professional,2021-22
Mechanical,Male,4.2,1,DXC Technology,Bobin Jeron Gonsalves,IT,Associate Professional,2022-23
Mechanical,Male,4,2,DXC Technology,Chaitanya Chandrakant Jagdale,IT,Associate Professional,2021-22
Mechanical,Male,4,2,DXC Technology,Deepak Dattatray Agalave,IT,Associate Professional,2021-22
Mechanical,Male,4,2,DXC Technology,Dikshant Ranjit Etawadekar,IT,Associate Professional,2021-22
Mechanical,Male,4.2,1,DXC Technology,Ganesh Bharat Badale,IT,Associate Professional,2022-23
Mechanical,Male,4.2,1,DXC Technology,Mandar Mahesh Hirphode,IT,Associate Professional,2022-23
Mechanical,Male,4.2,1,DXC Technology,Onkar Janardan Patil,IT,Associate Professional,2022-23
Mechanical,Male,4.2,1,DXC Technology,Pankaj Babaso Koli,IT,Associate Professional,2022-23
Mechanical,Male,4.2,1,DXC Technology,Prathamesh Harshavardhan Chougule,IT,Associate Professional,2022-23
Mechanical,Male,4.2,1,DXC Technology,Prathmesh Rajendra Arage,IT,Associate Professional,2022-23
Mechanical,Male,4.2,1,DXC Technology,Pratik Eknath Patil,IT,Associate Professional,2022-23
Mechanical,Male,4,2,DXC Technology,Rutuj Chandrakant Satpute,IT,Associate Professional,2021-22
Mechanical,Male,4,2,DXC Technology,Sachin Savleram Mante,IT,Associate Professional,2021-22
Mechanical,Male,4,2,DXC Technology,Sairaj Bharat Patil,IT,Associate Professional,2021-22
Mechanical,Male,4,2,DXC Technology,Sanket Sanjay Powar,IT,Associate Professional,2021-22
Mechanical,Male,4,2,DXC Technology,Sanket Shivaji Shinde,IT,Associate Professional,2021-22
Mechanical,Male,4.2,1,DXC Technology,Saurabh Suresh Pendhari,IT,Associate Professional,2022-23
Mechanical,Male,4,2,DXC Technology,Shivam Manohar Hajare,IT,Associate Professional,2021-22
Mechanical,Male,4,2,DXC Technology,Shivam Sanmukh Dhere,IT,Associate Professional,2021-22
Mechanical,Male,4.2,1,DXC Technology,Siddharth Dineshbhai Desai,IT,Associate Professional,2022-23
Mechanical,Male,4.2,1,DXC Technology,Soham Sonaba Kumbhar,IT,Associate Professional,2022-23
Mechanical,Male,4.2,1,DXC Technology,Sumedh Sanjay Bhosale,IT,Associate Professional,2022-23
Mechanical,Male,4.2,1,DXC Technology,Sushant Shamrao Patil,IT,Associate Professional,2022-23
Mechanical,Male,4,2,DXC Technology,Vaibhav SANGRAM bhosale,IT,Associate Professional,2021-22
Mechanical,Male,3.36,1,Tata Consultancy Services - Ninja,Rushikesh  Jambhale,IT,Associate System Engineer,2020-21
Mechanical,Male,3.36,1,Tata Consultancy Services - Ninja,Sufiyan Momin,IT,Associate System Engineer,2020-21
Mechanical,Male,2.8,1,Quality Kiosk,Arjun sunil pawar,IT,Automation Engineer,2020-21
Mechanical,Male,3.5,1,Doubtnut,Narayan Hanamat Dhas,IT,Development manager,2020-21
Mechanical,Male,3.5,1,Doubtnut,Shubham Basavraj Patil,IT,Development manager,2020-21
Mechanical,Male,7.5,1,TCS,Kshitij kisan powar,IT,Digital,2023-24
Mechanical,Male,2.62,1,Ubisoft,Shardul Sachin Sharma,IT,Game Tester,2020-21
Mechanical,Male,4,2,Cognizant,Abhay Babasaheb Randive,IT,GenC - Select,2021-22
Mechanical,Male,4,2,Cognizant,Adish Ashish Mandavkar,IT,GenC - Select,2021-22
Mechanical,Male,4,2,Cognizant,Akash Ashok Jadhav,IT,GenC - Select,2021-22
Mechanical,Male,4,2,Cognizant,Avishkar Tanaji Patil,IT,GenC - Select,2021-22
Mechanical,Male,4,2,Cognizant,Chaitanya Chandrakant Jagdale,IT,GenC - Select,2021-22
Mechanical,Male,4,2,Cognizant,Deepak Dattatray Agalave,IT,GenC - Select,2021-22
Mechanical,Male,4,2,Cognizant,Hemant Dileep Jadhav,IT,GenC - Select,2021-22
Mechanical,Male,4,2,Cognizant,Hritvij Ramesh Gaikwad,IT,GenC - Select,2021-22
Mechanical,Male,4,2,Cognizant,Manav Uday Patil,IT,GenC - Select,2021-22
Mechanical,Male,4,2,Cognizant,Nitin Vijayrao Titvekar,IT,GenC - Select,2021-22
Mechanical,Male,4,2,Cognizant,Omkar Arun Ulape,IT,GenC - Select,2021-22
Mechanical,Male,4,2,Cognizant,Pranav Pundlik Belgaonkar,IT,GenC - Select,2021-22
Mechanical,Male,4,2,Cognizant,Purvesh Shrikant Peche,IT,GenC - Select,2021-22
Mechanical,Male,4,2,Cognizant,Rahul Mahadev Narake,IT,GenC - Select,2021-22
Mechanical,Male,4,2,Cognizant,Sanket Sanjay Powar,IT,GenC - Select,2021-22
Mechanical,Male,4,2,Cognizant,Shivam Manohar Hajare,IT,GenC - Select,2021-22
Mechanical,Male,4,2,Cognizant,Shivam Sanmukh Dhere,IT,GenC - Select,2021-22
Mechanical,Male,4,2,Cognizant,shivam shrikant shinde,IT,GenC - Select,2021-22
Mechanical,Male,4,2,Cognizant,Shubham Atul Tapkire,IT,GenC - Select,2021-22
Mechanical,Male,4,2,Cognizant,Shubham bajarang Dalvi,IT,GenC - Select,2021-22
Mechanical,Male,4,2,Cognizant,Sourabh sudhir kanase,IT,GenC - Select,2021-22
Mechanical,Male,4,2,Cognizant,Tejas Uttam Mohite,IT,GenC - Select,2021-22
Mechanical,Male,4.5,1,Cognizant,Krushnal Renake,IT,GenC-Developer,2020-21
Mechanical,Male,4.5,1,Cognizant,Swaroop Vinayak Pawshe,IT,GenC-Developer,2020-21
Mechanical,Male,3.5,1,Neilsoft,Aditya Kulkarni,IT,GET,2020-21
Mechanical,Male,6,1,CtrlS,Sohel Mahibub Pathan,IT,GET,2023-24
Mechanical,Male,4,2,Evosys,Onkar kulkarni,IT,Intern + PPO,2021-22
Mechanical,Male,3.38,1,TCS,Saurabh Dinkar Patil,IT,Ninja,2023-24
Mechanical,Male,5.5,1,Amazon,Asim Yasin Pathan,IT,Operations Lead,2025-26
Mechanical,Male,3.5,2,Wipro,Abhay Babasaheb Randive,IT,Project Engineer,2021-22
Mechanical,Male,3.5,2,Wipro,Akshay Arvind Patil,IT,Project Engineer,2021-22
Mechanical,Male,3.5,2,Wipro,Nitin Vijayrao Titvekar,IT,Project Engineer,2021-22
Mechanical,Male,3.5,2,Wipro,Omkar Arun Ulape,IT,Project Engineer,2021-22
Mechanical,Male,3.5,2,Wipro,Onkar Ashok Kulkarni,IT,Project Engineer,2021-22
Mechanical,Male,3.5,2,Wipro,Pranav Pramod Sarwade,IT,Project Engineer,2021-22
Mechanical,Male,3.5,2,Wipro,Rahul Mahadev Narake,IT,Project Engineer,2021-22
Mechanical,Male,3.5,2,Wipro,Rohan Sunil Vasudev,IT,Project Engineer,2021-22
Mechanical,Male,3.5,2,Wipro,Sachin Patil,IT,Project Engineer,2021-22
Mechanical,Male,3.5,2,Wipro,Shivam Manohar Hajare,IT,Project Engineer,2021-22
Mechanical,Male,3.5,2,Wipro,Shreyas Krishnat Lad,IT,Project Engineer,2021-22
Mechanical,Male,4.5,1,Accenture,Dhairysheel Patil,IT,Software Developer,2020-21
Mechanical,Male,4,1,EXCELR Solutions,Ajay Devrao Bhardewad,IT,Software Engineer,2023-24
Mechanical,Male,3.5,1,Qspider,Ashik Chavan,IT,Software Engineer,2020-21
Mechanical,Male,4,1,Qspider,Laxman Shamrao Devane,IT,Software Engineer,2022-23
Mechanical,Male,4,1,Qspider,Nishant Krishnat Patole,IT,Software Engineer,2022-23
Mechanical,Male,4,1,Cognizant,Popat More,IT,Software Engineer,2020-21
Mechanical,Male,3.6,1,TATA ELXI,Popat More,IT,Software Engineer,2020-21
Mechanical,Male,4,1,Qspider,Raj Deepak Mehta,IT,Software Engineer,2022-23
Mechanical,Male,4,1,Qspider,Rohan Jagannath Panade,IT,Software Engineer,2022-23
Mechanical,Male,4,1,Qspider,Shubham Rajesh Paste,IT,Software Engineer,2022-23
Mechanical,Male,3.5,1,Qspider,Sujay Sanjay  jadhav,IT,Software Engineer,2020-21
Mechanical,Male,4,1,Qspider,Suraj Sampatrao Nalawade,IT,Software Engineer,2022-23
Mechanical,Male,4,1,Qspider,Suyog Sandip Jagadale,IT,Software Engineer,2022-23
Mechanical,Male,3,1,Chegg India,Aditya Mahadev Nalavade,IT,Subject Matter Expert,2023-24
Mechanical,Male,3,1,Chegg India,Ajay Devrao Bhardewad,IT,Subject Matter Expert,2023-24
Mechanical,Male,3,1,Chegg India,Akash Avinash Sonule,IT,Subject Matter Expert,2023-24
Mechanical,Male,3,1,Chegg India,Aniket Nitin Mengane,IT,Subject Matter Expert,2023-24
Mechanical,Male,3,1,Chegg India,Digambar Dagadu Kumbhar,IT,Subject Matter Expert,2023-24
Mechanical,Male,3,1,Chegg India,Karan Rajesh Jankar,IT,Subject Matter Expert,2023-24
Mechanical,Male,3,1,Chegg India,Parth Prakash Patil,IT,Subject Matter Expert,2023-24
Mechanical,Male,3,1,Chegg India,Pavan Shripati Salokhe,IT,Subject Matter Expert,2023-24
Mechanical,Male,3,1,Chegg India,Prathamesh Krishnath Patil,IT,Subject Matter Expert,2023-24
Mechanical,Male,3,1,Chegg India,Ritesh Uttam Patil,IT,Subject Matter Expert,2023-24
Mechanical,Male,3,1,Chegg India,Shivprasad Manning Patil,IT,Subject Matter Expert,2023-24
Mechanical,Male,3,1,Chegg India,Urvesh Ramdas Vhavale,IT,Subject Matter Expert,2023-24
Mechanical,Male,3,1,Chegg India,Vaibhav Suresh Yadav,IT,Subject Matter Expert,2023-24
Mechanical,Male,3.8,1,CAPGEMINI,Aashutosh Desai,IT,System Analyst,2020-21
Mechanical,Male,4,2,CAPGEMINI,Adish Ashish Mandavkar,IT,System Analyst,2021-22
Mechanical,Male,4,2,CAPGEMINI,Chinmay Vinayak Sutar,IT,System Analyst,2021-22
Mechanical,Male,4,2,CAPGEMINI,Deepak Dattatray Agalave,IT,System Analyst,2021-22
Mechanical,Male,4,2,CAPGEMINI,Hemant Dilee Jadhav,IT,System Analyst,2021-22
Mechanical,Male,4,2,CAPGEMINI,Sanket Shivaji Shinde,IT,System Analyst,2021-22
Mechanical,Male,4,2,CAPGEMINI,ShivamManohar hajare,IT,System Analyst,2021-22
Mechanical,Male,3.8,1,CAPGEMINI,Vijay Ambekar,IT,System Analyst,2020-21
Mechanical,Male,3.6,1,Infosys,Aashish Yadav,IT,System Engineer,2020-21
Mechanical,Male,3.36,1,Tata Consultancy Services,Abhishek Ajaykumar Patil,IT,System Engineer,2022-23
Mechanical,Male,3.6,1,Infosys,Dhairysheel Patil,IT,System Engineer,2020-21
Mechanical,Male,3.6,2,Infosys,Gaurav Salunkhe,IT,System Engineer,2021-22
Mechanical,Male,3.6,2,Infosys,Manav Patil,IT,System Engineer,2021-22
Mechanical,Male,3.6,2,Infosys,Onkar Eknath Patil,IT,System Engineer,2021-22
Mechanical,Male,3.6,2,Infosys,Prithviraj Maheshrao Parab,IT,System Engineer,2021-22
Mechanical,Male,3.6,2,Infosys,Rahul Narke,IT,System Engineer,2021-22
Mechanical,Male,3.6,2,Infosys,Shivam Shinde,IT,System Engineer,2021-22
Mechanical,Male,7.5,2,Tata Consultancy Services,SHREYASH Madhukar MALI,IT,System Engineer,2021-22
Mechanical,Male,3.36,1,Tata Consultancy Services,Sourabh Patil,IT,System Engineer,2020-21
Mechanical,Male,3.36,1,Tata Consultancy Services,Sumedh Sanjay Bhosale,IT,System Engineer,2022-23
Mechanical,Male,3.6,1,Infosys,Vijay Ambekar,IT,System Engineer,2020-21
Mechanical,Male,3.36,1,Tata Consultancy Services,Vishvesh Vivek  Khaladkar,IT,System Engineer,2020-21
Mechanical,Male,3.5,1,QSpiders,Aditya Vilas Patil,IT,Trainee Engineer,2024-25
Mechanical,Male,3,1,Qspider,Akash Avinash Sonule,IT,Trainee Engineer,2023-24
Mechanical,Male,3,2,Pentagon Space Pvt Ltd.,Akshay Vijay Jadhav,IT,Trainee Engineer,2021-22
Mechanical,Male,3.5,1,QSpiders,Avadhut Chandrakant Mokashi,IT,Trainee Engineer,2024-25
Mechanical,Male,3.5,1,QSpiders,Avadhut Rajaram Sawant,IT,Trainee Engineer,2024-25
Mechanical,Male,3.8,2,Qspider,Junaid Nadaf,IT,Trainee Engineer,2021-22
Mechanical,Male,3,1,Qspider,Kshitij kisan powar,IT,Trainee Engineer,2023-24
Mechanical,Male,3.5,1,QSpiders,Niranjan Shreedhar Gurao,IT,Trainee Engineer,2024-25
Mechanical,Male,3.8,2,Qspider,Prathamesh Malhari Padman,IT,Trainee Engineer,2021-22
Mechanical,Male,3.8,2,Qspider,Sandesh Sandip Ajamane,IT,Trainee Engineer,2021-22
Mechanical,Male,3,2,Pentagon Space Pvt Ltd.,Shubham Pawar,IT,Trainee Engineer,2021-22
Mechanical,Male,3.8,2,Qspider,Sourabh sudhir kanase,IT,Trainee Engineer,2021-22
Mechanical,Male,3.8,2,Qspider,Swapnil Vasant Gore,IT,Trainee Engineer,2021-22
Mechanical,Male,3.8,2,Qspider,Tejas Uttam Mohite,IT,Trainee Engineer,2021-22
Mechanical,Male,3.8,2,Qspider,Yashodeep Rahul Daiv,IT,Trainee Engineer,2021-22
Mechanical,Male,3,2,Palle Technology,Avadhut lahu shinde,IT,Trainee Engineer (PPO),2021-22
Mechanical,Male,3,2,Palle Technology,Rushikesh Parasharam Khade,IT,Trainee Engineer (PPO),2021-22
Mechanical,Male,3.6,2,Hummingbird Web Solutions Pvt. Ltd.,Vishwajit Patil,IT,Web Developer,2021-22
Mechanical,Male,2.4,1,"ALIBABA ,MUMBAI",Akshay Patil,Non-IT,Account Manager Sales,2016-17
Mechanical,Male,2.4,1,"ALIBABA ,MUMBAI",Tejas Pawar,Non-IT,Account Manager Sales,2016-17
Mechanical,Male,1.8,1,Dexterity Anasatte Management Solutions Pvt. Ltd,Abhijeet Kalagate,Non-IT,Associate Engineer,2019-20
Mechanical,Male,1.8,1,Dexterity Anasatte Management Solutions Pvt. Ltd,Abhishek Ghatage,Non-IT,Associate Engineer,2019-20
Mechanical,Male,1.8,1,Dexterity Anasatte Management Solutions Pvt. Ltd,adesh jadhav,Non-IT,Associate Engineer,2019-20
Mechanical,Male,1.8,1,Dexterity Anasatte Management Solutions Pvt. Ltd,Adhiraj Jagtap,Non-IT,Associate Engineer,2019-20
Mechanical,Male,1.8,1,Dexterity Anasatte Management Solutions Pvt. Ltd,Aditya Mahajan,Non-IT,Associate Engineer,2019-20
Mechanical,Male,1.8,1,Dexterity Anasatte Management Solutions Pvt. Ltd,Aditya Vankudre,Non-IT,Associate Engineer,2019-20
Mechanical,Male,1.8,1,Dexterity Anasatte Management Solutions Pvt. Ltd,Akash  Mali,Non-IT,Associate Engineer,2019-20
Mechanical,Male,1.8,1,Dexterity Anasatte Management Solutions Pvt. Ltd,Akshay Sakhare,Non-IT,Associate Engineer,2019-20
Mechanical,Male,1.8,1,Dexterity Anasatte Management Solutions Pvt. Ltd,Amol Chavan,Non-IT,Associate Engineer,2019-20
Mechanical,Male,1.8,1,Dexterity Anasatte Management Solutions Pvt. Ltd,Aniruddh Ghatage,Non-IT,Associate Engineer,2019-20
Mechanical,Male,1.8,1,Dexterity Anasatte Management Solutions Pvt. Ltd,Ashfaque Momin,Non-IT,Associate Engineer,2019-20
Mechanical,Male,1.8,1,Dexterity Anasatte Management Solutions Pvt. Ltd,Ashish Bodake,Non-IT,Associate Engineer,2019-20
Mechanical,Male,1.8,1,Dexterity Anasatte Management Solutions Pvt. Ltd,Ashutosh Mirje,Non-IT,Associate Engineer,2019-20
Mechanical,Male,1.8,1,Dexterity Anasatte Management Solutions Pvt. Ltd,AVIRAJ CHOUGALE,Non-IT,Associate Engineer,2019-20
Mechanical,Male,1.8,1,Dexterity Anasatte Management Solutions Pvt. Ltd,AZIM SUTAR,Non-IT,Associate Engineer,2019-20
Mechanical,Male,1.8,1,Dexterity Anasatte Management Solutions Pvt. Ltd,Bhooshan Jadhav,Non-IT,Associate Engineer,2019-20
Mechanical,Male,1.8,1,Dexterity Anasatte Management Solutions Pvt. Ltd,Charudatt Ghatage,Non-IT,Associate Engineer,2019-20
Mechanical,Male,1.8,1,Dexterity Anasatte Management Solutions Pvt. Ltd,DARSHAN VARNE,Non-IT,Associate Engineer,2019-20
Mechanical,Male,1.8,1,Dexterity Anasatte Management Solutions Pvt. Ltd,Dhanaji Chavan,Non-IT,Associate Engineer,2019-20
Mechanical,Male,1.8,1,Dexterity Anasatte Management Solutions Pvt. Ltd,Digvijay  Bhosale,Non-IT,Associate Engineer,2019-20
Mechanical,Male,1.8,1,Dexterity Anasatte Management Solutions Pvt. Ltd,Dinesh Pathade,Non-IT,Associate Engineer,2019-20
Mechanical,Male,1.8,2,Dexterity Anasatte Management Solutions Pvt. Ltd,DIPAK HUMBE,Non-IT,Associate Engineer,2019-20
Mechanical,Male,1.8,1,Dexterity Anasatte Management Solutions Pvt. Ltd,Gajanan Yallurkar,Non-IT,Associate Engineer,2019-20
Mechanical,Male,1.8,1,Dexterity Anasatte Management Solutions Pvt. Ltd,Ganesh Gajare,Non-IT,Associate Engineer,2019-20
Mechanical,Male,1.8,1,Dexterity Anasatte Management Solutions Pvt. Ltd,Ganesh Gore,Non-IT,Associate Engineer,2019-20
Mechanical,Male,1.8,1,Dexterity Anasatte Management Solutions Pvt. Ltd,Harshvardhan Gharpankar,Non-IT,Associate Engineer,2019-20
Mechanical,Male,1.8,1,Dexterity Anasatte Management Solutions Pvt. Ltd,Krishna Bajari,Non-IT,Associate Engineer,2019-20
Mechanical,Male,1.8,1,Dexterity Anasatte Management Solutions Pvt. Ltd,Mahesh  Vanjari,Non-IT,Associate Engineer,2019-20
Mechanical,Male,1.8,1,Dexterity Anasatte Management Solutions Pvt. Ltd,Mayuresh Nikam,Non-IT,Associate Engineer,2019-20
Mechanical,Male,1.8,1,Dexterity Anasatte Management Solutions Pvt. Ltd,Nikhil Date,Non-IT,Associate Engineer,2019-20
Mechanical,Male,1.8,1,Dexterity Anasatte Management Solutions Pvt. Ltd,Nikhil Sinnur,Non-IT,Associate Engineer,2019-20
Mechanical,Male,1.8,1,Dexterity Anasatte Management Solutions Pvt. Ltd,Niraj Mane,Non-IT,Associate Engineer,2019-20
Mechanical,Male,1.8,2,Dexterity Anasatte Management Solutions Pvt. Ltd,Omkar Patil,Non-IT,Associate Engineer,2019-20
Mechanical,Male,1.8,1,Dexterity Anasatte Management Solutions Pvt. Ltd,Omkar Salokhe,Non-IT,Associate Engineer,2019-20
Mechanical,Male,1.8,2,Dexterity Anasatte Management Solutions Pvt. Ltd,Onkar Sawant,Non-IT,Associate Engineer,2019-20
Mechanical,Male,1.8,2,Dexterity Anasatte Management Solutions Pvt. Ltd,Pavan Sankpal,Non-IT,Associate Engineer,2019-20
Mechanical,Male,1.8,1,Dexterity Anasatte Management Solutions Pvt. Ltd,Pradip Fasake,Non-IT,Associate Engineer,2019-20
Mechanical,Male,1.8,1,Dexterity Anasatte Management Solutions Pvt. Ltd,Prafulla  Bhanage,Non-IT,Associate Engineer,2019-20
Mechanical,Male,1.8,1,Dexterity Anasatte Management Solutions Pvt. Ltd,Prathamesh  Patil,Non-IT,Associate Engineer,2019-20
Mechanical,Male,1.8,1,Dexterity Anasatte Management Solutions Pvt. Ltd,Pravin Pawar,Non-IT,Associate Engineer,2019-20
Mechanical,Male,1.8,1,Dexterity Anasatte Management Solutions Pvt. Ltd,RAJVARDHAN  POWAR,Non-IT,Associate Engineer,2019-20
Mechanical,Male,1.8,1,Dexterity Anasatte Management Solutions Pvt. Ltd,Ramchandra Mulik.,Non-IT,Associate Engineer,2019-20
Mechanical,Male,1.8,1,Dexterity Anasatte Management Solutions Pvt. Ltd,Rangnath Harkal,Non-IT,Associate Engineer,2019-20
Mechanical,Male,1.8,1,Dexterity Anasatte Management Solutions Pvt. Ltd,Rohan  Patil,Non-IT,Associate Engineer,2019-20
Mechanical,Male,1.8,1,Dexterity Anasatte Management Solutions Pvt. Ltd,Rohan Patil,Non-IT,Associate Engineer,2019-20
Mechanical,Male,1.8,1,Dexterity Anasatte Management Solutions Pvt. Ltd,Rohit Kumbhar,Non-IT,Associate Engineer,2019-20
Mechanical,Male,1.8,1,Dexterity Anasatte Management Solutions Pvt. Ltd,Rohit Shelake,Non-IT,Associate Engineer,2019-20
Mechanical,Male,1.8,1,Dexterity Anasatte Management Solutions Pvt. Ltd,Rushikesh  Kumthekar,Non-IT,Associate Engineer,2019-20
Mechanical,Male,1.8,1,Dexterity Anasatte Management Solutions Pvt. Ltd,Rushikesh Bodake,Non-IT,Associate Engineer,2019-20
Mechanical,Male,1.8,1,Dexterity Anasatte Management Solutions Pvt. Ltd,Sadanand Shendolkar,Non-IT,Associate Engineer,2019-20
Mechanical,Male,1.8,1,Dexterity Anasatte Management Solutions Pvt. Ltd,Sahil Patil,Non-IT,Associate Engineer,2019-20
Mechanical,Male,1.8,1,Dexterity Anasatte Management Solutions Pvt. Ltd,Sandesh Birambole,Non-IT,Associate Engineer,2019-20
Mechanical,Male,1.8,1,Dexterity Anasatte Management Solutions Pvt. Ltd,Sarvesh Lokhande,Non-IT,Associate Engineer,2019-20
Mechanical,Male,1.8,1,Dexterity Anasatte Management Solutions Pvt. Ltd,Saurabh Bhalekar,Non-IT,Associate Engineer,2019-20
Mechanical,Male,1.8,2,Dexterity Anasatte Management Solutions Pvt. Ltd,Shirish Chougule,Non-IT,Associate Engineer,2019-20
Mechanical,Male,1.8,1,Dexterity Anasatte Management Solutions Pvt. Ltd,Shridhar Kerure,Non-IT,Associate Engineer,2019-20
Mechanical,Male,1.8,1,Dexterity Anasatte Management Solutions Pvt. Ltd,Shrikant  Kamble,Non-IT,Associate Engineer,2019-20
Mechanical,Male,1.8,1,Dexterity Anasatte Management Solutions Pvt. Ltd,Shrinath Gaikwad,Non-IT,Associate Engineer,2019-20
Mechanical,Male,1.8,1,Dexterity Anasatte Management Solutions Pvt. Ltd,Shubham Nakate,Non-IT,Associate Engineer,2019-20
Mechanical,Male,1.8,1,Dexterity Anasatte Management Solutions Pvt. Ltd,Shubham Powar,Non-IT,Associate Engineer,2019-20
Mechanical,Male,1.8,1,Dexterity Anasatte Management Solutions Pvt. Ltd,Siddhesh Chougule,Non-IT,Associate Engineer,2019-20
Mechanical,Male,1.8,1,Dexterity Anasatte Management Solutions Pvt. Ltd,Siddhesh Jadhav,Non-IT,Associate Engineer,2019-20
Mechanical,Male,1.8,1,Dexterity Anasatte Management Solutions Pvt. Ltd,Sourabh Jadhav,Non-IT,Associate Engineer,2019-20
Mechanical,Male,1.8,1,Dexterity Anasatte Management Solutions Pvt. Ltd,Sumit Patil,Non-IT,Associate Engineer,2019-20
Mechanical,Male,1.8,1,Dexterity Anasatte Management Solutions Pvt. Ltd,Sunny Ingawale,Non-IT,Associate Engineer,2019-20
Mechanical,Male,1.8,1,Dexterity Anasatte Management Solutions Pvt. Ltd,Suraj Hatkar,Non-IT,Associate Engineer,2019-20
Mechanical,Male,1.8,1,Dexterity Anasatte Management Solutions Pvt. Ltd,Swapnil Gurav,Non-IT,Associate Engineer,2019-20
Mechanical,Male,1.8,1,Dexterity Anasatte Management Solutions Pvt. Ltd,Swapnil Karande,Non-IT,Associate Engineer,2019-20
Mechanical,Male,1.8,1,Dexterity Anasatte Management Solutions Pvt. Ltd,Tayyab  Mujawar,Non-IT,Associate Engineer,2019-20
Mechanical,Male,1.8,1,Dexterity Anasatte Management Solutions Pvt. Ltd,Umair Waikar,Non-IT,Associate Engineer,2019-20
Mechanical,Male,1.8,1,Dexterity Anasatte Management Solutions Pvt. Ltd,Vaibhav Chougale,Non-IT,Associate Engineer,2019-20
Mechanical,Male,1.8,1,Dexterity Anasatte Management Solutions Pvt. Ltd,Vyankatesh Mudpe,Non-IT,Associate Engineer,2019-20
Mechanical,Male,4.8,2,"PinClick,Pune",Akshay Vijay Jadhav,Non-IT,Associate Property Advisor,2021-22
Mechanical,Male,4.8,2,"PinClick,Pune",Avadhut lahu shinde,Non-IT,Associate Property Advisor,2021-22
Mechanical,Male,4.8,2,"PinClick,Pune",Ganesh Mahadev Langote,Non-IT,Associate Property Advisor,2021-22
Mechanical,Male,3.36,1,Tata Consultancy Services,Suraj Hatkar,Non-IT,Asst.System Engineer,2019-20
Mechanical,Male,8,1,"Edu Versity,Banglore",Ajit Dasharath Gavade,Non-IT,BDE,2025-26
Mechanical,Male,1.2,1,"Esaplling Pvt Ltd,Pune",Kore Santosh Sadashiv,Non-IT,BDE,2016-17
Mechanical,Male,3,1,ToolKart,Vikas Rupchan Rathod,Non-IT,BDE,2020-21
Mechanical,Male,1.2,1,"Esaplling Pvt Ltd,Pune",Amogh Vijay Bakshi,Non-IT,BDE - Heating & Vantilation,2016-17
Mechanical,Male,1.2,1,"Esaplling Pvt Ltd,Pune",Ketan Kedar Gayawal,Non-IT,BDE - Heating & Vantilation,2016-17
Mechanical,Male,1.2,1,"Esaplling Pvt Ltd,Pune",Jagtap Suraj Suresh,Non-IT,BDE-HVAC,2016-17
Mechanical,Male,3.5,1,"Just Dial,Pune",Ashish Adake,Non-IT,BDM,2017-18
Mechanical,Male,3.5,1,"Just Dial,Pune",Mahesh Channe,Non-IT,BDM,2017-18
Mechanical,Male,3.5,1,"Just Dial,Pune",Prasad Bhad,Non-IT,BDM,2017-18
Mechanical,Male,3.5,1,"Just Dial,Pune",Ruturaj Kolekar,Non-IT,BDM,2017-18
Mechanical,Male,3.5,1,"Just Dial,Pune",Sagar Gawade,Non-IT,BDM,2017-18
Mechanical,Male,3.5,1,"Just Dial,Pune",Sangram Mane,Non-IT,BDM,2017-18
Mechanical,Male,7,1,BYJU's, Prasad Shankar Vanare,Non-IT,Business Development Associate,2022-23
Mechanical,Male,7,1,BYJU's, Prasad Sudhakar Atigre,Non-IT,Business Development Associate,2022-23
Mechanical,Male,7,1,BYJU's,Navman Momin,Non-IT,Business Development Associate,2022-23
Mechanical,Male,6,1,Unlox Academy,Rahul Patil,Non-IT,Business Development Associate,2025-26
Mechanical,Male,7,1,BYJU's,Sakib Sajjad Momin,Non-IT,Business Development Associate,2022-23
Mechanical,Male,7,1,BYJU's,Suyog Sandip Jagadale,Non-IT,Business Development Associate,2022-23
Mechanical,Male,6.5,1,PlanetSpark, Shubham Mallappa Kurle,Non-IT,Business Development Counsellar,2023-24
Mechanical,Male,7,1,Launched Global ,Appaji Dasharath Patil,Non-IT,Business Development Executive,2025-26
Mechanical,Male,7,1,Launched Global ,Om Avinash Patil,Non-IT,Business Development Executive,2025-26
Mechanical,Male,7,1,Launched Global ,Sahil Vivek Raut,Non-IT,Business Development Executive,2025-26
Mechanical,Male,7,1,Launched Global ,Vedang Sagar Mirajkar,Non-IT,Business Development Executive,2025-26
Mechanical,Male,7,1,Launched Global ,Vivek Vikas Aldar,Non-IT,Business Development Executive,2025-26
Mechanical,Male,7,1,Launched Global ,Yashwant Tirupati Rathod,Non-IT,Business Development Executive,2025-26
Mechanical,Male,5,1,Inmovidu Tech, Omkar Balaso Yadav,Non-IT,Business Development Manager,2020-21
Mechanical,Male,5,1,Inmovidu Tech, Piyush Tanaji Mahadik,Non-IT,Business Development Manager,2020-21
Mechanical,Male,5,1,Inmovidu Tech, Prashant Ghanshyam Bhosale,Non-IT,Business Development Manager,2020-21
Mechanical,Male,5,1,Inmovidu Tech, Rohit Bharat Yalmar,Non-IT,Business Development Manager,2020-21
Mechanical,Male,5,1,Inmovidu Tech, Ruturaj Pratap Khot,Non-IT,Business Development Manager,2020-21
Mechanical,Male,5,1,Inmovidu Tech, Sufiyan Shamshuddin Momin,Non-IT,Business Development Manager,2020-21
Mechanical,Male,5,1,Inmovidu Tech,Nitin Bhagatsingh Naik,Non-IT,Business Development Manager,2020-21
Mechanical,Male,5,1,Inmovidu Tech,Sagar mahaveer Chougule,Non-IT,Business Development Manager,2020-21
Mechanical,Male,5,1,Inmovidu Tech,Vishvesh Vivek  Khaladkar,Non-IT,Business Development Manager,2020-21
Mechanical,Male,6.5,1,BYJU,Anirudha Shinde,Non-IT,Business Development Trainee,2020-21
Mechanical,Male,3,2,MentorBoxx, Gautam Sanjay Chavan,Non-IT,Community Influncer,2021-22
Mechanical,Male,3,2,MentorBoxx,Anikesh kerba Kamble,Non-IT,Community Influncer,2021-22
Mechanical,Male,3,2,MentorBoxx,Ankush Panare,Non-IT,Community Influncer,2021-22
Mechanical,Male,3,2,MentorBoxx,Junaid Dastagir Nadaf,Non-IT,Community Influncer,2021-22
Mechanical,Male,3,2,MentorBoxx,Omkar Dhananjay Raut,Non-IT,Community Influncer,2021-22
Mechanical,Male,3,2,MentorBoxx,Prathamesh Malhari Padman,Non-IT,Community Influncer,2021-22
Mechanical,Male,3,2,MentorBoxx,Rohan Vasudev,Non-IT,Community Influncer,2021-22
Mechanical,Male,3,2,MentorBoxx,Shivam Dhere,Non-IT,Community Influncer,2021-22
Mechanical,Male,3,2,MentorBoxx,Swapnil Gore,Non-IT,Community Influncer,2021-22
Mechanical,Male,3,2,MentorBoxx,Tosim Mehabub Mujawar,Non-IT,Community Influncer,2021-22
Mechanical,Male,3,2,MentorBoxx,Vishwajeet Vijay Patil,Non-IT,Community Influncer,2021-22
Mechanical,Male,1.8,1,AMAZON.IN,Akshay Patil,Non-IT,CRM,2016-17
Mechanical,Male,1.88,1,"Anexpertize,Pune",Kaustubh Shinde,Non-IT,CRM,2018-19
Mechanical,Male,1.88,1,"Anexpertize,Pune",Ketan Holey,Non-IT,CRM,2018-19
Mechanical,Male,1.88,1,Amazon India,Rishav Sinha,Non-IT,CRM,2018-19
Mechanical,Male,1.8,1,AMAZON.IN,Sourabh Thorat,Non-IT,CRM,2016-17
Mechanical,Male,2.8,1,Amazon India,Yash Patil,Non-IT,CRM,2017-18
Mechanical,Male,6.2,1,Pin Click,Sanket R. Mane,Non-IT,Development,2018-19
Mechanical,Male,1.8,1,"Dhoot
Transmission,Pune",Chetan Jadhav,Non-IT,EMPLOYEE TRAINEE,2018-19
Mechanical,Male,1.8,1,"DHOOT TRANSMISSION,PUNE",Harishchandra ekal,Non-IT,EMPLOYEE TRAINEE,2017-18
Mechanical,Male,1.8,1,"DHOOT TRANSMISSION,PUNE",Karna k. Jambhale,Non-IT,EMPLOYEE TRAINEE,2017-18
Mechanical,Male,1.8,1,"DHOOT TRANSMISSION,PUNE",Mayur sutar,Non-IT,EMPLOYEE TRAINEE,2017-18
Mechanical,Male,1.8,1,"DHOOT TRANSMISSION,PUNE",Mohite lakhan y.,Non-IT,EMPLOYEE TRAINEE,2017-18
Mechanical,Male,1.8,1,"DHOOT TRANSMISSION,PUNE",Patil navnath h.,Non-IT,EMPLOYEE TRAINEE,2017-18
Mechanical,Male,1.8,1,"DHOOT TRANSMISSION,PUNE",Rahl v. Patil,Non-IT,EMPLOYEE TRAINEE,2017-18
Mechanical,Male,1.8,1,"DHOOT TRANSMISSION,PUNE",Sagar d. Jadhav,Non-IT,EMPLOYEE TRAINEE,2017-18
Mechanical,Male,1.8,1,"DHOOT TRANSMISSION,PUNE",Santosh varekar v.,Non-IT,EMPLOYEE TRAINEE,2017-18
Mechanical,Male,1.8,1,"DHOOT TRANSMISSION,PUNE",Siddheshwar s. Narasale,Non-IT,EMPLOYEE TRAINEE,2017-18
Mechanical,Male,1.8,1,"DHOOT TRANSMISSION,PUNE",Vaibhav j patkare,Non-IT,EMPLOYEE TRAINEE,2017-18
Mechanical,Male,2.8,1,Tafe Tractor Pvt. Ltd,Aniket Patil,Non-IT,Field Officer,2018-19
Mechanical,Male,2.8,1,Tafe Tractor Pvt. Ltd,Vitthal Sambhaji Shirole,Non-IT,Field Officer,2018-19
Mechanical,Male,4,1,GreyAtom,Swapnil Shelar,Non-IT,Front end developer,2019-20
Mechanical,Male,2.58,2,Walchandnagar Industries,atul arvind kanade,Non-IT,GAE,2021-22
Mechanical,Male,2.58,2,Walchandnagar Industries,Tosim mehabub mujavar,Non-IT,GAE,2021-22
Mechanical,Male,2.4,1,Mahabal Industries, Abhijeet Shankar Kamble,Non-IT,GAT,2022-23
Mechanical,Male,2.4,1,Mahabal Industries, Akshay Arun Kotekar,Non-IT,GAT,2022-23
Mechanical,Male,2.4,1,Mahabal Industries, Fajal Rafik Shikalgar,Non-IT,GAT,2022-23
Mechanical,Male,3,1,Belrise Industries Pvt Ltd,Aditya Ramesh Metil,Non-IT,GAT,2025-26
Mechanical,Male,3.5,1,TE Connectivity,Ajay Madane,Non-IT,GAT,2018-19
Mechanical,Male,1.8,1,RIVIGO INDIA,Ankush Palve,Non-IT,GAT,2017-18
Mechanical,Male,3,1,Belrise Industries Pvt Ltd,Arvind Mohan Kumbhar,Non-IT,GAT,2025-26
Mechanical,Male,5,1,Schaeffler India,Ashok Yashwant Bhusnar,Non-IT,GAT,2025-26
Mechanical,Male,3.5,1,Vaibhav Tech,Bhosale sourabh Prakash,Non-IT,GAT,2017-18
Mechanical,Male,2.4,1,Mahabal Industries,Devdatta Arvind Nerle,Non-IT,GAT,2022-23
Mechanical,Male,2.4,1,Mahabal Industries,Dhiraj Dilip Gavali,Non-IT,GAT,2022-23
Mechanical,Male,5,1,Schaeffler India,Dhiraj Shivaji Sawant,Non-IT,GAT,2025-26
Mechanical,Male,1.8,1,Bosch,Khadekar Pravin Suresh,Non-IT,GAT,2017-18
Mechanical,Male,6,2,Larsen & Toubro,Kiran Bhimrao Kamble,Non-IT,GAT,2021-22
Mechanical,Male,3.5,1,TE Connectivity,Kiran Patil,Non-IT,GAT,2018-19
Mechanical,Male,3.5,1,Metamorphosis India pvt. Ltd.,Kumar Umranikar,Non-IT,GAT,2017-18
Mechanical,Male,5,1,Schaeffler India,Mahmadali Firoj Bagwan,Non-IT,GAT,2025-26
Mechanical,Male,2.4,1,TE Connectivity,Manish Anil Bondre,Non-IT,GAT,2017-18
Mechanical,Male,2.4,1,Mahabal Industries,Nihal Alamgir Desai,Non-IT,GAT,2022-23
Mechanical,Male,5,1,Schaeffler India,Om Avinash Patil,Non-IT,GAT,2025-26
Mechanical,Male,3.5,1,"Vaibhav tech solutions,pune",Onkar mestri,Non-IT,GAT,2017-18
Mechanical,Male,1.8,1,Metamorfosis Pune,Patil Gaurav Vilas,Non-IT,GAT,2017-18
Mechanical,Male,1.8,1,Ghatge Patil Industries,Patil Pratik Prakash,Non-IT,GAT,2017-18
Mechanical,Male,3.5,1,Ghadge Patil,Patil Siddharth Sunil,Non-IT,GAT,2017-18
Mechanical,Male,1.8,1,Ghatge Patil,Patil Siddharth Sunil,Non-IT,GAT,2017-18
Mechanical,Male,3,1,TE Connectivity,Pavan Saloke,Non-IT,GAT,2023-24
Mechanical,Male,3,1,Belrise Industries Pvt Ltd,Prajyot Annaso Patil,Non-IT,GAT,2025-26
Mechanical,Male,5,1,Schaeffler India,Prasad Prakash Waikul,Non-IT,GAT,2025-26
Mechanical,Male,5,1,JNK,Prathamesh Sushil Gaikwad,Non-IT,GAT,2024-25
Mechanical,Male,3.5,1,TE Connectivity,Pratik kanse,Non-IT,GAT,2018-19
Mechanical,Male,3,1,Belrise Industries Pvt Ltd,Pratiraj Rajaram Chougale,Non-IT,GAT,2025-26
Mechanical,Male,3.5,1,"Vaibhav tech solutions,pune",Ranjeetsinh Rajaram Jadhav,Non-IT,GAT,2018-19
Mechanical,Male,3.5,1,TE Connectivity,Rishav Sinha,Non-IT,GAT,2018-19
Mechanical,Male,3,1,Belrise Industries Pvt Ltd,Sahil Shantaram Shinde,Non-IT,GAT,2025-26
Mechanical,Male,3.5,1,"Vaibhav tech solutions,pune",Sourabh Vyankatesh kulkarni,Non-IT,GAT,2018-19
Mechanical,Male,2.4,1,Mahabal Industries,Suraj Sanjay Magdum,Non-IT,GAT,2022-23
Mechanical,Male,2.4,1,TE Connectivity,Sutar Vinod Vijay Kumar,Non-IT,GAT,2017-18
Mechanical,Male,3,1,Belrise Industries Pvt Ltd,Tanish Dadasaheb Pawar,Non-IT,GAT,2025-26
Mechanical,Male,3.5,1,Vaibhav Industries,Thorat Adesh Amar,Non-IT,GAT,2017-18
Mechanical,Male,3.5,1,"Vaibhav tech solutions,pune",Vaibha Vikas Sawant,Non-IT,GAT,2018-19
Mechanical,Male,3,1,TE Connectivity,Vedant Tambe,Non-IT,GAT,2023-24
Mechanical,Male,5,1,Schaeffler India,Viraj Chandrakant Kamble,Non-IT,GAT,2025-26
Mechanical,Male,3.5,1,"Vaibhav tech solutions,pune",Yash Krishnat Korane,Non-IT,GAT,2018-19
Mechanical,Male,3,1,Bharat Forge, Ajay Devrao Bhardewad,Non-IT,GET,2023-24
Mechanical,Male,2.7,1,Sree Sakthi Equipment’s Company, Ajinkya Sanjay Dongare,Non-IT,GET,2023-24
Mechanical,Male,3.5,2,Reliance Retail, Akash Ashok Jadhav,Non-IT,GET,2021-22
Mechanical,Male,3.84,1,WIPRO PARI, Amit Bhanudas Devarde,Non-IT,GET,2022-23
Mechanical,Male,3,1,Bharat Forge, Amit Krushnat Kumbhar,Non-IT,GET,2023-24
Mechanical,Male,3,1,Ghatge Patil Industries, Moeen Harun Attar,Non-IT,GET,2023-24
Mechanical,Male,3.5,1,Reliance Retail, Ruturaj Rahul Sase,Non-IT,GET,2022-23
Mechanical,Male,4,1,RDC Concrete, Soham Sonaba Kumbhar,Non-IT,GET,2022-23
Mechanical,Male,3.5,1,Reliance Retail, Arjun Pawar,Non-IT,GET,2020-21
Mechanical,Male,3.5,1,Reliance Retail, Devdatta Bhosale,Non-IT,GET,2020-21
Mechanical,Male,3.5,1,Reliance Retail, Digvijay Gujar,Non-IT,GET,2020-21
Mechanical,Male,3.5,1,Reliance Retail, Mayur Patil,Non-IT,GET,2020-21
Mechanical,Male,3.5,1,Reliance Retail, Mithilesh Chimate,Non-IT,GET,2020-21
Mechanical,Male,3.5,1,Reliance Retail, Nikhil Patil,Non-IT,GET,2020-21
Mechanical,Male,3.5,1,Reliance Retail, Omkar Khedkar,Non-IT,GET,2020-21
Mechanical,Male,3.5,1,Reliance Retail, Omkar Patil,Non-IT,GET,2020-21
Mechanical,Male,3.5,1,Reliance Retail, Pramod Raut,Non-IT,GET,2020-21
Mechanical,Male,3.5,1,Reliance Retail, Prathamesh Joshi,Non-IT,GET,2020-21
Mechanical,Male,3.5,1,Reliance Retail, Pratik Pathak,Non-IT,GET,2020-21
Mechanical,Male,3.5,1,Reliance Retail, Rahul Muttanvar,Non-IT,GET,2020-21
Mechanical,Male,3.5,1,Reliance Retail, Ruturaj Khot,Non-IT,GET,2020-21
Mechanical,Male,3.5,1,Reliance Retail, Sandipan Shelke,Non-IT,GET,2020-21
Mechanical,Male,3.5,1,Reliance Retail, Sanket Khadre,Non-IT,GET,2020-21
Mechanical,Male,3.5,2,Reliance Retail, Shubham Patil,Non-IT,GET,2020-21
Mechanical,Male,3.5,1,Reliance Retail, Shubham Singh,Non-IT,GET,2020-21
Mechanical,Male,3.5,1,Reliance Retail, Sujay Jadhav,Non-IT,GET,2020-21
Mechanical,Male,3.5,1,Reliance Retail, Suraj Gundale,Non-IT,GET,2020-21
Mechanical,Male,3.5,1,Reliance Retail, Swaroop Pawase,Non-IT,GET,2020-21
Mechanical,Male,3.5,1,Reliance Retail, Yashdeep Renuse,Non-IT,GET,2020-21
Mechanical,Male,2.7,1,Sree Sakthi Equipment’s Company,"
 Sangram Popat Chougale",Non-IT,GET,2023-24
Mechanical,Male,2.7,1,Sree Sakthi Equipment’s Company,"
 Yash Anil Mulik",Non-IT,GET,2023-24
Mechanical,Male,3,1,Asahi india pvt. Ltd.,Aashutosh Nalawade,Non-IT,GET,2017-18
Mechanical,Male,3,1,Bharat Forge,Abhijeet Krushnat Kondekar,Non-IT,GET,2023-24
Mechanical,Male,3.5,1,"RDC Concrete, Mumbai",Abhijeet Uttam Patil,Non-IT,GET,2024-25
Mechanical,Male,3,1,Indovance,Abhishek Jagdish Patil,Non-IT,GET,2024-25
Mechanical,Male,3,1,Kirloskar Brothers,Abhishek Jagdish Patil,Non-IT,GET,2024-25
Mechanical,Male,5.6,1,Johnson Control,Abhishek Mandlik,Non-IT,GET,2025-26
Mechanical,Male,4.5,1,Force Motors,Aditya Chandrakant Mastoli,Non-IT,GET,2024-25
Mechanical,Male,4,1,WIPRO PARI,Aditya Mahadev Nalavade,Non-IT,GET,2023-24
Mechanical,Male,3,1,M J Biopharm,Aditya Mahajan,Non-IT,GET,2025-26
Mechanical,Male,3,1,"Sagar Defence,Pune",Aditya Mahajan,Non-IT,GET,2025-26
Mechanical,Male,3,1,"Sagar Defence,Pune",Aditya Ramesh Metil,Non-IT,GET,2025-26
Mechanical,Male,3,1,Bharat Forge,Aditya Shivaji Sawant,Non-IT,GET,2025-26
Mechanical,Male,5,1,Europa Lock,Aditya Tatyasaheb Chougule,Non-IT,GET,2025-26
Mechanical,Male,3.5,1,BharatForge,Aditya Vilas Patil,Non-IT,GET,2024-25
Mechanical,Male,4,1,WIPRO PARI,Ajay Devrao Bhardewad,Non-IT,GET,2023-24
Mechanical,Male,2.5,1,Ekam Interface,Ajit Dasharath Gavade,Non-IT,GET,2025-26
Mechanical,Male,3.5,1,Menon and Menon limited.,Aman Anay Mahajan,Non-IT,GET,2024-25
Mechanical,Male,3,1,Neilsoft,Amit Balu Bhosekar,Non-IT,GET,2024-25
Mechanical,Male,5,1,J&K India,Amrut Narake,Non-IT,GET,2022-23
Mechanical,Male,3.5,1,Aquapharma PVT. LTD,Aniket Patil,Non-IT,GET,2019-20
Mechanical,Male,5.8,1,Worley Inc,Anurag Ulhas Deshpande,Non-IT,GET,2024-25
Mechanical,Male,3,1,"Sagar Defence,Pune",Appaji Dasharath Patil,Non-IT,GET,2025-26
Mechanical,Male,3.5,1,Menon and Menon limited.,Arihant Bhendawade,Non-IT,GET,2024-25
Mechanical,Male,2.16,1,"Thomas & BriAN mFG., Navi Mumbai",Arihant Bhendawade,Non-IT,GET,2024-25
Mechanical,Male,5.46,1,Tecnimont,Arshad Ramjan Sanadi,Non-IT,GET,2025-26
Mechanical,Male,3.5,1,Reliance Retail,Ashutosh Mirje,Non-IT,GET,2020-21
Mechanical,Male,3,1,Bharat Forge,Ashwajeet Avinash Yadav,Non-IT,GET,2025-26
Mechanical,Male,3,1,"Sagar Defence,Pune",Atharv Patil,Non-IT,GET,2025-26
Mechanical,Male,3,1,Indovance,Atharv Ravindra Kadam,Non-IT,GET,2024-25
Mechanical,Male,3,1,"Sagar Defence,Pune",Atharv Santosh Kulkarni,Non-IT,GET,2025-26
Mechanical,Male,4.42,1,Dhanvanthri Enginerring Pvt Ltd,Atharva Gajanan Dhavale,Non-IT,GET,2024-25
Mechanical,Male,2.16,1,M and K Building Systems Pvt Ltd,Atharva Gajanan Dhavale,Non-IT,GET,2024-25
Mechanical,Male,4,1,"Menon Rings, Gokul Shirgaon MIDC",ATHARVA RAJESH GHATGE,Non-IT,GET,2024-25
Mechanical,Male,3,1,"Sagar Defence,Pune",Atharva Vijay Drakshe,Non-IT,GET,2025-26
Mechanical,Male,3.5,1,Wipro PARI Ltd.,Avadhut Chandrakant Mokashi,Non-IT,GET,2024-25
Mechanical,Male,3.5,1,BharatForge,Avadhut Rajaram Sawant,Non-IT,GET,2024-25
Mechanical,Male,3.5,1,"RDC Concrete, Mumbai",Avdhut Rajaram Sawant,Non-IT,GET,2024-25
Mechanical,Male,1.8,1,Bhavani Iron Industries,Avinash Lohar,Non-IT,GET,2019-20
Mechanical,Male,2.5,2,WIPRO PARI,Ganesh Mahadev Langote,Non-IT,GET,2021-22
Mechanical,Male,3,1,"Sagar Defence,Pune",Ganesh Tanaji Chougale,Non-IT,GET,2025-26
Mechanical,Male,3,1,"Sagar Defence,Pune",Harshvardhan Pratap Chougule,Non-IT,GET,2025-26
Mechanical,Male,3.5,1,Wipro PARI Ltd.,Jafar Firoz Shaikh,Non-IT,GET,2024-25
Mechanical,Male,2.16,1,M and K Building Systems Pvt Ltd,Jeevan Mahadev Sangavkar,Non-IT,GET,2024-25
Mechanical,Male,3.5,2,Reliance Retail,Kiran Bhimrao Kamble,Non-IT,GET,2021-22
Mechanical,Male,3.5,1,Bostch,Magadum Alka Mahipati,Non-IT,GET,2017-18
Mechanical,Male,3.5,1,BharatForge,Majid Shakeel Ahamad Peerzade,Non-IT,GET,2024-25
Mechanical,Male,4.5,2,Sudarshan Chemical icals,Manav Uday Patil,Non-IT,GET,2021-22
Mechanical,Male,1.8,1,Crimson Energy Experts Pvt Ltd,Mandar Sanjay Joshi,Non-IT,GET,2024-25
Mechanical,Male,3.84,1,WIPRO PARI,Nikhil Nandkumar Patil,Non-IT,GET,2022-23
Mechanical,Male,3.5,1,BharatForge,Niranjan Shreedhar Gurao,Non-IT,GET,2024-25
Mechanical,Male,3,1,Ghatge Patil Industries,Nishant Chougule,Non-IT,GET,2023-24
Mechanical,Male,4,1,WIPRO PARI,Nitin Ashok Dabade,Non-IT,GET,2023-24
Mechanical,Male,2.5,1,Ekam Interface,Om Avinash Patil,Non-IT,GET,2025-26
Mechanical,Male,4,1,"Menon Rings, Gokul Shirgaon MIDC",Om Mahesh More,Non-IT,GET,2024-25
Mechanical,Male,3,1,RDC Concrete,Omkar Yadav,Non-IT,GET,2020-21
Mechanical,Male,3.5,1,Reliance Retail,Omkar Yadav,Non-IT,GET,2020-21
Mechanical,Male,2.5,1,Ekam Interface,Onkar Sutar,Non-IT,GET,2025-26
Mechanical,Male,3,1,"Sagar Defence,Pune",Pankaj Amrut Kamble,Non-IT,GET,2025-26
Mechanical,Male,4,1,"Menon Rings, Gokul Shirgaon MIDC",Parth Mahendra Mandape,Non-IT,GET,2024-25
Mechanical,Male,3.5,1,Bostch,Patil Suhas Govind,Non-IT,GET,2017-18
Mechanical,Male,3,1,M J Biopharm,Pranav Ashok Patil,Non-IT,GET,2025-26
Mechanical,Male,5.8,1,Worley Inc,Pranav Shrirang Jadhav,Non-IT,GET,2024-25
Mechanical,Male,3,1,"Sagar Defence,Pune",Pranav Suhas Powar,Non-IT,GET,2025-26
Mechanical,Male,2.5,1,Ekam Interface,Prasad Prakash Waikul,Non-IT,GET,2025-26
Mechanical,Male,3.84,1,WIPRO PARI,Prasad Ramesh Patil,Non-IT,GET,2022-23
Mechanical,Male,3.5,1,BharatForge,Prashant Mahadev Bhingardeve,Non-IT,GET,2024-25
Mechanical,Male,4,1,WIPRO PARI,Prathamesh Krishnath Patil,Non-IT,GET,2023-24
Mechanical,Male,3.5,1,Ghatage Patil Industries,Prathamesh Parit,Non-IT,GET,2024-25
Mechanical,Male,4.5,1,Force Motors,Prathmesh Anandrao Kadam-Patil,Non-IT,GET,2024-25
Mechanical,Male,4,1,"Menon Rings, Gokul Shirgaon MIDC",Prathmesh Anandrao Kadam-Patil,Non-IT,GET,2024-25
Mechanical,Male,5,1,J&K India,Prathmesh Chougule,Non-IT,GET,2022-23
Mechanical,Male,4,1,WIPRO PARI,Prathmesh Rajendra Jadhav,Non-IT,GET,2023-24
Mechanical,Male,6,1,Toyo Engineering,Pratik Popat Vadgavkar,Non-IT,GET,2023-24
Mechanical,Male,3.84,1,WIPRO PARI,Pratik Prakash Salokhe,Non-IT,GET,2022-23
Mechanical,Male,3.5,1,Wipro PARI Ltd.,Pratik Rajendra Patil,Non-IT,GET,2024-25
Mechanical,Male,4.5,1,Force Motors,Prem Milind Sawant,Non-IT,GET,2024-25
Mechanical,Male,3,1,Neilsoft,Prem Milind Sawant,Non-IT,GET,2024-25
Mechanical,Male,2.16,1,M and K Building Systems Pvt Ltd,Pruthviraj Pravin Phalake,Non-IT,GET,2024-25
Mechanical,Male,3,1,"Sagar Defence,Pune",Rahul Khandu Mane,Non-IT,GET,2025-26
Mechanical,Male,3.5,2,Reliance Retail,Rahul Mahadev Narake,Non-IT,GET,2021-22
Mechanical,Male,1.8,1,Dharati Industries,Rahul Parit,Non-IT,GET,2020-21
Mechanical,Male,5,1,Europa Lock,Rahul Patil,Non-IT,GET,2025-26
Mechanical,Male,3,1,"Sagar Defence,Pune",Rahul Patil,Non-IT,GET,2025-26
Mechanical,Male,3,1,PRAJ,Ram Munishwar,Non-IT,GET,2016-17
Mechanical,Male,3,1,Privi Speciality Chemicals Limited,Ritesh Suresh Patil,Non-IT,GET,2022-23
Mechanical,Male,6,1,Toyo Engineering,Ritesh Uttam Patil,Non-IT,GET,2023-24
Mechanical,Male,3.5,2,Reliance Retail,Rohan Sunil Vasudev,Non-IT,GET,2021-22
Mechanical,Male,3.84,1,WIPRO PARI,Rushikesh Shrikant Jadhav,Non-IT,GET,2022-23
Mechanical,Male,4.5,1,Praj Industries Limited.,Ruturaj Adinath Patil,Non-IT,GET,2023-24
Mechanical,Male,2.5,2,WIPRO PARI,Sahebali Sakhavatali Shekhmansuri,Non-IT,GET,2021-22
Mechanical,Male,3,1,"Sagar Defence,Pune",Sahil Shantaram Shinde,Non-IT,GET,2025-26
Mechanical,Male,3.75,1,Firefly Pumps,Sairaj Bhise,Non-IT,GET,2022-23
Mechanical,Male,3.5,1,Thomas &  Brian mfg Pvt Ltd,Sanket Ghadage,Non-IT,GET,2024-25
Mechanical,Male,3,1,"Sagar Defence,Pune",Sanket Satish Kore,Non-IT,GET,2025-26
Mechanical,Male,4,1,WIPRO PARI,Sanket Sudhakar Pawar,Non-IT,GET,2023-24
Mechanical,Male,4.5,1,Force Motors,Sanmesh Sanjay Mane,Non-IT,GET,2024-25
Mechanical,Male,3.5,2,Reliance Retail,Shantanu Udaychand Patole,Non-IT,GET,2021-22
Mechanical,Male,4,1,WIPRO PARI,Sharavan Sunil Patil,Non-IT,GET,2023-24
Mechanical,Male,3,1,Indovance,Shardul Sambhaji Chougale,Non-IT,GET,2024-25
Mechanical,Male,3.5,1,Menon and Menon limited.,Shardul Sambhaji Chougale,Non-IT,GET,2024-25
Mechanical,Male,4,1,AEGIS LOGISTICS LTD,Shivtej Vishwanath Suryawanshi,Non-IT,GET,2024-25
Mechanical,Male,4,1,WIPRO PARI,Shreeram Dattatray Mali,Non-IT,GET,2023-24
Mechanical,Male,3,1,M J Biopharm,Shreevallabh Prashant Borvankar,Non-IT,GET,2025-26
Mechanical,Male,3.75,1,Firefly Pumps,Shreyas Kadam,Non-IT,GET,2022-23
Mechanical,Male,1.8,1,Ghatge Patil Industries,Shubham B. Jadhav,Non-IT,GET,2018-19
Mechanical,Male,4,1,WIPRO PARI,Shubham Mallappa Kurle,Non-IT,GET,2023-24
Mechanical,Male,2.5,2,WIPRO PARI,Shubham Purushottam  Pawar,Non-IT,GET,2021-22
Mechanical,Male,3,1,M J Biopharm,Shubham Yuvraj Chougale,Non-IT,GET,2025-26
Mechanical,Male,4,1,WIPRO PARI,Siddhant Prashant Wardhamane,Non-IT,GET,2023-24
Mechanical,Male,3.5,1,Menon and Menon limited.,Siddhesh Manohar More,Non-IT,GET,2024-25
Mechanical,Male,5.46,1,Tecnimont,Soham Patil,Non-IT,GET,2025-26
Mechanical,Male,3.5,1,Diageo,Sujay Sanjay  jadhav,Non-IT,GET,2020-21
Mechanical,Male,2.16,1,M and K Building Systems Pvt Ltd,sumit Anil Gadekar,Non-IT,GET,2024-25
Mechanical,Male,2.75,1,JoshiJampala Engineering Pvt. Ltd,Suyog Sandip Jagadale,Non-IT,GET,2022-23
Mechanical,Male,2.16,1,M and K Building Systems Pvt Ltd,Swapnil Jeevan Gavali,Non-IT,GET,2024-25
Mechanical,Male,3.84,1,WIPRO PARI,Swapnil Satish Powar,Non-IT,GET,2022-23
Mechanical,Male,4,1,AEGIS LOGISTICS LTD,Tanish Amol Barad,Non-IT,GET,2024-25
Mechanical,Male,3.5,1,Ghatage Patil Industries,Tanish Barad,Non-IT,GET,2024-25
Mechanical,Male,4,1,WIPRO PARI,Tejas Tanaji Khanagaonkar,Non-IT,GET,2023-24
Mechanical,Male,3.5,2,Reliance Retail,Tejas Uttam Mohite,Non-IT,GET,2021-22
Mechanical,Male,3.5,2,Reliance Retail,Tushar Ajit Patole,Non-IT,GET,2021-22
Mechanical,Male,3.5,1,RLE International,Uddhav Uttam Patil,Non-IT,GET,2022-23
Mechanical,Male,1.8,1,Bhavani Iron Industries,Vaibhav Chougule,Non-IT,GET,2019-20
Mechanical,Male,3,1,"Sagar Defence,Pune",Varad Ashok Deshmukh,Non-IT,GET,2025-26
Mechanical,Male,3.5,1,Torrent Gas,Varad Joshi,Non-IT,GET,2020-21
Mechanical,Male,3.5,1,API Technical Services Private Limited,Varad Vidyadhar Joshi,Non-IT,GET,2020-21
Mechanical,Male,3.5,1,Menon and Menon limited.,Venkateshprasad Anil Sangaonkar,Non-IT,GET,2024-25
Mechanical,Male,2.5,1,Ekam Interface,Viraj Chandrakant Kamble,Non-IT,GET,2025-26
Mechanical,Male,2.5,1,Ekam Interface,Viren Vilas Kirulkar,Non-IT,GET,2025-26
Mechanical,Male,3,1,"Sagar Defence,Pune",Viren Vilas Kirulkar,Non-IT,GET,2025-26
Mechanical,Male,4.55,1,Jaya HInd,Vishal Malappa Nalkar,Non-IT,GET,2024-25
Mechanical,Male,3,1,Bharat Forge,Vishvdeep Abaji Patil,Non-IT,GET,2025-26
Mechanical,Male,3,1,Neilsoft,Vishwajeet Sanjaykumar Thombare,Non-IT,GET,2022-23
Mechanical,Male,1.8,1,"Envision Technology,Mumbai",Vitthal Magdum,Non-IT,GET,2016-17
Mechanical,Male,3.5,2,alten,Yogesh Jyotiba Halnure,Non-IT,GET,2021-22
Mechanical,Male,5.8,1,Worley Inc,Yuvraj Hadye,Non-IT,GET,2024-25
Mechanical,Male,2.4,1,"Meenakshi Metals,Pune",Sadashiv Sutar,Non-IT,GET (Design ),2016-17
Mechanical,Male,2.4,1,"Meenakshi Metals,Pune",Vaibhav Taware,Non-IT,GET (Design ),2016-17
Mechanical,Male,1.2,1,BLUeSINGA,Shriram Anandrao Naik,Non-IT,Intern,2020-21
Mechanical,Male,4.4,1,Hero Cars,Aashish NIkam,Non-IT,Jr.Engineer,2020-21
Mechanical,Male,18,1,Indian Navy,Prathmesh Patil,Non-IT,Lft. Officer,2019-20
Mechanical,Male,3,1,BVG Group,Vaibhav Suresh Yadav,Non-IT,Management Trainee,2023-24
Mechanical,Male,4,1,Cognizant,Ashwin Pawar,Non-IT,Programmer Analyst Trainee,2019-20
Mechanical,Male,4,1,Cognizant,Onkar Sawant-,Non-IT,Programmer Analyst Trainee,2019-20
Mechanical,Male,4,1,Cognizant,Pavan Sankpal,Non-IT,Programmer Analyst Trainee,2019-20
Mechanical,Male,4,1,Cognizant,Salaman Desai,Non-IT,Programmer Analyst Trainee,2019-20
Mechanical,Male,4,1,Cognizant,Sourabh Jadhav,Non-IT,Programmer Analyst Trainee,2019-20
Mechanical,Male,4,1,Cognizant,Vishal Adkurkar,Non-IT,Programmer Analyst Trainee,2019-20
Mechanical,Male,3,1,"QSPIDER,PUNE",Dhamane Rushikesh Mohan,Non-IT,Property Advisor,2018-19
Mechanical,Male,4.8,1,Pinclick,Omkar Arun Bhendigeri,Non-IT,Property Advisor,2022-23
Mechanical,Male,4.8,1,Pinclick,Prasad Sudhakar Atigre,Non-IT,Property Advisor,2022-23
Mechanical,Male,4.8,1,Pinclick,Sanket Shankar Patil,Non-IT,Property Advisor,2022-23
Mechanical,Male,4.8,1,Pinclick,Shubham Sanjay Mane,Non-IT,Property Advisor,2022-23
Mechanical,Male,4.8,1,Pinclick,Swapnil Satish Powar,Non-IT,Property Advisor,2022-23
Mechanical,Male,4.6,1,Pinclick,Ashutosh Tanaji Desai,Non-IT,Property Developer,2020-21
Mechanical,Male,4.6,1,Pinclick,Dhiryasheel Vikas Patil,Non-IT,Property Developer,2020-21
Mechanical,Male,4.6,1,Pinclick,Sardul Sachin Sharma,Non-IT,Property Developer,2020-21
Mechanical,Male,4.6,1,Pinclick,Shriram Anandrao Naik,Non-IT,Property Developer,2020-21
Mechanical,Male,4.6,1,Pinclick,Swaroop Vinayak Pawshe,Non-IT,Property Developer,2020-21
Mechanical,Male,3,1,Magic Stone Prop Consultants LLP, Ajay Devrao Bhardewad,Non-IT,Relationship Manager,2023-24
Mechanical,Male,3,1,Magic Stone Prop Consultants LLP, Nitin Ashok Dabade,Non-IT,Relationship Manager,2023-24
Mechanical,Male,3,1,Magic Stone Prop Consultants LLP, Sharavan Sunil Patil,Non-IT,Relationship Manager,2023-24
Mechanical,Male,3,1,Magic Stone Prop Consultants LLP,Ruturaj Adinath Patil,Non-IT,Relationship Manager,2023-24
Mechanical,Male,3,1,CYH info solutions,Shubham nagargoje,Non-IT,SAP MM Consultant,2019-20
Mechanical,Male,3.5,1,SLK Benglore,Saurabh Kale,Non-IT,Software Developer,2019-20
Mechanical,Male,1.8,1,DX info system,Nikhil Surtekar,Non-IT,Software developer trainee,2019-20
Mechanical,Male,1.8,1,DX info system,Ramchandra Mulik,Non-IT,Software developer trainee,2019-20
Mechanical,Male,3.5,1,SLK Group,Ketan Holey,Non-IT,Software Engineer,2018-19
Mechanical,Male,3.5,1,SLK Group,Satyam Gadekar,Non-IT,Software Engineer,2018-19
Mechanical,Male,3,1,Chegg India,Abhijeet Shankar Kamble,Non-IT,Subject Matter Expert,2022-23
Mechanical,Male,3,1,Chegg India,Abhishek Ajaykumar Patil,Non-IT,Subject Matter Expert,2022-23
Mechanical,Male,3,1,Chegg India,Abhishek Ramchandra Dhobale,Non-IT,Subject Matter Expert,2022-23
Mechanical,Male,3,1,Chegg India,Adarsh Bajrang Kshirsagar,Non-IT,Subject Matter Expert,2022-23
Mechanical,Male,3,1,Chegg India,Aditya Dinesh Mungale,Non-IT,Subject Matter Expert,2022-23
Mechanical,Male,3,2,Chegg India,Afroj Zumbar Mulani,Non-IT,Subject Matter Expert,2022-23
Mechanical,Male,3,1,Chegg India,Akash Sambhaji Sankpal,Non-IT,Subject Matter Expert,2022-23
Mechanical,Male,3,1,Chegg India,Amit Bhanudas Devarde,Non-IT,Subject Matter Expert,2022-23
Mechanical,Male,3,1,Chegg India,Amol Abhay Mantri,Non-IT,Subject Matter Expert,2022-23
Mechanical,Male,3,1,Chegg India,Anirudha Bapu Kolekar,Non-IT,Subject Matter Expert,2022-23
Mechanical,Male,3,1,Chegg India,Ashish Nikam,Non-IT,Subject Matter Expert,2020-21
Mechanical,Male,3,1,Chegg India,Ganesh Bharat Badale,Non-IT,Subject Matter Expert,2022-23
Mechanical,Male,3,1,Chegg India,Karan Rajendra Kamble,Non-IT,Subject Matter Expert,2022-23
Mechanical,Male,3,1,Chegg India,Kishor Tanaji Dhere,Non-IT,Subject Matter Expert,2022-23
Mechanical,Male,3,1,Chegg India,Koustubh Pradip Kotkar,Non-IT,Subject Matter Expert,2022-23
Mechanical,Male,3,1,Chegg India,Mithilesh Chimate,Non-IT,Subject Matter Expert,2020-21
Mechanical,Male,3,1,Chegg India,Narayan Hanamat Dhas,Non-IT,Subject Matter Expert,2020-21
Mechanical,Male,3,1,Chegg India,Navman Samir Momin,Non-IT,Subject Matter Expert,2022-23
Mechanical,Male,3,1,Chegg India,Nikhil Nandkumar Patil,Non-IT,Subject Matter Expert,2022-23
Mechanical,Male,3,1,Chegg India,Nishant Krishnat Patole,Non-IT,Subject Matter Expert,2022-23
Mechanical,Male,3,1,Chegg India,Omkar Madhukar Kamble,Non-IT,Subject Matter Expert,2022-23
Mechanical,Male,3,1,Chegg India,Omkar Subhash Patil,Non-IT,Subject Matter Expert,2022-23
Mechanical,Male,3,1,Chegg India,Omkar Yadav,Non-IT,Subject Matter Expert,2020-21
Mechanical,Male,3,1,Chegg India,Onkar Janardan Patil,Non-IT,Subject Matter Expert,2022-23
Mechanical,Male,3,1,Chegg India,Piyush Mahadik,Non-IT,Subject Matter Expert,2020-21
Mechanical,Male,3,1,Chegg India,Popat More,Non-IT,Subject Matter Expert,2020-21
Mechanical,Male,3,1,Chegg India,Pradeep Prakash Patil,Non-IT,Subject Matter Expert,2022-23
Mechanical,Male,3,1,Chegg India,Pranav Mangesh Shirodkar,Non-IT,Subject Matter Expert,2022-23
Mechanical,Male,3,1,Chegg India,Prasad Rahul Dinde,Non-IT,Subject Matter Expert,2022-23
Mechanical,Male,3,1,Chegg India,Prasad Ramesh Patil,Non-IT,Subject Matter Expert,2022-23
Mechanical,Male,3,1,Chegg India,Prasad Sudhakar Atigre,Non-IT,Subject Matter Expert,2022-23
Mechanical,Male,3,1,Chegg India,Prathamesh Ramesh Bhosale,Non-IT,Subject Matter Expert,2022-23
Mechanical,Male,3,1,Chegg India,Pratik Prakash Salokhe,Non-IT,Subject Matter Expert,2022-23
Mechanical,Male,3,1,Chegg India,Pratik Sanjay Gharpankar,Non-IT,Subject Matter Expert,2022-23
Mechanical,Male,3,1,Chegg India,Raj Deepak Mehta,Non-IT,Subject Matter Expert,2022-23
Mechanical,Male,3,1,Chegg India,Ramankumar Laxman Tompe,Non-IT,Subject Matter Expert,2022-23
Mechanical,Male,3,1,Chegg India,Ranjit Oval,Non-IT,Subject Matter Expert,2020-21
Mechanical,Male,3,1,Chegg India,Ranveer Ravindra Jadhav,Non-IT,Subject Matter Expert,2022-23
Mechanical,Male,3,1,Chegg India,Rohan Jagannath Panade,Non-IT,Subject Matter Expert,2022-23
Mechanical,Male,3,1,Chegg India,ROHIT RAMCHANDRA PATIL,Non-IT,Subject Matter Expert,2022-23
Mechanical,Male,3,1,Chegg India,Rushikesh Kumbhar,Non-IT,Subject Matter Expert,2020-21
Mechanical,Male,3,1,Chegg India,Rushikesh Shrikant Jadhav,Non-IT,Subject Matter Expert,2022-23
Mechanical,Male,3,1,Chegg India,Sairaj Mahesh Bhise,Non-IT,Subject Matter Expert,2022-23
Mechanical,Male,3,2,Chegg India,Sakib Sajjad Momin,Non-IT,Subject Matter Expert,2022-23
Mechanical,Male,3,1,Chegg India,Sandesh Shivaji Patil,Non-IT,Subject Matter Expert,2022-23
Mechanical,Male,3,1,Chegg India,Sanket Bharat Urunkar,Non-IT,Subject Matter Expert,2022-23
Mechanical,Male,3,1,Chegg India,Sanket Narendra Shinde,Non-IT,Subject Matter Expert,2022-23
Mechanical,Male,3,1,Chegg India,Sanket Rajesh Patil,Non-IT,Subject Matter Expert,2022-23
Mechanical,Male,3,1,Chegg India,Saurabh BHIMRAO Tadavalekar,Non-IT,Subject Matter Expert,2022-23
Mechanical,Male,3,1,Chegg India,Saurabh Vasant Kesarkar,Non-IT,Subject Matter Expert,2022-23
Mechanical,Male,3,1,Chegg India,Shardul Sachin Sharma,Non-IT,Subject Matter Expert,2020-21
Mechanical,Male,3,1,Chegg India,Shreyash Ashok Mane,Non-IT,Subject Matter Expert,2022-23
Mechanical,Male,3,1,Chegg India,Shriraj Vilas Waingade,Non-IT,Subject Matter Expert,2022-23
Mechanical,Male,3,1,Chegg India,Shubham Rajesh Paste,Non-IT,Subject Matter Expert,2022-23
Mechanical,Male,3,1,Chegg India,Shubham Sanjay Mane,Non-IT,Subject Matter Expert,2022-23
Mechanical,Male,3,1,Chegg India,Shubham Sisal,Non-IT,Subject Matter Expert,2020-21
Mechanical,Male,3,1,Chegg India,Shubham Sunil Mane,Non-IT,Subject Matter Expert,2022-23
Mechanical,Male,3,2,Chegg India,Shubhjeet Shivaji Patole,Non-IT,Subject Matter Expert,2022-23
Mechanical,Male,3,1,Chegg India,Soham Sonaba Kumbhar,Non-IT,Subject Matter Expert,2022-23
Mechanical,Male,3,1,Chegg India,Sudhanshu Atul Karande,Non-IT,Subject Matter Expert,2022-23
Mechanical,Male,3,1,Chegg India,Sujay Sanjay  jadhav,Non-IT,Subject Matter Expert,2020-21
Mechanical,Male,3,1,Chegg India,Suraj Sampatrao Nalawade,Non-IT,Subject Matter Expert,2022-23
Mechanical,Male,3,1,Chegg India,Suraj Shahaji Jadhav,Non-IT,Subject Matter Expert,2022-23
Mechanical,Male,3,1,Chegg India,Suyog Sandip Jagadale,Non-IT,Subject Matter Expert,2022-23
Mechanical,Male,3,1,Chegg India,swapnil maruti nikam,Non-IT,Subject Matter Expert,2022-23
Mechanical,Male,3,1,Chegg India,Vaibhav Patil,Non-IT,Subject Matter Expert,2020-21
Mechanical,Male,3,1,Chegg India,Vishwajeet Sanjaykumar Thombare,Non-IT,Subject Matter Expert,2022-23
Mechanical,Male,3,1,Chegg India,Yash Prashant Patil,Non-IT,Subject Matter Expert,2022-23
Mechanical,Male,3,1,Chegg India,Yashodeep Madhav Khade,Non-IT,Subject Matter Expert,2022-23
Mechanical,Male,3.5,1,TCS,Patil Shubham,Non-IT,System Engineer,2017-18
Mechanical,Male,3.5,1,Infosys,Rushikesh Patil,Non-IT,System Engineer,2019-20
Mechanical,Male,3.5,1,TCS,Sagar Bagal,Non-IT,System Engineer,2017-18
Mechanical,Male,3.5,1,Infosys,Shreyas Hambirrao Valake,Non-IT,System Engineer,2019-20
Mechanical,Male,3.5,1,Infosys,Shubham Kadam,Non-IT,System Engineer,2019-20
Mechanical,Male,3.5,1,TCS,Shubham Narute,Non-IT,System Engineer,2017-18
Mechanical,Male,3.5,1,Pure EV,Digambar Sanjay Powar,Non-IT,Technical Sales Engineer,2020-21
Mechanical,Male,1.8,1,Menon & Menon, Abhishek Arun Shelake,Non-IT,Trainee Engineer,2022-23
Mechanical,Male,1.8,1,Menon & Menon, Abhishek Ramchandra Dhobale,Non-IT,Trainee Engineer,2022-23
Mechanical,Male,1.8,1,Omkar Dies Pune, Gourish Mangesh Rao,Non-IT,Trainee Engineer,2017-18
Mechanical,Male,1.8,1,Bostch, Patil Akash Namdev,Non-IT,Trainee Engineer,2017-18
Mechanical,Male,2.4,2,TuringMinds.Ai, Tejas Uttam Mohite,Non-IT,Trainee Engineer,2021-22
Mechanical,Male,2.4,1,"Anexpertize,Pune",Ajinkya Patil,Non-IT,Trainee Engineer,2018-19
Mechanical,Male,2.4,1,"Anexpertize,Pune",Akash Sawant,Non-IT,Trainee Engineer,2018-19
Mechanical,Male,1.8,1,"Cooper Group,Satara",Akshay Mane,Non-IT,Trainee Engineer,2016-17
Mechanical,Male,1.8,1,Ghatge Patil,Amol Chavan,Non-IT,Trainee Engineer,2019-20
Mechanical,Male,3.8,1,Indurance Accuratech Pune,Amol Mangure,Non-IT,Trainee Engineer,2017-18
Mechanical,Male,1.8,1,Accurate Sales & Services,Aniket Patil,Non-IT,Trainee Engineer,2018-19
Mechanical,Male,1.8,1,Services,Arinjay CHiwate,Non-IT,Trainee Engineer,2018-19
Mechanical,Male,6.5,2,Anglo-Eastern Ship Management,AVINASH VISHNU CHAVAN,Non-IT,Trainee Engineer,2021-22
Mechanical,Male,1.8,1,Shreyas Industries ,AZIM SUTAR,Non-IT,Trainee Engineer,2019-20
Mechanical,Male,1.8,1,Accurate Sales & Services,Chetan Jadhav,Non-IT,Trainee Engineer,2018-19
Mechanical,Male,1.8,1,New melting Center,Dhabolkar Amol Bikaji,Non-IT,Trainee Engineer,2017-18
Mechanical,Male,1.8,1,Menon & Menon,Dhairyashil Shivraj Vajrekar,Non-IT,Trainee Engineer,2022-23
Mechanical,Male,1.8,1,Mojji Engineering,Gaikwad Bhushan Shrikant,Non-IT,Trainee Engineer,2017-18
Mechanical,Male,6,1,"QSPIDER,PUNE",Gavade Sagar R.,Non-IT,Trainee Engineer,2017-18
Mechanical,Male,1.8,1,Omkar dies,Ghadge Rushikesh,Non-IT,Trainee Engineer,2017-18
Mechanical,Male,1.8,1,"NTPC, Solapur",Ghodke Aditya Shrikant,Non-IT,Trainee Engineer,2017-18
Mechanical,Male,3,1,K12 Techni Services,Harshal Bhimrao Sanap,Non-IT,Trainee Engineer,2025-26
Mechanical,Male,1.8,1,"Kaybouvet, Satara",Jadhav Sushant Gorakh,Non-IT,Trainee Engineer,2017-18
Mechanical,Male,2.4,1,"AnExpertise,Pune",Jagtap swapnil shivaji,Non-IT,Trainee Engineer,2017-18
Mechanical,Male,1.8,1,Magna Styre,Kadam Sairaj Dilip,Non-IT,Trainee Engineer,2017-18
Mechanical,Male,2.8,1,Saveda Engineering Palus,Kambale Avinash Dhanaji,Non-IT,Trainee Engineer,2017-18
Mechanical,Male,1.8,1,"Menon Piston, Kolhapur",Kolekar Ruturaj Bapu,Non-IT,Trainee Engineer,2017-18
Mechanical,Male,1.8,1,Premium Transmission  Ltd. Pune,Kondaval Rohan,Non-IT,Trainee Engineer,2017-18
Mechanical,Male,1.8,1,Ghatge Patil,Krishna Bajari,Non-IT,Trainee Engineer,2019-20
Mechanical,Male,1.8,1, Top Gear Transmission,Kumbhar Omkar tanaji,Non-IT,Trainee Engineer,2017-18
Mechanical,Male,1.8,1,AMS Marin,Lad Shounak Shailendra,Non-IT,Trainee Engineer,2017-18
Mechanical,Male,1.8,1,Sanika Industries,Mahesh Chandane,Non-IT,Trainee Engineer,2017-18
Mechanical,Male,2.4,1,"AnExpertise,Pune",Mahesh tanaji jadhav,Non-IT,Trainee Engineer,2017-18
Mechanical,Male,3,1,K12 Techni Services,Mahmadali Firoj Bagwan,Non-IT,Trainee Engineer,2025-26
Mechanical,Male,1.8,1,Shreyas Industries ,MAYURESH KHATAVKAR,Non-IT,Trainee Engineer,2019-20
Mechanical,Male,1.8,1,Vijendra Industries,Mohite Lakhan Yuvraj,Non-IT,Trainee Engineer,2017-18
Mechanical,Male,1.8,1,Ghatke Patil,Nalawade Sanket Dipak,Non-IT,Trainee Engineer,2017-18
Mechanical,Male,5,1,"QSPIDER,PUNE",Narute Shubham J.,Non-IT,Trainee Engineer,2017-18
Mechanical,Male,13.68,1,"Executive ship management,singapore",Omkar Patil,Non-IT,Trainee Engineer,2019-20
Mechanical,Male,2.4,1,"AnExpertise,Pune",Onkar s. Anvekar,Non-IT,Trainee Engineer,2017-18
Mechanical,Male,3,1,"QSPIDER,PUNE",Palave Ankush N.,Non-IT,Trainee Engineer,2017-18
Mechanical,Male,3,1,Arya Engineering Aundh,Panhalkar Atif,Non-IT,Trainee Engineer,2017-18
Mechanical,Male,1.8,1,Zener Group,Patil Ashish Bangwant Rao,Non-IT,Trainee Engineer,2017-18
Mechanical,Male,1.8,1,Sai Services,Patil Jaywant Chandrakant,Non-IT,Trainee Engineer,2017-18
Mechanical,Male,3.5,1,"Complex Enterprises, Pune",Patkare Vaibhav Janu,Non-IT,Trainee Engineer,2017-18
Mechanical,Male,4,1,"QSPIDER,PUNE",Pawar Dhanaji S.,Non-IT,Trainee Engineer,2017-18
Mechanical,Male,1.8,1,Menon & Menon,Prasad Sudhakar Atigre,Non-IT,Trainee Engineer,2022-23
Mechanical,Male,3.5,2,Wheels India Pvt Ltd,Prathmesh Padman,Non-IT,Trainee Engineer,2021-22
Mechanical,Male,3,1,"QSPIDER,PUNE",Pratik Babaso Kanase,Non-IT,Trainee Engineer,2018-19
Mechanical,Male,2.2,1,John Deere,Pratik kanse,Non-IT,Trainee Engineer,2018-19
Mechanical,Male,1.8,1,Accurate Sales & Services,Rajesh Kadam,Non-IT,Trainee Engineer,2018-19
Mechanical,Male,1.8,1,Mennon Piston,Randive Nachiket Rajiv,Non-IT,Trainee Engineer,2017-18
Mechanical,Male,1.8,1,Accurate Sales & Services,Ranjeetsinh Jadhav,Non-IT,Trainee Engineer,2018-19
Mechanical,Male,2.4,1,"Dhoot  Transmission,Pune",Raviraj Jadhav,Non-IT,Trainee Engineer,2018-19
Mechanical,Male,1.8,1,Services,Rohit Joshi,Non-IT,Trainee Engineer,2018-19
Mechanical,Male,2.4,1,John Deere,Rohit Patil,Non-IT,Trainee Engineer,2018-19
Mechanical,Male,3.5,2,Wheels India Pvt Ltd,Rushikesh Chavan,Non-IT,Trainee Engineer,2021-22
Mechanical,Male,2.4,1,"AnExpertise,Pune",Rushikesh s. Charapale,Non-IT,Trainee Engineer,2017-18
Mechanical,Male,1.8,1,Ghatge Patil,Sadanand Shendolkar,Non-IT,Trainee Engineer,2019-20
Mechanical,Male,1.8,1,Accurate Sales & Services,Sagar salavi,Non-IT,Trainee Engineer,2018-19
Mechanical,Male,1.8,1,Menon & Menon,Sairaj Mahesh Bhise,Non-IT,Trainee Engineer,2022-23
Mechanical,Male,1.8,1,Top Gear transmission Satara,Salonkhe Vittal Vijay,Non-IT,Trainee Engineer,2017-18
Mechanical,Male,1.8,1,Ghatge Patil,Sarvesh Lokhande,Non-IT,Trainee Engineer,2019-20
Mechanical,Male,1.8,1,Trivo,Sawant Shivam Anil,Non-IT,Trainee Engineer,2017-18
Mechanical,Male,1.8,1,Cooper corporation,Sawant Vikarant Sanjay,Non-IT,Trainee Engineer,2017-18
Mechanical,Male,1.8,1,Arkmachtech Pvt. Ltd.,Shinde Aniket Balwant,Non-IT,Trainee Engineer,2017-18
Mechanical,Male,1.8,1,Seinomero Nirman Pvt. Ltd. Shirwal,Shinde Sopan Pirappa,Non-IT,Trainee Engineer,2017-18
Mechanical,Male,1.8,1, Kirloskar,Shirke Sourabh Sanjay,Non-IT,Trainee Engineer,2017-18
Mechanical,Male,3.5,2,Wheels India Pvt Ltd,Shubham Gidde,Non-IT,Trainee Engineer,2021-22
Mechanical,Male,2.4,1,"AnExpertise,Pune",Shubham j narute,Non-IT,Trainee Engineer,2017-18
Mechanical,Male,1.8,1,Ghatge Patil,Shubham Powar,Non-IT,Trainee Engineer,2019-20
Mechanical,Male,1.6,1,TRIPLAN,Shubham Powar,Non-IT,Trainee Engineer,2019-20
Mechanical,Male,1.8,1,Menon & Menon,Shubham Ramesh Patil,Non-IT,Trainee Engineer,2022-23
Mechanical,Male,2.4,1,"AnExpertise,Pune",Shubham s. Dilwale,Non-IT,Trainee Engineer,2017-18
Mechanical,Male,1.8,1,Ghatge Patil,Siddharth Mangaonkar,Non-IT,Trainee Engineer,2019-20
Mechanical,Male,1.8,1,Ghatge Patil,Siddhesh Jadhav,Non-IT,Trainee Engineer,2019-20
Mechanical,Male,1.8,1,"Cooper Group,Satara",Sourabh Ingawale,Non-IT,Trainee Engineer,2016-17
Mechanical,Male,3,1,"QSPIDER,PUNE",Sourabh Kulkarni,Non-IT,Trainee Engineer,2018-19
Mechanical,Male,2.4,1,"AnExpertise,Pune",Suraj bhosale,Non-IT,Trainee Engineer,2017-18
Mechanical,Male,1.8,1,Ghatge Patil,Suraj Hatkar,Non-IT,Trainee Engineer,2019-20
Mechanical,Male,1.8,1,Tata tech,Sutar Mayur Banudas,Non-IT,Trainee Engineer,2017-18
Mechanical,Male,2.4,1,Ghatge Patil Industries,Suyash Joshi,Non-IT,Trainee Engineer,2018-19
Mechanical,Male,1.8,1,Accurate Sales & Services,Swapnil Patil,Non-IT,Trainee Engineer,2018-19
Mechanical,Male,1.8,1,Padmavati Industries Gokul Shirgaon,Tadawale avdhut Kiran,Non-IT,Trainee Engineer,2017-18
Mechanical,Male,1.8,1,Sareg Engineering Pvt. Ltd. Aurangabad,Tidke Nitin Maruti,Non-IT,Trainee Engineer,2017-18
Mechanical,Male,1.8,1,Shivam Tech Pvt. Ltd. Pune,Todkar Rakesh Vijay,Non-IT,Trainee Engineer,2017-18
Mechanical,Male,1.8,1,Metamorfosis Engitech Pvt. Ltd,Umranikar Kumar Ramesh,Non-IT,Trainee Engineer,2017-18
Mechanical,Male,3,1,"QSPIDER,PUNE",Vaibhav Vikas Sawant,Non-IT,Trainee Engineer,2018-19
Mechanical,Male,3,1,CADSYS,Varad suratekar,Non-IT,Trainee Engineer,2017-18
Mechanical,Male,1.8,1,Pridal Technomines Kothrud,Yadav Pratik Yashwant,Non-IT,Trainee Engineer,2017-18
Mechanical,Male,4,2,ELEATION,Chinmay Vinayak Sutar,Non-IT,Trainee Engineer (PPO),2021-22
Mechanical,Male,2.4,2,Menon  Bearings and Menon Alkop,Ganesh Mahadev Langote,Non-IT,Trainee Engineer (PPO),2021-22
Mechanical,Male,4,2,ELEATION,Gaurav Girish Gholkar,Non-IT,Trainee Engineer (PPO),2021-22
Mechanical,Male,4,2,ELEATION,Onkar Vishnu Maske,Non-IT,Trainee Engineer (PPO),2021-22
Mechanical,Male,4,2,ELEATION,shivam shrikant shinde,Non-IT,Trainee Engineer (PPO),2021-22
Mechanical,Male,4,2,ELEATION,Suyog Balavant Sutar,Non-IT,Trainee Engineer (PPO),2021-22
Mechanical,Male,2.4,2,Menon  Bearings and Menon Alkop,Uddesh Balasaheb Patole,Non-IT,Trainee Engineer (PPO),2021-22
Mechanical,Male,2.4,2,Menon  Bearings and Menon Alkop,Vishwajeet Vijay Patil,Non-IT,Trainee Engineer (PPO),2021-22
Mechanical,Male,3.16,1,CAPGEMINI,SAGAR SHETE,Non-IT,TRAINEE-SAP,2016-17
Production,Female,1.8,2,Dexterity Anasatte Management Solutions Pvt. Ltd,Pratiksha  Pawar,Non-IT,Associate Engineer,2019-20
Production,Female,1.8,1,Dexterity Anasatte Management Solutions Pvt. Ltd,Rutuja Jadhav,Non-IT,Associate Engineer,2019-20
Production,Male,1.8,2,Dexterity Anasatte Management Solutions Pvt. Ltd,Abhilash Jangam,Non-IT,Associate Engineer,2019-20
Production,Male,1.8,2,Dexterity Anasatte Management Solutions Pvt. Ltd,Ajay Huddar,Non-IT,Associate Engineer,2019-20
Production,Male,1.8,2,Dexterity Anasatte Management Solutions Pvt. Ltd,Digambar  Gore,Non-IT,Associate Engineer,2019-20
Production,Male,1.8,2,Dexterity Anasatte Management Solutions Pvt. Ltd,Kedar Patil,Non-IT,Associate Engineer,2019-20
Production,Male,1.8,2,Dexterity Anasatte Management Solutions Pvt. Ltd,Kuladeep Kale,Non-IT,Associate Engineer,2019-20
Production,Male,1.8,2,Dexterity Anasatte Management Solutions Pvt. Ltd,Prashant Patil,Non-IT,Associate Engineer,2019-20
Production,Male,1.8,2,Dexterity Anasatte Management Solutions Pvt. Ltd,Rushikesh Patil,Non-IT,Associate Engineer,2019-20
Production,Male,1.8,1,Dexterity Anasatte Management Solutions Pvt. Ltd,Rutuja Jadhav,Non-IT,Associate Engineer,2019-20
Production,Male,1.8,2,Dexterity Anasatte Management Solutions Pvt. Ltd,Shantanu Kharade,Non-IT,Associate Engineer,2019-20
Production,Male,1.8,2,Dexterity Anasatte Management Solutions Pvt. Ltd,Sourabh  Chavan,Non-IT,Associate Engineer,2019-20
Production,Male,1.8,2,Dexterity Anasatte Management Solutions Pvt. Ltd,Tushar Bhosale,Non-IT,Associate Engineer,2019-20
Production,Male,1.8,2,Dexterity Anasatte Management Solutions Pvt. Ltd,Vishal Malvekar,Non-IT,Associate Engineer,2019-20
