Date,Gold_Price_XAU_USD,US_Dollar_Index_DXY,Crude_Oil_Price,Inflation_Rate_Pct
1/1/2015,1205.47,95.17,47.85,7.92
1/2/2015,1204.58,95.61,48.71,6.17
1/3/2015,1211.56,95.62,53.73,4.8
1/4/2015,1227.29,95.93,55.39,6.95
1/5/2015,1225.45,96.75,53.76,5.99
1/6/2015,1223.61,96.94,56.13,1.92
1/7/2015,1239.9,97.09,55.6,2.17
1/8/2015,1248.08,96.33,58.45,1.77
1/9/2015,1243.88,95.02,60.16,4.7
1/10/2015,1249.81,95.21,54.38,7.28
1/11/2015,1245.67,95.16,52.47,3.69
1/12/2015,1241.51,94.91,54.46,4.19
1/13/2015,1244.43,95.03,54.86,7.87
1/14/2015,1225.8,95,52.91,7.36
1/15/2015,1209.05,95.56,51.75,6.16
1/16/2015,1203.93,95.6,48.03,3.37
1/17/2015,1194.3,95.23,47.96,2.32
1/18/2015,1197.94,95.73,52.48,1.61
1/19/2015,1189.36,95.62,54.19,2.25
1/20/2015,1175.74,95.88,58.67,3.55
1/21/2015,1190.9,95.64,60.53,5.36
1/22/2015,1189.14,95.32,62.69,1.95
1/23/2015,1190.31,95.36,66.74,2.45
1/24/2015,1176.57,95.37,67.59,2.77
1/25/2015,1171.62,95.61,67.32,5.92
1/26/2015,1173.23,95.47,69.48,5.81
1/27/2015,1162.22,94.55,72.49,5.36
1/28/2015,1166.48,94.34,71.63,3.25
1/29/2015,1160.97,94.73,70.29,4.1
1/30/2015,1158.56,94.59,70.66,2.18
1/31/2015,1153.04,94.46,72.43,3.09
2/1/2015,1172.06,94.96,74.12,7.78
2/2/2015,1172.43,94.6,71.37,8.36
2/3/2015,1162.35,93.83,75.3,6.03
2/4/2015,1171.08,93.75,74.12,7.92
2/5/2015,1159.37,93.51,73.69,6
2/6/2015,1161.96,93.02,71.98,1.73
2/7/2015,1142.86,92.93,77.48,8.48
2/8/2015,1130.08,93.18,78.06,2.19
2/9/2015,1132.55,93.18,76.46,6.28
2/10/2015,1140.43,93.33,78.29,3.27
2/11/2015,1142.64,94.24,79.93,4.24
2/12/2015,1141.99,94.06,79.65,6.02
2/13/2015,1139.48,94.2,81.43,4.56
2/14/2015,1125.19,93.95,79.88,3.25
2/15/2015,1118.49,93.53,78.99,3.84
2/16/2015,1114.39,93.23,75.07,3.89
2/17/2015,1125.46,92.99,72.53,8.22
2/18/2015,1129.39,93.17,76.24,7.09
2/19/2015,1112.26,94.35,79.62,4.71
2/20/2015,1116,93.99,79.86,2.9
2/21/2015,1112.65,93.78,83.28,7.18
2/22/2015,1106.38,93.75,83.06,2.6
2/23/2015,1113,93.95,82.67,2.97
2/24/2015,1123.81,94.08,82.89,4.06
2/25/2015,1133.62,94.72,82.74,7.66
2/26/2015,1125.73,93.51,82.41,2.42
2/27/2015,1123.14,92.32,84.79,2.36
2/28/2015,1126.95,92.07,85.19,4.96
3/1/2015,1137.21,92.62,86.72,3.43
3/2/2015,1132.92,91.83,88.88,5.48
3/3/2015,1131.56,90.33,89.76,4.66
3/4/2015,1121,90.62,87.92,4.54
3/5/2015,1109.53,90.74,85.31,2.28
3/6/2015,1118.16,90.19,85.71,2.49
3/7/2015,1132.22,89.7,85.47,7.25
3/8/2015,1132,89.21,85.74,7.7
3/9/2015,1142.54,89.27,85.81,3.14
3/10/2015,1146.65,88.96,91.08,2.29
3/11/2015,1140.7,89.2,88.52,1.87
3/12/2015,1144.82,87.78,84.64,5.76
3/13/2015,1160.7,87.35,85.4,6.51
3/14/2015,1160.84,86.78,84.75,4.11
3/15/2015,1176.98,86.66,85.48,6.26
3/16/2015,1151.29,86.39,86.75,6.49
3/17/2015,1160.01,86.79,89.42,8.05
3/18/2015,1161.38,85.86,86.5,1.95
3/19/2015,1158.89,85.88,85.49,2.85
3/20/2015,1160.3,86.16,86.45,1.98
3/21/2015,1140.93,87.09,88.09,7.58
3/22/2015,1139.23,86.85,92.57,7.05
3/23/2015,1143.3,87.01,94.59,5.52
3/24/2015,1158.58,86.11,94.57,2.09
3/25/2015,1153.9,84.91,92.89,3.41
3/26/2015,1146.31,85.33,91.86,3.58
3/27/2015,1141.8,85.33,90.78,5.43
3/28/2015,1151.45,85.92,92.19,3.31
3/29/2015,1155.24,85.23,92.8,2.01
3/30/2015,1150.44,85.49,90.25,6.62
3/31/2015,1156.07,86.43,89.48,3.59
4/1/2015,1157.54,86.64,91.34,4.67
4/2/2015,1167.73,86.78,92.14,2.39
4/3/2015,1161.21,86.78,93.38,7.12
4/4/2015,1158.43,85.99,94.24,5.46
4/5/2015,1155.01,86.67,97.6,7.81
4/6/2015,1140.88,86.37,98.17,4.97
4/7/2015,1144.34,86.62,97.5,8.09
4/8/2015,1147.45,85.84,95.77,7.74
4/9/2015,1148,85.25,96.37,5.54
4/10/2015,1146.15,85.96,91.58,8.04
4/11/2015,1132.5,85.79,91.32,3.76
4/12/2015,1128.79,86.52,91,4.06
4/13/2015,1125.87,86.48,88.37,1.82
4/14/2015,1118.34,85.56,86.62,5.62
4/15/2015,1117.23,86,88.34,6.55
4/16/2015,1121.77,85.71,88.9,6.91
4/17/2015,1141.13,86.06,89.2,2.55
4/18/2015,1143.38,86.07,89.92,4.61
4/19/2015,1146.45,85.3,90.2,2.74
4/20/2015,1146.21,85.38,92.79,6.13
4/21/2015,1127.52,86.48,93.13,2.61
4/22/2015,1127.76,86.73,90.32,7.83
4/23/2015,1128.86,86.7,93.68,3.11
4/24/2015,1153.99,87.23,94.52,3.54
4/25/2015,1152.57,87.34,93.44,7.46
4/26/2015,1156.08,87.45,91.03,4.71
4/27/2015,1156.24,86.9,91.92,1.67
4/28/2015,1145.05,87.02,91.79,4.96
4/29/2015,1156.98,87.53,95.04,2.09
4/30/2015,1165,87.12,94.45,8.4
5/1/2015,1173.41,87.83,92.87,5.62
5/2/2015,1164.81,87.78,94.76,3.3
5/3/2015,1179.34,87.34,96.71,5.45
5/4/2015,1165.82,87.84,97.15,2.04
5/5/2015,1172.19,87.69,98.6,7.1
5/6/2015,1194.6,88.07,98.63,7.98
5/7/2015,1185.19,87.93,99.2,7.62
5/8/2015,1180.03,87.9,101.63,3.89
5/9/2015,1181.52,88.14,102.98,3.78
5/10/2015,1176.99,88.29,102.74,1.75
5/11/2015,1161.98,87.29,105.54,6.06
5/12/2015,1163.17,86.73,100.91,5.24
5/13/2015,1153.05,87.2,105.12,4.72
5/14/2015,1158.28,87.13,101.81,7.85
5/15/2015,1149.59,86.87,100.65,2.68
5/16/2015,1165.59,86.19,100.67,1.57
5/17/2015,1158.25,85.65,100.48,2.01
5/18/2015,1155.53,84.64,102.59,3.06
5/19/2015,1164.17,84.59,100.57,1.73
5/20/2015,1152.36,84.29,101.19,5.02
5/21/2015,1155.13,83.81,100.14,3.7
5/22/2015,1168.71,83.77,100.83,2.76
5/23/2015,1153.13,83.95,100.8,6.75
5/24/2015,1155.48,85,101.09,2.93
5/25/2015,1158.58,84.24,100.09,6.31
5/26/2015,1166.89,84.82,99.17,3.94
5/27/2015,1155.03,85.31,99.84,5.08
5/28/2015,1142.32,84.92,101.83,8.04
5/29/2015,1148.04,85.02,100.73,1.76
5/30/2015,1151.51,84.79,99.09,5
5/31/2015,1154.51,84.89,100.42,7.48
6/1/2015,1158.48,85.64,100.45,5.62
6/2/2015,1152.18,85.94,102.22,3.44
6/3/2015,1155,86.2,100.5,4.28
6/4/2015,1158.43,85.98,97.05,6.26
6/5/2015,1151.79,85.24,96.08,7.74
6/6/2015,1170.95,85.14,94.65,1.79
6/7/2015,1176.18,85.74,94.59,2
6/8/2015,1164.77,84.98,93.42,3.78
6/9/2015,1171.84,84.45,95,3.13
6/10/2015,1162.59,84.51,94.52,3.35
6/11/2015,1170.96,84.02,94.92,3.05
6/12/2015,1183.05,83.62,95.34,2.87
6/13/2015,1175.34,83.41,95.83,2.41
6/14/2015,1185.47,82.73,95.88,8.04
6/15/2015,1190.1,82.24,97,2.51
6/16/2015,1198.82,82.59,95.51,2.93
6/17/2015,1218.29,81.94,98.41,3.22
6/18/2015,1216.34,81.14,98.03,8.03
6/19/2015,1209.3,80.83,95.51,6.79
6/20/2015,1200.9,81.19,95.99,7.03
6/21/2015,1193.25,81.09,94.39,2.23
6/22/2015,1192.97,80.86,95.82,7.35
6/23/2015,1196.89,80.88,100.34,4.36
6/24/2015,1200.15,80.01,98.86,3.34
6/25/2015,1208.93,80.26,99.63,5.53
6/26/2015,1209.56,80.45,96.22,7.26
6/27/2015,1224.59,80.24,97.22,6.95
6/28/2015,1222.44,80.75,95.55,7.73
6/29/2015,1250.15,80.18,94.4,8
6/30/2015,1256.9,80.75,92.3,3.17
7/1/2015,1248.83,80.82,93.86,4.47
7/2/2015,1238.62,80.66,95.98,1.6
7/3/2015,1243.95,80.65,96.13,7.66
7/4/2015,1242.21,80.59,94.5,2.58
7/5/2015,1249.85,81.2,97.78,7.53
7/6/2015,1255.08,80.66,96.37,3.81
7/7/2015,1254.86,80.28,92.15,4.08
7/8/2015,1246.89,80.8,93.17,1.77
7/9/2015,1232.24,80.5,91.06,3.79
7/10/2015,1228.27,80.95,93.14,7.72
7/11/2015,1237.34,81.8,92.47,1.68
7/12/2015,1239.98,81.6,93.78,4.34
7/13/2015,1228.02,81.94,96.68,1.72
7/14/2015,1230.25,81.37,94.37,4.1
7/15/2015,1234.61,81.74,93.33,2.71
7/16/2015,1226.27,81.84,93.28,3.27
7/17/2015,1228.31,82.08,96.46,7.64
7/18/2015,1229.39,81.76,95.24,4.55
7/19/2015,1218.46,80.93,94.15,3.42
7/20/2015,1222.54,81.18,95.21,5.63
7/21/2015,1228.64,80.15,94.15,2.49
7/22/2015,1239.97,79.99,94.56,3.32
7/23/2015,1251.01,80.46,91.56,5.32
7/24/2015,1237.74,80.55,96.08,3.16
7/25/2015,1228.86,81.53,93.49,6.25
7/26/2015,1234.51,82.04,92.95,4.94
7/27/2015,1240.15,81.71,92.98,6.9
7/28/2015,1245.8,81.73,96.91,8.14
7/29/2015,1284.82,81.7,94.36,2.31
7/30/2015,1291.03,80.91,98.42,3.84
7/31/2015,1302.89,80.44,100.04,3.74
8/1/2015,1312.93,80.16,100.97,2.56
8/2/2015,1319.94,79.14,99.1,7.17
8/3/2015,1317.29,79.17,100.35,6.82
8/4/2015,1325.38,79.04,99,4.89
8/5/2015,1318.15,78.21,101.63,5.26
8/6/2015,1316.28,78.41,99.79,1.92
8/7/2015,1311.93,78.77,99.66,5.39
8/8/2015,1313.25,78.88,98.65,7.04
8/9/2015,1336.89,78.72,96.78,5.52
8/10/2015,1318.72,79.01,98.36,3.36
8/11/2015,1326.08,79.35,99.53,6.17
8/12/2015,1310.46,79.51,102.05,4.03
8/13/2015,1306.24,79.1,98.59,5.31
8/14/2015,1317.63,79.23,100.82,4.91
8/15/2015,1318.77,79.83,105.93,4.17
8/16/2015,1308.49,79.53,105.13,6.53
8/17/2015,1301.84,80.58,109.02,7.69
8/18/2015,1309.14,80.32,108.59,1.54
8/19/2015,1302.33,80.34,105.94,8.04
8/20/2015,1305,80,105.43,5.08
8/21/2015,1305.95,80.11,107.63,6.41
8/22/2015,1299.94,79.24,106.05,7.49
8/23/2015,1321.88,78.97,104.95,4.77
8/24/2015,1328.71,78.42,106.24,7.34
8/25/2015,1308.96,78.49,106.35,2.74
8/26/2015,1311.33,78.99,107.61,2.61
8/27/2015,1305.21,79.31,108.19,6.1
8/28/2015,1314.23,78.12,109.25,7.59
8/29/2015,1306.81,79.14,108.49,7.75
8/30/2015,1306.16,79.29,109.05,6.01
8/31/2015,1311.71,78.9,107.29,5.18
9/1/2015,1320.87,78.98,109.97,3.82
9/2/2015,1309.37,79.07,108.8,8.36
9/3/2015,1306.52,78.74,111.16,3.74
9/4/2015,1302.27,78.84,110.79,6.71
9/5/2015,1296.24,78.53,111.3,5.22
9/6/2015,1314.39,78.33,110.41,5.76
9/7/2015,1318.94,77.99,108.47,4.25
9/8/2015,1306.83,77.27,105.09,8.25
9/9/2015,1316.51,77.34,103.07,5.5
9/10/2015,1338.23,77.64,102.53,8.06
9/11/2015,1349.06,77.89,103.05,1.55
9/12/2015,1334.37,78.3,105.17,5.51
9/13/2015,1330.02,78.47,104.38,6.52
9/14/2015,1343.19,78.2,102.72,6.72
9/15/2015,1336.62,78.62,99.93,7.83
9/16/2015,1341.55,77.94,100.99,1.53
9/17/2015,1349.8,77.49,103.86,1.5
9/18/2015,1341.03,77.01,106.49,4.81
9/19/2015,1340.94,77.55,108.01,1.71
9/20/2015,1309.02,78.02,109.39,8.32
9/21/2015,1299.28,78.26,112.88,3.05
9/22/2015,1297.25,78.8,113.65,4.81
9/23/2015,1285.28,78.36,115.04,1.93
9/24/2015,1302.1,78.53,114.5,5.15
9/25/2015,1288.3,78.47,111.87,4.16
9/26/2015,1284.4,78.89,110.6,1.81
9/27/2015,1286.2,78.84,110.69,3.85
9/28/2015,1301.12,78.64,110.91,4.24
9/29/2015,1287.26,78.92,114.86,8.43
9/30/2015,1299.39,79.35,115.12,2.96
10/1/2015,1299.99,79.02,117.58,5.31
10/2/2015,1290.68,78.99,116.81,8.41
10/3/2015,1295.8,78.46,116.29,7.04
10/4/2015,1298.29,77.21,113.73,8.45
10/5/2015,1292.79,77.31,112.34,8.28
10/6/2015,1293.99,77.62,113.5,4.93
10/7/2015,1290.63,77.75,113.61,6.37
10/8/2015,1292.27,76.77,115.6,2.27
10/9/2015,1299.39,76.6,116.06,4.59
10/10/2015,1315.75,75.49,115.46,7.16
10/11/2015,1303.87,76.17,119.85,5.04
10/12/2015,1325.7,75.63,119.77,6.42
10/13/2015,1306.68,76.26,122.19,6.72
10/14/2015,1305.66,76.73,121.49,3.27
10/15/2015,1312.05,76.28,123.01,7.63
10/16/2015,1315.36,75.71,124.97,4.72
10/17/2015,1309.63,75.89,125.48,2.97
10/18/2015,1308.05,75.47,120.87,7.56
10/19/2015,1303.62,75.52,121.01,4.42
10/20/2015,1298.22,75.28,123.57,6.75
10/21/2015,1307.22,74.38,124.73,5.34
10/22/2015,1311.29,73.27,125.72,4.17
10/23/2015,1304.86,73.38,122.37,7.17
10/24/2015,1314.36,73.1,121.03,5.59
10/25/2015,1317.93,72.83,121.95,4.23
10/26/2015,1326.56,73.17,122.88,2.27
10/27/2015,1333.35,73.76,125.4,7.77
10/28/2015,1325.56,73.62,125.21,1.75
10/29/2015,1320.46,73.45,126.13,7.54
10/30/2015,1328.44,73.7,126.26,4.02
10/31/2015,1335.04,73.03,124.39,5.98
11/1/2015,1335.33,73.14,119.97,7.96
11/2/2015,1337,73.41,120.94,2.56
11/3/2015,1350.28,73.75,121.38,5.47
11/4/2015,1344.86,72.78,120.25,6.85
11/5/2015,1350.84,72.4,117.11,6.8
11/6/2015,1349.31,71.96,118.47,5.18
11/7/2015,1347.64,72.01,118.04,5.87
11/8/2015,1359.12,72.26,119.25,6.8
11/9/2015,1367.88,73,123.08,7.39
11/10/2015,1376.51,72.76,118.9,6.83
11/11/2015,1390.07,72.51,117.6,3.98
11/12/2015,1390.78,73.08,117.28,8.48
11/13/2015,1398.1,73.23,120.29,4.54
11/14/2015,1395.5,73.86,117.11,1.67
11/15/2015,1399.24,74.01,121.09,4.04
11/16/2015,1398.44,73.43,121.46,2.39
11/17/2015,1399.91,72.76,121.37,2.35
11/18/2015,1406.36,71.99,121.07,3.47
11/19/2015,1398.67,72.32,120.3,1.87
11/20/2015,1420.1,72.91,122.49,6.32
11/21/2015,1410.54,73.84,120.46,2.02
11/22/2015,1398.9,74.26,121.25,2.92
11/23/2015,1410.98,74.84,120.58,2.15
11/24/2015,1419.39,74.55,119.15,1.94
11/25/2015,1426.14,73.97,124.43,3.37
11/26/2015,1432.92,74.4,125.36,5.5
11/27/2015,1433.3,74.61,126.69,8.25
11/28/2015,1424.82,74.66,129.07,7.63
11/29/2015,1426.08,74.85,126.32,7.63
11/30/2015,1419.81,75.02,129.93,2.73
12/1/2015,1430.06,75.66,125.01,3.35
12/2/2015,1429.09,76.3,123.57,2.03
12/3/2015,1421.34,76.58,122.76,6.95
12/4/2015,1418.62,77,124.02,1.99
12/5/2015,1423.25,77.26,124.56,5.4
12/6/2015,1418.11,77.03,124.32,3.24
12/7/2015,1410.39,77.4,124.4,3.2
12/8/2015,1413.33,76.71,122.54,8.44
12/9/2015,1416.28,77.23,119.65,6.8
12/10/2015,1411.71,76.64,121.2,7.36
12/11/2015,1407.5,76.78,122.69,5.5
12/12/2015,1410.32,76.36,125.96,7.6
12/13/2015,1396.34,76.63,124.48,6.02
12/14/2015,1382.76,76.62,125.96,8.12
12/15/2015,1376.08,75.82,125.5,3.47
12/16/2015,1374.45,76.03,127.98,5.67
12/17/2015,1378.05,75.74,130.12,6.33
12/18/2015,1393.31,76.18,130.64,4.25
12/19/2015,1402.38,76.18,130.06,7.66
12/20/2015,1401.28,76.38,132.09,8.36
12/21/2015,1401.59,75.9,133.48,4.96
12/22/2015,1392.07,75.61,132.21,4.23
12/23/2015,1392.38,75.38,129.65,4.8
12/24/2015,1390,75.81,129.18,7.47
12/25/2015,1393.72,76.64,132.31,6.02
12/26/2015,1385.95,76.24,134.7,1.81
12/27/2015,1391.65,76.78,132.58,5.3
12/28/2015,1407.47,75.7,130.34,1.62
12/29/2015,1406.89,75.1,132.99,6.95
12/30/2015,1411.4,74.62,130.82,3.8
12/31/2015,1418.8,73.94,131.94,4.8
1/1/2016,1415.29,73.15,130.81,7.09
1/2/2016,1418.03,73.36,134.14,1.83
1/3/2016,1418.66,73.25,132.7,2.61
1/4/2016,1420.14,73.44,135.09,4.29
1/5/2016,1412.91,73.78,135.56,3.11
1/6/2016,1413.65,73.92,136.16,3.87
1/7/2016,1419.13,74.25,132.32,8.49
1/8/2016,1434.14,74.21,128.01,7.28
1/9/2016,1444.23,73.62,127.67,7.69
1/10/2016,1466.27,74.15,128.27,8.06
1/11/2016,1459.09,73.85,126.12,3.89
1/12/2016,1468.32,73.38,124.04,3.58
1/13/2016,1470.65,73.3,125.26,3.14
1/14/2016,1493.05,72.84,126.49,7.31
1/15/2016,1485.46,72.63,126.31,6.26
1/16/2016,1477.57,72.8,127.97,3.15
1/17/2016,1472.07,72.98,125.72,4.14
1/18/2016,1451.33,72.53,125.11,5.05
1/19/2016,1446.58,72.28,128.51,5.2
1/20/2016,1439.49,72.82,128.74,7.72
1/21/2016,1441.49,73.07,129.1,4.16
1/22/2016,1445.41,74.11,133.81,7.86
1/23/2016,1464.67,74.7,131.11,4.59
1/24/2016,1474.67,75.27,132.8,6.72
1/25/2016,1469.4,74.58,136.23,8.01
1/26/2016,1460.92,74.96,135.68,7.85
1/27/2016,1466.34,74.93,137.5,1.9
1/28/2016,1453.64,74.66,135.64,2.94
1/29/2016,1472.45,74.74,134.36,4.84
1/30/2016,1484.75,75.21,135.23,4.52
1/31/2016,1480.55,75.46,136.93,5.99
2/1/2016,1463.92,75.02,139.27,8.11
2/2/2016,1477.96,75.39,142.51,2.29
2/3/2016,1477.32,75.08,142.48,4.66
2/4/2016,1490.19,75.18,144.96,2.85
2/5/2016,1474.75,75.03,144.38,7.76
2/6/2016,1469.26,74.92,146.28,8.25
2/7/2016,1469.81,75.31,146.8,4.85
2/8/2016,1470.78,74.79,147.79,2.23
2/9/2016,1466.78,75.76,148.74,7
2/10/2016,1473.51,74.85,145.63,6.38
2/11/2016,1463.33,74.55,143.48,3.98
2/12/2016,1462.41,74.73,143.78,7.71
2/13/2016,1464.11,75.03,140.51,8.33
2/14/2016,1469.75,74.98,142.27,5.4
2/15/2016,1477.37,74.95,144.11,5.46
2/16/2016,1466.62,75.15,144.87,3.58
2/17/2016,1451.78,75.04,142.73,5.59
2/18/2016,1465.06,75.73,145.59,4.58
2/19/2016,1468.88,76.15,149.76,3.62
2/20/2016,1461.9,76.59,150.16,1.97
2/21/2016,1477.91,76.11,151.28,3.27
2/22/2016,1479.57,76.07,151.78,2.88
2/23/2016,1491.86,75.92,152.94,5.29
2/24/2016,1493.03,75.41,152.8,5.71
2/25/2016,1514.14,75.59,152.83,5.76
2/26/2016,1532.19,75.33,154.74,4.22
2/27/2016,1530.21,75.65,159.54,4.45
2/28/2016,1540.42,75.12,156.84,7.34
2/29/2016,1547.37,75.98,156.73,4.83
3/1/2016,1561.56,75.53,154.47,8.41
3/2/2016,1552.41,75.64,157.75,4.58
3/3/2016,1559.77,76.03,156.68,6.05
3/4/2016,1570.86,75.75,153.89,1.85
3/5/2016,1553.77,76.18,155.27,6.07
3/6/2016,1542.44,75.56,158.85,7.46
3/7/2016,1522.54,76.29,160.28,8.1
3/8/2016,1520.35,76.29,160.79,8.48
3/9/2016,1528.03,76,161.71,3.48
3/10/2016,1543.55,75.85,164.64,5.53
3/11/2016,1544.79,76.25,162.99,4.66
3/12/2016,1561.58,75.96,162.87,5.45
3/13/2016,1548.28,75.58,162.06,2.6
3/14/2016,1531.74,75.47,159.83,7.49
3/15/2016,1531.69,74.88,159.27,7.87
3/16/2016,1536.03,75.8,161.58,4.65
3/17/2016,1536.2,75.51,162.82,3.46
3/18/2016,1516.03,75.93,164.21,2.49
3/19/2016,1515.63,76.03,164.6,6.29
3/20/2016,1503.09,75.54,165.75,3.69
3/21/2016,1510.29,75.54,164.24,7.87
3/22/2016,1514.45,75.93,163.73,6.2
3/23/2016,1505.55,75.83,164.21,6.02
3/24/2016,1500.91,76.43,164.86,5.42
3/25/2016,1490.82,76.94,165.6,1.82
3/26/2016,1490.7,77.4,165.43,8.02
3/27/2016,1500.75,77.17,164.77,5.9
3/28/2016,1491.39,76.63,171.19,8.46
3/29/2016,1496.93,76.33,173.1,5.26
3/30/2016,1492.13,76.42,174.03,6.47
3/31/2016,1484.7,76.7,173.66,1.89
4/1/2016,1484.13,75.61,172.86,5.92
4/2/2016,1474.28,75.61,172.7,6.85
4/3/2016,1469.24,75.69,173.38,6.95
4/4/2016,1457.76,75.55,169.72,6.89
4/5/2016,1477.91,76.19,166.68,3.08
4/6/2016,1478.76,76.4,165.51,8.33
4/7/2016,1472.26,77.06,166.02,8.47
4/8/2016,1474.9,76.95,165.65,2.03
4/9/2016,1474.28,77.42,168.7,8.06
4/10/2016,1472.57,78.24,165.84,3.53
4/11/2016,1479.21,78.89,164.43,6.32
4/12/2016,1487.29,78.35,167.58,3.87
4/13/2016,1482.48,78.22,167.94,8.27
4/14/2016,1477.22,78.05,169.81,2.21
4/15/2016,1474.97,78.29,174.01,4.98
4/16/2016,1452.45,78.63,172.72,4.5
4/17/2016,1437.8,78.22,172.62,3.78
4/18/2016,1451.97,78.25,172.18,6.02
4/19/2016,1468.92,77.24,168.37,2.42
4/20/2016,1466.93,77.96,167.85,6.52
4/21/2016,1473.2,77.7,169.71,8.36
4/22/2016,1476.81,77.73,170.89,7.13
4/23/2016,1508.1,77.58,172.23,7.52
4/24/2016,1519.79,78.15,171.58,4.02
4/25/2016,1519.01,76.73,170.37,3.77
4/26/2016,1509.96,76.72,173.01,5.12
4/27/2016,1494.39,76.67,172.11,1.82
4/28/2016,1496.93,76.44,172.8,8.12
4/29/2016,1489.87,77.31,173.23,2.51
4/30/2016,1476.14,76.86,176.25,7.82
5/1/2016,1470.18,77.25,178.29,2.09
5/2/2016,1459.86,77.43,175.8,7.26
5/3/2016,1477.23,78.06,173.53,2.56
5/4/2016,1486.55,77.72,174.78,1.77
5/5/2016,1486.97,77.36,174.76,6.54
5/6/2016,1502.27,77.91,173.94,3.46
5/7/2016,1503.54,78.12,176.08,6.5
5/8/2016,1495.43,77.35,176.55,5.39
5/9/2016,1511.16,77.08,176.76,2.26
5/10/2016,1517.05,77.27,178.42,8.02
5/11/2016,1507.18,77.69,177.77,4.67
5/12/2016,1505.77,77.35,181,6.64
5/13/2016,1497.52,75.89,179.53,5.01
5/14/2016,1484.19,76.15,180.94,5.73
5/15/2016,1493.95,75.54,183.91,3.62
5/16/2016,1513.55,74.53,181.25,2.9
5/17/2016,1500.06,73.12,180.67,5.3
5/18/2016,1506.19,73.53,183.05,4.58
5/19/2016,1500.18,73.59,185.47,4.23
5/20/2016,1495.81,73.48,185.22,6.21
5/21/2016,1490.39,74.17,183.85,6.33
5/22/2016,1482.25,74.49,185.87,1.82
5/23/2016,1483.23,75.3,188.33,3.87
5/24/2016,1475.42,74.6,186.1,4.38
5/25/2016,1478.63,74.58,183.8,2.18
5/26/2016,1478.63,73.78,184.35,3.15
5/27/2016,1476.74,73.66,185.7,1.86
5/28/2016,1468.16,73.54,185.21,8.47
5/29/2016,1462.89,73.85,186.66,6.66
5/30/2016,1470.95,73.87,185.34,2.11
5/31/2016,1476.46,74.18,181.22,1.64
6/1/2016,1467.18,74.54,180.47,6.54
6/2/2016,1468.67,75.61,180.69,4.57
6/3/2016,1476.69,75.46,180.24,7.01
6/4/2016,1460.49,74.99,178.02,7.96
6/5/2016,1466.43,75.11,174.49,5.7
6/6/2016,1460.3,74.71,173.57,2.81
6/7/2016,1466.51,75.45,175.46,6.98
6/8/2016,1459.37,75.31,178.07,8.19
6/9/2016,1441.83,75.02,180.55,5.56
6/10/2016,1426.05,74.79,179.02,6.27
6/11/2016,1427.03,75.15,176.81,3.86
6/12/2016,1430.13,75.07,177.9,4.17
6/13/2016,1421.59,74.75,179.27,6.64
6/14/2016,1428.47,75.58,180.17,7.99
6/15/2016,1412.36,75.15,176.24,5.9
6/16/2016,1412.2,75.17,174.61,7.03
6/17/2016,1400.59,75.5,174.65,2.7
6/18/2016,1394.57,74.68,175.73,2.98
6/19/2016,1395.54,74.92,177.36,5.22
6/20/2016,1387.44,74.39,177.75,2.74
6/21/2016,1384.09,74.8,178.51,5.94
6/22/2016,1394.65,74.32,178.78,3.54
6/23/2016,1389.39,74.67,180.25,7.04
6/24/2016,1398.24,75.22,180.98,7.16
6/25/2016,1387.45,75.65,181.21,4.75
6/26/2016,1393.24,75.78,180.77,2.77
6/27/2016,1408.16,75.66,181.03,6.03
6/28/2016,1383.94,75.38,182.1,8.45
6/29/2016,1376.47,76.11,182.74,5.86
6/30/2016,1382.74,75.76,183.6,1.75
7/1/2016,1381.21,75.24,186.39,1.62
7/2/2016,1385.43,75.58,187.02,3.74
7/3/2016,1379.89,75.18,185.82,2.87
7/4/2016,1381.25,74.7,187.69,7.19
7/5/2016,1380.19,73.98,185.05,7.41
7/6/2016,1392.37,73.74,182.99,3.31
7/7/2016,1395.42,73.7,183.76,3.78
7/8/2016,1399.29,73.82,184.89,3.15
7/9/2016,1395.67,74.29,182.5,7.86
7/10/2016,1391.3,74.56,181.84,5.02
7/11/2016,1387.47,74.46,180.73,6.09
7/12/2016,1391.92,74.36,179.85,4.41
7/13/2016,1388.21,74.62,181.84,5.92
7/14/2016,1391.6,75.25,183.35,4.2
7/15/2016,1412.86,75.32,183.42,3.88
7/16/2016,1422.07,75.08,182.42,5.94
7/17/2016,1419.31,74.59,179.82,5.64
7/18/2016,1431.82,73.86,182.76,3.55
7/19/2016,1428.24,74.2,184.05,2.55
7/20/2016,1408.36,74.49,182.74,4.08
7/21/2016,1398.78,74.78,184.27,4.41
7/22/2016,1380.57,74.71,184.23,5.9
7/23/2016,1377.56,75.41,183.76,7.9
7/24/2016,1378.24,75.17,184.73,1.75
7/25/2016,1395.5,75.65,183.35,3.21
7/26/2016,1399.27,75.63,182.76,2.86
7/27/2016,1397.58,75.33,183.1,5.02
7/28/2016,1406.38,75.62,182.2,4.51
7/29/2016,1384.77,75.83,183.64,6.6
7/30/2016,1387.62,76.01,187.48,3.2
7/31/2016,1395.83,76.05,186.07,5.66
8/1/2016,1381.54,76.03,182.84,7.69
8/2/2016,1393.48,77.22,178.94,7.87
8/3/2016,1397.37,77.81,178.74,8.21
8/4/2016,1393.71,78.18,177.51,6.91
8/5/2016,1400.54,78.23,178.03,7.84
8/6/2016,1423.75,78.73,178.39,3.14
8/7/2016,1426.07,78.99,175.29,2.88
8/8/2016,1429.05,79.01,171.76,1.55
8/9/2016,1424.96,78.86,172.45,6.45
8/10/2016,1416.96,78.81,172.82,8.06
8/11/2016,1425.76,77.23,172.07,2.81
8/12/2016,1417.7,77.33,168.85,5.96
8/13/2016,1418.92,77.09,169.9,6.73
8/14/2016,1414.64,77.89,172.54,7.99
8/15/2016,1419.93,77.9,173.19,6.03
8/16/2016,1423.77,77.3,171.6,8.29
8/17/2016,1434.64,77.28,171.79,3.91
8/18/2016,1430.04,76.75,169.16,3.95
8/19/2016,1427.84,76.99,171.37,5.3
8/20/2016,1418.55,77.14,171.64,4.18
8/21/2016,1414.61,77.62,168.2,1.51
8/22/2016,1418.88,77.22,167.7,6.62
8/23/2016,1426.95,77.24,168.73,6.76
8/24/2016,1418.23,76.55,168.16,6.73
8/25/2016,1427.43,76.91,167.71,3.92
8/26/2016,1441.49,77.16,165.36,5.16
8/27/2016,1446.12,77.41,166.59,4.02
8/28/2016,1465.39,77.41,165.39,1.61
8/29/2016,1458.15,77.62,161.18,5.44
8/30/2016,1446.2,78.42,160.54,2.37
8/31/2016,1428.92,78.28,162.6,2.06
9/1/2016,1444.38,78.35,161.93,6.79
9/2/2016,1451.42,77.81,165.5,1.57
9/3/2016,1451.36,77.37,166.46,8.21
9/4/2016,1454.66,77.42,167.24,5.11
9/5/2016,1443.91,77.97,167.08,8.38
9/6/2016,1468.87,77.85,167.05,1.91
9/7/2016,1470.66,77.73,166.62,5.58
9/8/2016,1472.25,77.52,166.11,3.95
9/9/2016,1480.01,77.26,167.28,7.4
9/10/2016,1485.32,77.4,165.5,4.03
9/11/2016,1488.06,76.66,163.45,3.32
9/12/2016,1480.65,77.3,161.31,7.5
9/13/2016,1485.87,76.96,165.5,4.12
9/14/2016,1505.19,77.32,166.66,1.62
9/15/2016,1519.14,76.69,167.37,4.23
9/16/2016,1535.58,77.02,165.35,6.08
9/17/2016,1530.96,77.36,166.7,3.28
9/18/2016,1521.57,77.55,166.57,4.52
9/19/2016,1520.81,77.05,167.09,1.9
9/20/2016,1521.87,77.18,165.24,5.62
9/21/2016,1533.31,76.59,165.66,6.79
9/22/2016,1516.88,76.46,164.91,4.39
9/23/2016,1532.68,76.98,163.48,4.44
9/24/2016,1531.6,77.37,165.05,2.12
9/25/2016,1527.83,77.38,162.08,2.91
9/26/2016,1518.21,76.89,163.31,2.58
9/27/2016,1502.16,77.22,164.77,4.87
9/28/2016,1510.89,77.23,163.11,5.2
9/29/2016,1512.13,76.07,161.57,8.14
9/30/2016,1499.73,76.46,161.23,2.01
10/1/2016,1487.28,76.45,161.89,5.7
10/2/2016,1484.42,77.05,161.69,5.19
10/3/2016,1501.61,76.5,162.65,5.11
10/4/2016,1499.51,74.91,166.28,7.61
10/5/2016,1484.98,75.05,165.36,2.94
10/6/2016,1483.02,75.2,162.03,1.79
10/7/2016,1480.8,74.35,163.79,6.21
10/8/2016,1454.33,73.86,167.25,3.92
10/9/2016,1454.28,75.24,168.14,1.62
10/10/2016,1452.47,75.09,166.06,3.26
10/11/2016,1459.94,75.45,165.91,3.67
10/12/2016,1478.93,75.13,163.78,5.82
10/13/2016,1490.69,74.08,165.16,2.71
10/14/2016,1488.5,74,162.56,4.39
10/15/2016,1477.94,73.86,162.06,4.88
10/16/2016,1504.17,73.66,160.15,4.71
10/17/2016,1505.26,73.61,160.51,8.32
10/18/2016,1505.9,73.74,159.87,1.82
10/19/2016,1506.16,73.66,160.33,8.16
10/20/2016,1508.64,73.03,160.47,5.57
10/21/2016,1507.7,73.27,158.6,7.07
10/22/2016,1502.46,72.3,159.95,4.51
10/23/2016,1497.49,71.27,159.95,4.68
10/24/2016,1497.67,71.64,158.08,7.66
10/25/2016,1492.73,71.9,162.66,7.77
10/26/2016,1486.1,71.87,163.71,3.17
10/27/2016,1487.67,71.17,163.5,2.89
10/28/2016,1485.62,70.82,166.44,4.97
10/29/2016,1501.16,70.69,170.22,7.8
10/30/2016,1475.15,69.89,170.03,3.76
10/31/2016,1486.56,69.52,170.82,6.06
11/1/2016,1499.52,69.84,168.95,6.46
11/2/2016,1479.29,70.56,168.75,6.95
11/3/2016,1476.36,70.35,168.45,5.45
11/4/2016,1473.15,70.73,168.92,4.32
11/5/2016,1459.57,69.77,169.69,8.27
11/6/2016,1452.3,70.1,170.91,5.78
11/7/2016,1441.69,69.7,171.48,6.6
11/8/2016,1459.71,69.85,169.16,3.91
11/9/2016,1469.57,69.73,167.39,6.19
11/10/2016,1482.78,70.39,166.39,3.3
11/11/2016,1490.5,69.95,165.93,3.22
11/12/2016,1479.71,70.26,168.13,6.5
11/13/2016,1474.97,70.12,165.9,5.15
11/14/2016,1480.36,70.05,165.29,6.28
11/15/2016,1468.64,69.95,167.3,3.39
11/16/2016,1476.27,69.53,166.8,5.69
11/17/2016,1474.36,69.52,167.82,4.61
11/18/2016,1471.12,69.49,167.64,5.68
11/19/2016,1478.73,69.61,168.25,3.54
11/20/2016,1483.67,69.66,167.89,6.51
11/21/2016,1480.56,70.05,169.33,7.14
11/22/2016,1492.65,70.52,166.34,3.32
11/23/2016,1482.34,69.99,165.71,3.6
11/24/2016,1489,70.42,166.4,6.13
11/25/2016,1495.43,69.83,167.57,6.37
11/26/2016,1492.84,70.13,170.66,6.43
11/27/2016,1496.6,70.44,169.98,6.28
11/28/2016,1484.59,69.48,173.04,4.25
11/29/2016,1494.33,69.53,171.82,4.26
11/30/2016,1492.98,69.29,174.57,3.28
12/1/2016,1488.25,68.91,176.31,2.6
12/2/2016,1499.24,69.59,174.58,6.35
12/3/2016,1492.7,69.26,175.3,2.15
12/4/2016,1479.11,68.86,175.29,8.06
12/5/2016,1464.05,68.9,176.65,7.29
12/6/2016,1470.61,69.24,176.3,7.5
12/7/2016,1458.3,69.17,175.78,7.85
12/8/2016,1476.35,69.75,178.62,4.36
12/9/2016,1456.03,70.02,178.52,7.43
12/10/2016,1473.5,68.93,180.28,2.61
12/11/2016,1476.11,68.66,179.93,1.65
12/12/2016,1475.64,68.38,183.36,6.99
12/13/2016,1470.69,68.62,182.1,2.02
12/14/2016,1475.18,67.31,180.98,8.42
12/15/2016,1475.3,68.58,184.12,6.22
12/16/2016,1486.84,68.85,183.33,6.77
12/17/2016,1488.48,68.92,186.64,3.22
12/18/2016,1490.48,69.51,188.52,6.22
12/19/2016,1487.35,70.69,188.31,1.8
12/20/2016,1487.28,71.12,184.78,7.36
12/21/2016,1490.86,71.6,184.85,2.69
12/22/2016,1474.25,71.66,185.15,6.38
12/23/2016,1461.27,71.59,187.58,3.07
12/24/2016,1469.2,71.35,190.86,1.98
12/25/2016,1471.41,70.94,189.59,4.87
12/26/2016,1470.07,70.6,191.29,2.69
12/27/2016,1470.76,69.92,192.92,6.61
12/28/2016,1474.73,69.88,195.17,3.16
12/29/2016,1469.84,69.04,196.27,3.9
12/30/2016,1462.55,69.14,192.48,5.47
12/31/2016,1465.01,69.12,192.27,3.49
1/1/2017,1455.73,69.19,190.06,4.15
1/2/2017,1460.31,68.93,189.76,7.21
1/3/2017,1443.78,70.47,191.82,2.75
1/4/2017,1454.58,71.15,192.53,2.08
1/5/2017,1459.8,70.53,194.92,3.8
1/6/2017,1462.86,70.64,195.71,4.47
1/7/2017,1473.19,70.34,193.21,5.3
1/8/2017,1490.34,69.83,188.27,4.11
1/9/2017,1500.99,69.16,188.66,7.03
1/10/2017,1483.08,69.38,188.34,1.78
1/11/2017,1470.78,69.04,186.48,4.52
1/12/2017,1465.03,69.52,183.18,4.18
1/13/2017,1465.8,70.02,181.81,6.03
1/14/2017,1471.47,70.7,181.52,8.26
1/15/2017,1464.71,70.28,182.95,5.07
1/16/2017,1467.08,70.52,183.43,8.41
1/17/2017,1460.03,70.83,186.75,3.62
1/18/2017,1454.41,70.6,184.78,1.72
1/19/2017,1440.85,70.21,186.64,2.66
1/20/2017,1432.11,71.01,186.83,4.27
1/21/2017,1419.1,71.13,188.32,3.71
1/22/2017,1409.84,71.45,187.55,2.18
1/23/2017,1420.88,71.04,189.79,4.53
1/24/2017,1411.88,70.43,190.48,3.87
1/25/2017,1438.71,70.14,189.22,2.36
1/26/2017,1444.14,70.08,189.3,3.57
1/27/2017,1446.49,69.55,188.92,7.71
1/28/2017,1438.4,69.54,190,3.61
1/29/2017,1445.91,68.7,187.74,6.5
1/30/2017,1440.65,68.14,187.78,5.78
1/31/2017,1442.37,68.47,188.67,4.49
2/1/2017,1468.47,68.77,188.84,3.17
2/2/2017,1468.01,68.58,191.63,4.08
2/3/2017,1480,68.07,193.28,5.64
2/4/2017,1473.47,67.56,193.37,3.96
2/5/2017,1473.62,67.37,193.9,3
2/6/2017,1491.83,67.69,194.59,2.32
2/7/2017,1486.06,68.16,195.5,7.66
2/8/2017,1504.68,67.91,191.95,4.58
2/9/2017,1512.26,67.33,191.44,5.88
2/10/2017,1507.14,67.46,188.57,4.93
2/11/2017,1513.96,67.05,191.23,7.61
2/12/2017,1524.19,66.79,191.21,5.33
2/13/2017,1530.9,67.46,190.92,4.87
2/14/2017,1515.7,67.87,192.82,7.97
2/15/2017,1508.93,67.95,193.76,6.54
2/16/2017,1506.96,67.31,191.6,2.28
2/17/2017,1506.71,67.42,191.56,2.74
2/18/2017,1513.42,67.95,190.99,7.01
2/19/2017,1515.7,67.76,187.6,7.35
2/20/2017,1502.84,68.44,186.32,5.32
2/21/2017,1507.14,69.08,186.05,5.38
2/22/2017,1513.75,69.92,185.92,5.92
2/23/2017,1519.85,70.07,183.06,4.57
2/24/2017,1531.16,70.36,185.46,6.26
2/25/2017,1539.99,71.07,185.36,2.26
2/26/2017,1545.09,71.29,185.53,8.23
2/27/2017,1544.88,71.04,186.44,6.75
2/28/2017,1528.78,70.82,184.96,5.92
3/1/2017,1533.57,70.94,185.97,3.71
3/2/2017,1536.15,70.29,185.34,2.63
3/3/2017,1539.36,70.22,183.64,4.37
3/4/2017,1527.1,70.77,184.89,6.13
3/5/2017,1516.79,69.67,187.97,5.94
3/6/2017,1527.82,70.44,189.52,4.18
3/7/2017,1527.92,71,191.47,5.79
3/8/2017,1535.24,70.77,190.53,7.2
3/9/2017,1536.02,71.04,187.43,1.68
3/10/2017,1536.82,71.05,190.51,4.65
3/11/2017,1546.7,71.66,194.72,6.81
3/12/2017,1542.04,72.15,197.91,5.32
3/13/2017,1543.5,71.45,197.34,6.06
3/14/2017,1539.38,71.75,195.13,5.12
3/15/2017,1535.53,71.64,193.1,8.44
3/16/2017,1532.94,71.68,189.83,1.88
3/17/2017,1535.66,71.32,189.71,4.94
3/18/2017,1531.38,72.19,193.03,2.14
3/19/2017,1544.43,72.71,192.84,2.62
3/20/2017,1535.99,72.34,193.55,4.18
3/21/2017,1534.62,71.68,196.4,2.59
3/22/2017,1530.72,71.48,195.69,8.25
3/23/2017,1545.69,71.7,199.86,8.13
3/24/2017,1548.16,71.82,203.95,3.85
3/25/2017,1558.97,72.45,203.78,5.98
3/26/2017,1544.62,72.84,202.73,5.24
3/27/2017,1547.79,73.33,204.22,7.21
3/28/2017,1557.19,73.49,203.63,5.89
3/29/2017,1558.51,72.8,201.41,1.5
3/30/2017,1569.66,72.7,204.08,6.84
3/31/2017,1564.99,73.23,206.61,6.73
4/1/2017,1579.58,73.2,207.02,5.07
4/2/2017,1603.07,73.45,204.59,7.82
4/3/2017,1599.94,73.29,202.24,7.86
4/4/2017,1595.99,72.78,202.55,5.17
4/5/2017,1611.02,72.72,201.65,5.76
4/6/2017,1627.32,72.87,201.07,8.48
4/7/2017,1622.59,72.54,203.21,3.59
4/8/2017,1618.89,72.43,204.78,3.77
4/9/2017,1616.57,71.96,207.63,2.78
4/10/2017,1603.63,72.52,205.75,7.77
4/11/2017,1594.94,72.37,205.17,6.71
4/12/2017,1585.4,73.1,206.79,2.24
4/13/2017,1578.22,73.86,207.78,8.37
4/14/2017,1578.37,73.82,210.95,6.62
4/15/2017,1581.22,73.32,211.89,7.45
4/16/2017,1597.22,72.27,215.68,1.84
4/17/2017,1587.74,71.54,216.86,5.03
4/18/2017,1598.08,70.85,219.09,6.39
4/19/2017,1596.44,71.54,218.54,5.3
4/20/2017,1596.45,71.6,218.67,6.17
4/21/2017,1603.69,71.79,220.59,7.23
4/22/2017,1592.97,70.68,223.92,4.12
4/23/2017,1597.29,70.08,225.48,7.44
4/24/2017,1599.46,70.53,225.41,2.64
4/25/2017,1604.88,70.67,228.26,3.4
4/26/2017,1608.27,70.6,223.98,1.8
4/27/2017,1633.33,70.88,221.24,4.05
4/28/2017,1627.45,71.7,222.7,4.16
4/29/2017,1622.64,71.59,222.83,7.14
4/30/2017,1616.91,71.62,224.14,6.07
5/1/2017,1611.85,71.72,224.37,4.56
5/2/2017,1605.98,72.91,225.61,6.06
5/3/2017,1618.37,71.86,224.08,1.87
5/4/2017,1633.07,72.2,225.32,2.76
5/5/2017,1627.87,72.15,227.41,5.89
5/6/2017,1620.04,72.43,229.95,5.99
5/7/2017,1625.26,72.1,234.08,6.92
5/8/2017,1620.23,72.08,234.67,4.32
5/9/2017,1627.06,72.43,235.31,6.56
5/10/2017,1629.59,73.99,232.37,6.29
5/11/2017,1614.93,74.39,231.4,8.24
5/12/2017,1630.91,73.97,231.12,3.01
5/13/2017,1649.37,73.76,233.32,5.36
5/14/2017,1643.74,73.53,232.2,5.71
5/15/2017,1640.36,72.63,233.89,8.49
5/16/2017,1643.72,72.47,233.99,2.91
5/17/2017,1647.57,72.83,233.73,5.16
5/18/2017,1654.65,72.2,234.33,3.92
5/19/2017,1675.25,72.72,233.65,5.18
5/20/2017,1673.98,72.97,232.89,3.12
5/21/2017,1666.5,72.6,229.58,1.83
5/22/2017,1653.21,72.53,229.18,5.51
5/23/2017,1646.4,73.33,228.32,3.85
5/24/2017,1646.57,73.69,227.39,2.77
5/25/2017,1665.01,73.7,228.33,3.77
5/26/2017,1660.34,73.58,229.74,1.84
5/27/2017,1663.08,73.62,230.31,8.15
5/28/2017,1663.41,73.36,232.4,5.57
5/29/2017,1675.8,72.31,233.65,7.2
5/30/2017,1701.56,73.33,233.16,4.46
5/31/2017,1696.76,73.41,232.33,7.82
6/1/2017,1692.36,73.61,233.06,4.88
6/2/2017,1703.3,73.58,234.31,5.52
6/3/2017,1710.62,73.21,237.2,4.94
6/4/2017,1729.59,73.12,239.69,6.63
6/5/2017,1735.93,72.32,238.7,5.47
6/6/2017,1732.84,73.46,238.6,3.4
6/7/2017,1739.24,72.84,240.04,2.52
6/8/2017,1750.83,72.32,242.28,5.74
6/9/2017,1759.53,72.1,244.25,4.92
6/10/2017,1765.11,72.75,244.23,2.17
6/11/2017,1776.27,72.75,241.82,4.27
6/12/2017,1788.47,72.14,239.92,5.1
6/13/2017,1802.79,72.76,240.57,7.29
6/14/2017,1809.78,73.13,241.35,2.03
6/15/2017,1808.6,73.4,239.25,3.94
6/16/2017,1810.57,73.76,239.44,7.26
6/17/2017,1823.14,74.95,240.8,6.04
6/18/2017,1815.47,76.05,238.6,3.53
6/19/2017,1819.65,75.7,240.91,7.42
6/20/2017,1816.22,76.51,240.26,4.95
6/21/2017,1817.01,76.71,242.87,4.99
6/22/2017,1830.29,76.96,241.91,8.34
6/23/2017,1832.7,76.11,239.95,8.13
6/24/2017,1833.67,76.02,239.14,4.01
6/25/2017,1820.57,75.62,239.05,2.48
6/26/2017,1828.53,76.03,238.37,3.78
6/27/2017,1835.49,76.57,238.04,1.71
6/28/2017,1857.62,75.53,238.8,1.65
6/29/2017,1855.04,75.52,238.56,4.27
6/30/2017,1857.73,76.08,238.53,8.09
7/1/2017,1860.73,75.99,235.21,7.6
7/2/2017,1877,76.35,236.09,5.08
7/3/2017,1876.55,76.53,236.02,5.46
7/4/2017,1879.84,76.7,239.34,1.54
7/5/2017,1886.42,76.56,237.56,3.01
7/6/2017,1888.78,75.95,234.04,1.67
7/7/2017,1884.82,75.39,235.38,6.78
7/8/2017,1887.26,75.75,236.17,2.52
7/9/2017,1898.5,75.76,234.25,7.58
7/10/2017,1888.73,75.69,231.29,6
7/11/2017,1890.56,75.48,234.47,3.11
7/12/2017,1884.06,75.32,237.4,2.6
7/13/2017,1896.51,75.85,232.52,5.89
7/14/2017,1881.78,75.68,231.71,7.81
7/15/2017,1876.69,75.01,235.13,6.53
7/16/2017,1880.96,75.38,234.28,3.94
7/17/2017,1897.12,75.28,233.4,5.61
7/18/2017,1896.96,75.29,232.94,3.68
7/19/2017,1891.91,76.1,230.79,8.49
7/20/2017,1911.22,76.09,227.48,6.74
7/21/2017,1897.24,76.23,229.69,5.8
7/22/2017,1875.75,75.64,226.1,4.46
7/23/2017,1880.65,75.53,226.7,5.83
7/24/2017,1876.13,75.84,228.57,3.89
7/25/2017,1866.42,75.06,225.77,1.7
7/26/2017,1874,75.16,224.02,4.27
7/27/2017,1876.94,75.21,226.55,8.01
7/28/2017,1871.8,75.23,227.71,5.88
7/29/2017,1859.5,75.75,226.58,2.09
7/30/2017,1868.72,75.92,229.08,7.69
7/31/2017,1875.72,76.66,231.59,3.38
8/1/2017,1875.23,76.16,232.23,3.21
8/2/2017,1894.2,76.23,230.53,3.58
8/3/2017,1884,76.27,229.81,5.54
8/4/2017,1869.24,75.73,230.48,5.31
8/5/2017,1862.82,76.21,230.2,4.94
8/6/2017,1862.87,77.38,232.18,6.52
8/7/2017,1865.8,77.37,229.22,3.72
8/8/2017,1863.89,77.62,226.33,6.97
8/9/2017,1867.91,77.66,226.79,2.73
8/10/2017,1855.89,77.3,225.91,6.98
8/11/2017,1870.83,76.39,224.76,6.15
8/12/2017,1870.51,76.04,221.32,6.28
8/13/2017,1882.18,75.35,221.46,4.87
8/14/2017,1886.11,76.2,221.45,6.17
8/15/2017,1891.18,76.14,222.86,2.06
8/16/2017,1897.37,75.97,223.1,7.46
8/17/2017,1902.35,76.41,222.93,1.89
8/18/2017,1909.28,75.85,225.39,2.54
8/19/2017,1923.07,75.47,222.86,5.54
8/20/2017,1925.53,75.5,224.03,6.68
8/21/2017,1933.12,76.02,220.79,2.03
8/22/2017,1932.73,76.27,219.22,7.95
8/23/2017,1947.63,76.39,216.89,8.32
8/24/2017,1941.36,76.43,218.55,5.74
8/25/2017,1959.87,76.63,218.52,4.87
8/26/2017,1959.97,76.73,218.6,6.69
8/27/2017,1946.16,76.22,216.48,3.8
8/28/2017,1947.95,76.24,215.98,4.95
8/29/2017,1941.63,75.7,214.56,7.91
8/30/2017,1950.54,75.74,215.42,8.19
8/31/2017,1944.51,75.5,213.54,7.99
9/1/2017,1940.55,76.77,216.3,3.34
9/2/2017,1922.16,76.75,213.05,3.13
9/3/2017,1918.13,76.05,211.54,3.58
9/4/2017,1894.4,75.98,214.99,4.59
9/5/2017,1879.06,76.24,214.22,3.7
9/6/2017,1887.16,77.08,211.69,4.12
9/7/2017,1895.52,76.78,212.23,5.84
9/8/2017,1900.27,75.99,211.38,6.84
9/9/2017,1891.1,76.4,209.81,6.65
9/10/2017,1891.13,75.71,207.71,7.2
9/11/2017,1891.59,75.49,213.35,1.73
9/12/2017,1880.51,75.36,212.95,1.83
9/13/2017,1896.04,75.33,209.2,7.03
9/14/2017,1905.31,75.67,212.28,5.23
9/15/2017,1903.6,75.33,213.61,5.55
9/16/2017,1904.37,75.2,212.17,1.87
9/17/2017,1906.96,75.19,210.41,3.29
9/18/2017,1887.04,75.26,211.85,5.97
9/19/2017,1885.07,75.31,211.46,7.51
9/20/2017,1878.75,75.53,207.71,7.92
9/21/2017,1869.23,75.95,211.38,5
9/22/2017,1866.92,76.15,210.62,5.32
9/23/2017,1885.4,76.38,213.71,7.33
9/24/2017,1892.31,75.58,216.36,5.26
9/25/2017,1887.09,75.61,214.46,5.12
9/26/2017,1893.32,75.85,216.63,7.84
9/27/2017,1907.81,76.21,215.42,7.03
9/28/2017,1917.56,75.87,211.79,7.86
9/29/2017,1918.66,75.54,211.04,3.03
9/30/2017,1912.69,75.25,211.94,5.17
10/1/2017,1920.17,75.52,211.11,7.4
10/2/2017,1924.6,76.04,210.6,2.28
10/3/2017,1934.06,75.83,212.99,7.06
10/4/2017,1940.91,76.29,213.3,2.78
10/5/2017,1951.9,76.35,211.71,7.16
10/6/2017,1947.05,76.29,213.22,5.78
10/7/2017,1960.73,76.18,213.71,2.85
10/8/2017,1963.2,76.55,208.77,4.81
10/9/2017,1984.45,76.72,209.72,6.27
10/10/2017,1978.06,77.85,210.61,5.94
10/11/2017,1995.92,77.43,210.75,4.49
10/12/2017,1998.4,77.69,212.63,7.8
10/13/2017,1992.39,77.42,211.39,5.13
10/14/2017,1988.05,76.99,212.16,5.04
10/15/2017,1985.34,76.98,209.13,1.94
10/16/2017,1990.09,77.05,210.04,7.95
10/17/2017,1995.81,78.51,214.05,2.74
10/18/2017,1990.58,78.42,212.16,5.2
10/19/2017,1990.83,77.85,210.74,7.12
10/20/2017,2012.76,77.99,209.42,3.01
10/21/2017,2030.53,76.95,209.78,5.19
10/22/2017,2035.4,76.91,207.75,3.18
10/23/2017,2036.28,76.91,208.69,6.82
10/24/2017,2037.98,77.31,210.49,5.45
10/25/2017,2044.61,77.8,211.66,7.49
10/26/2017,2034.88,77.55,208.22,7.76
10/27/2017,2032.81,77.47,210.31,6.04
10/28/2017,2016.62,77.09,212.28,6.58
10/29/2017,2021.12,76.52,214.04,5.34
10/30/2017,2028.09,76.68,214.89,4.19
10/31/2017,2023.76,76.04,215.43,6.04
11/1/2017,2040,75.83,217.6,7.86
11/2/2017,2028.24,75.34,221.54,4.42
11/3/2017,2014.09,75.61,219.74,3.7
11/4/2017,2016.84,76.51,221.99,4.22
11/5/2017,2027.81,75.86,221.92,4.55
11/6/2017,2045.15,74.94,221.76,2.01
11/7/2017,2041.06,74.87,218.79,4.99
11/8/2017,2052.35,74.88,218.32,4.96
11/9/2017,2052.46,74.99,216.42,5.62
11/10/2017,2051.24,74.77,215.6,4.04
11/11/2017,2060.57,74.67,213.5,5.79
11/12/2017,2067.6,74.85,212.7,7.65
11/13/2017,2052.33,75.37,211.99,8.19
11/14/2017,2067.6,74.39,212.28,5.59
11/15/2017,2081.9,74.21,209.15,1.8
11/16/2017,2076.14,74.32,206.36,8.28
11/17/2017,2080.6,73.86,207.19,6.44
11/18/2017,2086.04,74.72,205.69,3.85
11/19/2017,2089.15,74.4,207.94,2.53
11/20/2017,2084.14,74.38,208.49,2.5
11/21/2017,2077.93,74.66,209.8,2.67
11/22/2017,2078.17,74.37,212.73,1.82
11/23/2017,2090.4,73.44,212.21,7.82
11/24/2017,2096.34,73.23,211.16,5.29
11/25/2017,2093.13,73.74,213,6.4
11/26/2017,2101.35,73.57,214.12,7.3
11/27/2017,2073.36,73.15,213.85,7.04
11/28/2017,2085.35,73.61,216.73,7.68
11/29/2017,2068.45,73.45,216.4,8.27
11/30/2017,2065.33,73.19,216.57,4.57
12/1/2017,2054.63,73.27,216.71,8.15
12/2/2017,2042.18,73.65,214.94,6.56
12/3/2017,2054.29,74.84,215.2,1.99
12/4/2017,2050.11,75.26,218.09,6.27
12/5/2017,2054.08,75.84,219.08,6.31
12/6/2017,2054.11,75.59,219.24,7.84
12/7/2017,2059.38,75.07,219.02,4.11
12/8/2017,2060.65,75.1,219.78,5.59
12/9/2017,2048.32,75.16,221.38,1.59
12/10/2017,2058.78,74.62,222.7,3.82
12/11/2017,2054.34,74.53,222.14,1.94
12/12/2017,2039.28,74.73,222.89,5.15
12/13/2017,2035.5,74.91,223.95,7.22
12/14/2017,2051,75.16,222.03,2.95
12/15/2017,2060.01,75.31,222.47,5.19
12/16/2017,2057.02,75.05,218.24,2.93
12/17/2017,2054.03,74.8,219.31,2.34
12/18/2017,2051.31,74.2,220.73,5.08
12/19/2017,2072.58,75.09,222.33,2.05
12/20/2017,2076.9,75.1,221.64,5.61
12/21/2017,2081.7,74.98,222.35,1.72
12/22/2017,2092.5,74.52,225.3,2.25
12/23/2017,2095.39,75.99,228.23,5.35
12/24/2017,2093.3,75.45,228.27,5.64
12/25/2017,2091.84,75.24,228.65,1.7
12/26/2017,2091.62,75.44,230.97,5.51
12/27/2017,2091.75,75.74,228.07,7.37
12/28/2017,2099.52,76.22,227.52,6.56
12/29/2017,2100.54,77.13,230.29,2.42
12/30/2017,2108.37,77.38,232.34,5.65
12/31/2017,2108.06,76.85,233.18,6.21
1/1/2018,2109.35,76.72,230.27,1.76
1/2/2018,2089.87,76.88,230.27,7.49
1/3/2018,2099.53,77.91,229.19,7.84
1/4/2018,2103.49,77.21,229.95,7.45
1/5/2018,2113.98,77.81,228.44,7.27
1/6/2018,2085.51,77.9,226.48,6.71
1/7/2018,2106.9,78.32,222.45,5.93
1/8/2018,2106,78.27,225,6.25
1/9/2018,2117.58,77.85,224.3,7.14
1/10/2018,2107.68,78.23,224.71,6.14
1/11/2018,2114.31,78.55,224.81,3.79
1/12/2018,2104.28,79.04,222.77,4.13
1/13/2018,2098.54,79.03,220.36,7.78
1/14/2018,2118.18,78.73,218.44,1.62
1/15/2018,2116.77,77.95,217.1,6.39
1/16/2018,2119.45,78.36,217.93,8.18
1/17/2018,2128.65,78.58,216.44,6.44
1/18/2018,2134.1,78.09,220.03,8.46
1/19/2018,2136.11,77.82,222.19,6.31
1/20/2018,2140.26,77.59,223.9,1.74
1/21/2018,2164.79,76.85,223.76,7.29
1/22/2018,2164.72,76.44,226.89,3.49
1/23/2018,2167.23,75.87,226.56,4.62
1/24/2018,2178.23,75.67,226.59,3.68
1/25/2018,2189.79,75.3,227.03,3.38
1/26/2018,2202.16,74.48,228.54,4.52
1/27/2018,2209.05,75.5,229.91,4.15
1/28/2018,2198.12,76.12,229.06,5.93
1/29/2018,2214.95,75.73,228.1,7.19
1/30/2018,2203.99,75.87,229.48,3.58
1/31/2018,2207.51,76.08,231.01,3
2/1/2018,2200.47,76.67,230.32,6.17
2/2/2018,2200.33,76.26,227.24,6.19
2/3/2018,2204.12,76.81,226.93,7.81
2/4/2018,2207.83,76.54,228.28,1.61
2/5/2018,2212.55,75.87,231.99,7.47
2/6/2018,2229.19,76.23,229.69,5.15
2/7/2018,2234.22,76.87,228.94,5.85
2/8/2018,2232.28,78.17,228.26,2.14
2/9/2018,2242.42,77.57,231.07,4.53
2/10/2018,2254.82,77.92,231.1,3.09
2/11/2018,2243.04,77.71,229.39,3.28
2/12/2018,2249.51,78.11,230.6,5.03
2/13/2018,2257.03,77.37,229.9,7.19
2/14/2018,2254.55,76.74,227.55,6.71
2/15/2018,2268.81,76.35,225.86,5.64
2/16/2018,2267.81,76.39,229.43,5.28
2/17/2018,2269.56,76.07,230.3,4.49
2/18/2018,2268.33,76.4,230.61,8.31
2/19/2018,2268.99,76.91,230.21,5.42
2/20/2018,2258.53,77.21,230.9,3.28
2/21/2018,2244.62,78.02,231.56,3.11
2/22/2018,2261.07,78.23,232.24,5.78
2/23/2018,2253.1,77.62,232.57,5.16
2/24/2018,2243.69,78.3,234.41,1.55
2/25/2018,2222.65,78,234.56,7.31
2/26/2018,2216.76,78.46,232.7,6.43
2/27/2018,2204.03,79.24,231.58,6.13
2/28/2018,2220.95,79.47,227.72,1.98
3/1/2018,2231.55,78.72,231.87,4.03
3/2/2018,2225.17,78.26,233.7,8.05
3/3/2018,2248.19,78.92,232.14,7.54
3/4/2018,2258.51,78.84,231.67,3.5
3/5/2018,2255.76,78.88,230.5,2.6
3/6/2018,2231.27,79.26,233.68,4.64
3/7/2018,2254.68,79.61,230.94,3.99
3/8/2018,2241.28,79.75,231.27,6.28
3/9/2018,2225.33,79.64,231.16,8.27
3/10/2018,2236.05,79.49,232.91,4.04
3/11/2018,2260.95,79.92,232.8,1.94
3/12/2018,2275.29,80.19,229.39,7.78
3/13/2018,2281.43,80.06,228.98,1.77
3/14/2018,2287.88,80.6,227.14,8.17
3/15/2018,2296.91,80.54,227.4,6.15
3/16/2018,2305,80.11,230.37,8.09
3/17/2018,2308.32,79.73,226.99,2.9
3/18/2018,2309.86,79.25,225.49,1.78
3/19/2018,2309.73,79.11,224.48,4.92
3/20/2018,2302.69,79.73,223.82,4.65
3/21/2018,2300.39,79.32,225.4,3.82
3/22/2018,2283.96,79.42,225.15,8.2
3/23/2018,2283.47,79.09,226.08,7.26
3/24/2018,2274.09,78.96,224.93,6.13
3/25/2018,2263.55,78.2,225.49,2.64
3/26/2018,2265.85,78.09,227.15,6.64
3/27/2018,2280.27,78,225.78,6.59
3/28/2018,2289.95,78.27,227.45,4.48
3/29/2018,2274.75,78.38,227.65,7.97
3/30/2018,2265.35,77.78,229.84,2.67
3/31/2018,2275.26,78.32,229.54,3.37
4/1/2018,2265.93,78.43,230.4,1.94
4/2/2018,2264.19,78.53,230.42,7.07
4/3/2018,2270.19,78.52,230.33,5.85
4/4/2018,2261.01,78.26,230.94,3.7
4/5/2018,2262.56,78.37,232.12,2.65
4/6/2018,2249.72,78.61,229.72,1.78
4/7/2018,2244.2,77.74,232.69,2.67
4/8/2018,2247.9,77.47,229.07,4.67
4/9/2018,2232.47,77.34,227.8,3.23
4/10/2018,2237.38,77.47,227.71,3.31
4/11/2018,2237.68,78.06,228.63,7.63
4/12/2018,2243.71,77.68,231.89,5.11
4/13/2018,2246.45,77.43,228.27,6.6
4/14/2018,2260.59,77.17,227.35,1.75
4/15/2018,2262.34,76.77,223.2,4.06
4/16/2018,2258.54,76.6,223.36,4.85
4/17/2018,2260.27,76.98,224.01,2.8
4/18/2018,2266.2,76.46,227.29,2.34
4/19/2018,2267.19,76.67,227.63,7.59
4/20/2018,2268.1,75.82,229.82,8.08
4/21/2018,2261.58,75.54,231.09,2.05
4/22/2018,2255.45,75.37,230.32,3.94
4/23/2018,2241.92,76.21,227.6,8.21
4/24/2018,2259.92,76.07,228.25,2.08
4/25/2018,2247.98,74.97,225.36,6.01
4/26/2018,2241.55,73.97,228.05,8.31
4/27/2018,2234.86,73.99,227.83,8.35
4/28/2018,2244.31,74.3,230.32,4.8
4/29/2018,2241.86,74.49,229.46,2.64
4/30/2018,2254.84,74.57,230.1,2.91
5/1/2018,2248.61,75.15,230.62,7.73
5/2/2018,2251.9,74.88,230.63,7.88
5/3/2018,2244.04,75.33,229.86,5.76
5/4/2018,2265.99,74.51,230.75,6.86
5/5/2018,2254.62,74.06,228.99,6.68
5/6/2018,2258.22,73.16,226.67,6.13
5/7/2018,2265.05,73.02,229.26,7.29
5/8/2018,2269.69,73,230.81,6.3
5/9/2018,2268.34,73.05,231.05,5.24
5/10/2018,2267.54,73.08,234.48,3.16
5/11/2018,2268.48,72.62,234.04,6.71
5/12/2018,2267.51,72.52,236.79,4.81
5/13/2018,2277.65,71.78,237.24,3.56
5/14/2018,2300.25,72.46,235.29,7.11
5/15/2018,2295.18,72.31,239.08,6.38
5/16/2018,2281.98,72.06,241.16,8.06
5/17/2018,2281.6,72.86,241.02,2.66
5/18/2018,2307.89,72.23,242.58,6.04
5/19/2018,2300.36,71.67,241.87,3.21
5/20/2018,2317.25,71.12,243.63,7.83
5/21/2018,2334.53,71.09,238.95,2.2
5/22/2018,2329.49,71.31,237.01,6.09
5/23/2018,2335.68,71.68,239.06,7.04
5/24/2018,2352.46,72.96,238.67,3.98
5/25/2018,2349.17,71.84,239.18,8.18
5/26/2018,2347.64,72.14,236.59,7.46
5/27/2018,2342.32,71.86,240.38,3.56
5/28/2018,2332.67,71.57,242.86,1.55
5/29/2018,2326.68,71.26,242.56,3.58
5/30/2018,2314.94,70.81,241.85,3.47
5/31/2018,2315.78,71.65,244.01,7.73
6/1/2018,2308.58,72.07,248.08,8.27
6/2/2018,2311.42,72.08,250.08,1.99
6/3/2018,2296.36,72.76,254.53,4.8
6/4/2018,2300.17,72,252.78,5.34
6/5/2018,2309,71.33,251.24,2.15
6/6/2018,2289.57,70.25,248.97,4.14
6/7/2018,2293.81,69.9,249.95,3.72
6/8/2018,2306.58,69.98,250.4,5.25
6/9/2018,2294.99,70.03,250.2,6.13
6/10/2018,2312.21,70.1,251.92,6.42
6/11/2018,2316.9,69.4,254.48,2.46
6/12/2018,2310.35,69.8,251.53,7.19
6/13/2018,2310.3,69.92,250.44,6.25
6/14/2018,2316.38,70.28,252.18,7.72
6/15/2018,2317.64,69.34,251.34,4.65
6/16/2018,2323.53,69.49,249.84,7.76
6/17/2018,2314.82,68.9,251.98,7.56
6/18/2018,2317.01,68.7,249.5,4.57
6/19/2018,2303.38,68.97,249,4.17
6/20/2018,2302.76,69.01,249.76,8.03
6/21/2018,2294.23,68.59,248.71,6.51
6/22/2018,2287.37,68.59,250.38,8
6/23/2018,2300.23,67.83,249.34,7.08
6/24/2018,2311.64,68.4,252.25,5.77
6/25/2018,2318.24,68.3,252.1,2.31
6/26/2018,2307.81,68.86,253.55,3.54
6/27/2018,2305.15,68.59,255.14,8.28
6/28/2018,2317.78,68.33,253.98,3.74
6/29/2018,2319.7,67.95,249.98,2.15
6/30/2018,2343.39,68.39,250.8,6.45
7/1/2018,2347.82,68.03,251.04,6.64
7/2/2018,2350.24,68.36,252.25,3.5
7/3/2018,2347.65,68.17,251.9,3.58
7/4/2018,2349.49,67.18,251.14,4.78
7/5/2018,2348.46,66.89,255.26,1.65
7/6/2018,2356.04,66.3,252.41,7.03
7/7/2018,2366.11,66.32,253.98,3.72
7/8/2018,2358.75,65.72,252.93,7.48
7/9/2018,2345.94,66.19,252.36,7.12
7/10/2018,2328.08,66.14,251.82,6.13
7/11/2018,2333.66,66.05,250.32,3.77
7/12/2018,2323.12,66.38,251.56,5.11
7/13/2018,2302.09,66.86,254.44,4.61
7/14/2018,2306.48,66.85,255.48,3.87
7/15/2018,2331.91,66.47,255.79,7.44
7/16/2018,2332.35,65.58,253.92,4.88
7/17/2018,2341.23,65.24,255.05,7.33
7/18/2018,2342.55,64.93,259.46,2.24
7/19/2018,2342.06,64.98,258.8,2.49
7/20/2018,2351.75,64.81,258.15,8.34
7/21/2018,2349.35,65.15,257.13,5.61
7/22/2018,2352.53,64.85,256.25,5.07
7/23/2018,2356.24,64.82,250.86,5.16
7/24/2018,2350.06,65.41,251.77,3.01
7/25/2018,2360.48,65.58,250.18,6.53
7/26/2018,2359.23,65.55,247.06,2.09
7/27/2018,2352.18,65.25,248.66,5.51
7/28/2018,2358.04,64.93,246.6,5.5
7/29/2018,2349.56,64.51,246.02,7.9
7/30/2018,2350.34,64.24,249.05,5.18
7/31/2018,2350.75,64.62,246.33,2.46
8/1/2018,2362.11,64.5,243.37,5.51
8/2/2018,2367.35,63.83,244.01,2.14
8/3/2018,2367.6,64.71,246.41,2.93
8/4/2018,2376.28,64.87,243.36,1.72
8/5/2018,2390.68,64.17,244.27,5.09
8/6/2018,2396.76,63.95,245.54,2.09
8/7/2018,2397.36,64,241.52,4.79
8/8/2018,2384.74,64.86,243.21,8.03
8/9/2018,2374.59,64.3,245.07,6.54
8/10/2018,2372.04,64.79,244.54,2.04
8/11/2018,2366.45,65.49,247.15,3.07
8/12/2018,2365.08,65.18,249.52,6.22
8/13/2018,2366.14,65.04,249.83,7.76
8/14/2018,2371.94,64.52,249.02,1.73
8/15/2018,2371.73,64.42,247.18,7.19
8/16/2018,2377.1,64.4,247.2,5.43
8/17/2018,2378.24,64.73,248.44,5.32
8/18/2018,2358.99,65.27,247.9,8.2
8/19/2018,2350.1,64.9,243.6,6.73
8/20/2018,2349.16,63.92,246.24,7.45
8/21/2018,2337.56,63.91,246.72,3.98
8/22/2018,2344.06,64.05,246.06,5.38
8/23/2018,2359.87,64.18,247.87,5.81
8/24/2018,2372.55,64.01,251.02,3.75
8/25/2018,2370.92,64.08,245.52,5.49
8/26/2018,2386.33,64.83,246.49,3.16
8/27/2018,2388.31,65.03,243.73,2.5
8/28/2018,2385.44,64.84,244.83,4.12
8/29/2018,2379.81,64.59,245.19,6.68
8/30/2018,2377.28,64.5,246.56,7.91
8/31/2018,2373.9,65.32,245.66,4.7
9/1/2018,2376.11,65.23,242.01,6
9/2/2018,2378.21,65.22,241.21,2.22
9/3/2018,2378.74,64.98,242.13,7.83
9/4/2018,2383.61,65.53,244.26,5.48
9/5/2018,2396.02,66.51,242.01,6.96
9/6/2018,2406.01,66.73,244.17,7.06
9/7/2018,2391.66,66.78,242.97,3.3
9/8/2018,2366.63,66.79,243.8,5.2
9/9/2018,2376.47,65.6,242.88,8.22
9/10/2018,2363.3,65.97,243.34,2.13
9/11/2018,2361.55,66.04,245.23,6.28
9/12/2018,2350.35,66.26,242.87,8.24
9/13/2018,2332.83,65.9,241.61,3.6
9/14/2018,2338.75,65.71,242.08,7.53
9/15/2018,2346.84,65.5,246.99,8.04
9/16/2018,2341.57,66.01,245.36,6.73
9/17/2018,2316.16,65.82,249.54,3.12
9/18/2018,2311.2,66.86,253.65,3.84
9/19/2018,2315.62,67.08,253.55,1.75
9/20/2018,2301.33,66.44,253.06,7.32
9/21/2018,2303.66,66.38,251.77,7.45
9/22/2018,2304.01,66.05,251.74,5.93
9/23/2018,2310.3,64.96,249.02,3.97
9/24/2018,2312,65.75,248.97,2.04
9/25/2018,2302.77,66.11,252.06,6.77
9/26/2018,2315.23,66.37,250.94,6.59
9/27/2018,2314.15,66.46,250.56,7.89
9/28/2018,2314.37,65.76,247.26,6.61
9/29/2018,2305.54,65.52,248.11,7.3
9/30/2018,2301.61,65.94,248.74,6.72
10/1/2018,2293.26,65.42,248.96,5.91
10/2/2018,2292.03,64.15,248.63,4.49
10/3/2018,2309.65,64.04,248.14,7.81
10/4/2018,2296.43,63.97,249.25,6.06
10/5/2018,2280.79,64.04,249.29,4.29
10/6/2018,2296.01,64.4,250.02,2.08
10/7/2018,2294.41,64.72,250.55,3.53
10/8/2018,2288.22,64.85,252.9,5.31
10/9/2018,2299.12,65.45,254.35,3.43
10/10/2018,2293.56,64.69,254.84,3.05
10/11/2018,2312.32,64.94,257.97,5.19
10/12/2018,2319.6,65.25,258.91,2.69
10/13/2018,2315.22,64.63,261.62,7.1
10/14/2018,2337.3,63.88,262.94,4.89
10/15/2018,2331.74,63.51,259.35,5.52
10/16/2018,2339.66,63.18,262.06,2.53
10/17/2018,2343.15,63.55,262.43,3.77
10/18/2018,2356.67,63.25,262.43,4.37
10/19/2018,2372.79,62.82,263.09,7.16
10/20/2018,2373.61,62.51,262.5,6.89
10/21/2018,2366.57,63.07,263.06,3.06
10/22/2018,2371.67,63.08,261.97,5.81
10/23/2018,2365.39,62.99,264.62,3.2
10/24/2018,2386.03,62.93,264.49,8.42
10/25/2018,2387.89,63.58,263.83,8.16
10/26/2018,2384.74,63.21,262.08,5.44
10/27/2018,2387.09,63.86,262.72,6.39
10/28/2018,2374.12,63.97,263.19,7.11
10/29/2018,2364.9,63.89,264.07,6.55
10/30/2018,2377.4,65.14,262.11,6.4
10/31/2018,2371.34,64.61,259.01,8.21
11/1/2018,2361.37,64.43,260.36,5.68
11/2/2018,2367.23,63.82,263.43,5.95
11/3/2018,2379.59,64.29,261.48,7.44
11/4/2018,2387.28,65.14,264.76,6.19
11/5/2018,2397.74,65.97,265.43,6.63
11/6/2018,2390.67,66.59,265.51,3.14
11/7/2018,2376.95,66.49,264.82,4.1
11/8/2018,2392.47,66.3,262.15,2.53
11/9/2018,2389.74,65.47,264.22,5.04
11/10/2018,2387.73,66.49,262.77,4.69
11/11/2018,2401.51,66.72,261.31,8.48
11/12/2018,2407.58,66.47,263.4,5.78
11/13/2018,2412.64,67.14,259.73,7.01
11/14/2018,2434.79,66.65,256.78,3.84
11/15/2018,2428.85,66.86,256.85,7.32
11/16/2018,2438.63,66.77,257.53,5.81
11/17/2018,2439.7,67.09,258.6,6.38
11/18/2018,2442.88,67.06,258.1,3.56
11/19/2018,2458.67,66.33,263.26,5.34
11/20/2018,2464.25,66.37,262.9,5.94
11/21/2018,2470.13,66.89,262.54,5.62
11/22/2018,2481.36,66.88,261.05,7.91
11/23/2018,2478.21,67.27,261.4,7.79
11/24/2018,2470.31,66.74,262.73,8.3
11/25/2018,2460.37,66.73,265.23,6.17
11/26/2018,2441.2,66.42,262.35,8.3
11/27/2018,2462.26,66.79,261.96,7.33
11/28/2018,2451.73,66.81,262.96,3.4
11/29/2018,2450.02,67.15,264.23,4.49
11/30/2018,2447.75,67.7,264.34,3.17
12/1/2018,2451.33,68.04,265.53,1.53
12/2/2018,2459.98,68.18,264.01,2.82
12/3/2018,2469.09,67.68,267.23,1.53
12/4/2018,2463.76,67.68,269.31,6.54
12/5/2018,2462.59,67.41,266.72,4.48
12/6/2018,2465.91,67.24,264.67,3.69
12/7/2018,2463.92,67.05,262.68,6.83
12/8/2018,2480.5,66.56,264.13,7.33
12/9/2018,2485.91,65.58,261.66,8.33
12/10/2018,2493.76,65.25,261.1,5.99
12/11/2018,2500.89,65.35,262.11,4.73
12/12/2018,2513.12,64.67,262.08,3.64
12/13/2018,2515.43,64.68,262.7,3.06
12/14/2018,2502.96,65.63,260.67,2.99
12/15/2018,2507.46,66.14,261.95,4.36
12/16/2018,2501.45,66.96,260.83,8.44
12/17/2018,2496.66,67.16,260.28,1.51
12/18/2018,2503.02,67.74,260.85,2.88
12/19/2018,2515.91,67.38,261.16,2.82
12/20/2018,2516.62,67.06,261.31,6.52
12/21/2018,2520.21,65.69,259.91,3.97
12/22/2018,2537.73,66.28,259.41,4.7
12/23/2018,2540.64,67.05,259.51,2.54
12/24/2018,2567.15,66.78,256.86,4.33
12/25/2018,2573.31,66.65,256.04,2.22
12/26/2018,2556.2,66.27,256.91,5.23
12/27/2018,2564.23,66.46,254.46,2.19
12/28/2018,2568.55,67.03,256.87,7.03
12/29/2018,2581.94,66.15,259.51,5.47
12/30/2018,2589.18,66.36,257.12,6.57
12/31/2018,2588.29,66.22,259.94,4.43
1/1/2019,2576.55,66.28,259.75,4.17
1/2/2019,2574.96,66.51,260.69,2.19
1/3/2019,2566.95,66.41,259.79,5.17
1/4/2019,2561.65,66.36,261.74,5.1
1/5/2019,2568.03,66.25,262.65,4.78
1/6/2019,2585.23,66.74,261.12,6.68
1/7/2019,2589.68,66.95,258.89,7.33
1/8/2019,2578.22,67.06,256.07,6.76
1/9/2019,2583.17,66.42,256.55,2.51
1/10/2019,2595.63,66.23,257.79,5.85
1/11/2019,2590.03,66.68,259.19,2.06
1/12/2019,2589.19,66.7,259.06,6.36
1/13/2019,2589.84,67.03,256.84,4.17
1/14/2019,2582.49,67.92,255.58,2.43
1/15/2019,2589.47,68.43,257.98,7.53
1/16/2019,2588.77,68.48,257.11,5.8
1/17/2019,2593.46,68.23,257.5,3.98
1/18/2019,2585.09,66.95,255.45,1.72
1/19/2019,2581.21,66.86,256.22,5.26
1/20/2019,2588.93,66.7,255.41,7.96
1/21/2019,2585.71,66.9,257.6,5.67
1/22/2019,2603.48,66.82,259.25,8.3
1/23/2019,2599.98,66.66,258.36,2.46
1/24/2019,2602.73,65.77,258.2,5.48
1/25/2019,2612.55,65.3,257.2,7.09
1/26/2019,2598.87,65.54,254.46,5.18
1/27/2019,2581.76,66.4,252.85,2.14
1/28/2019,2567,66.35,253.34,5.58
1/29/2019,2580.13,66.51,254.09,5.78
1/30/2019,2575.11,66.99,254.49,6.6
1/31/2019,2601.19,66.58,253.99,6.83
2/1/2019,2596.05,66.77,255.95,6.9
2/2/2019,2598.4,66.4,256.18,6.14
2/3/2019,2614.32,66.83,257.69,3.01
2/4/2019,2634.88,66.9,254.24,4.33
2/5/2019,2655.99,67.05,246.5,6.93
2/6/2019,2668.58,66.66,247.16,8.17
2/7/2019,2679.32,67.02,244.41,2.05
2/8/2019,2685.74,68.06,244.09,5.25
2/9/2019,2694.03,67.55,243.58,3.69
2/10/2019,2689.01,67.38,246.86,3.08
2/11/2019,2681.33,67.5,247.76,5.04
2/12/2019,2681.8,67.89,248.19,5.74
2/13/2019,2680.6,67.61,249.97,1.57
2/14/2019,2676.57,66.2,250.8,6.96
2/15/2019,2684.03,66.88,249.99,7.24
2/16/2019,2694.08,67.26,252.23,8.26
2/17/2019,2695.47,66.38,250.11,2.76
2/18/2019,2710.74,66.08,250.86,5.66
2/19/2019,2699.82,66.87,247.86,4.49
2/20/2019,2698.39,67.59,248.37,3.84
2/21/2019,2691.72,68.06,248.86,5.46
2/22/2019,2673.55,67.97,252.31,6.98
2/23/2019,2673.23,68.01,249.28,1.66
2/24/2019,2672.51,67.95,248.18,8.29
2/25/2019,2688.14,68.51,249.92,7.17
2/26/2019,2694.95,68.07,250.69,6.76
2/27/2019,2685.21,67.67,251.15,6.82
2/28/2019,2704.25,68.17,249.34,4.22
3/1/2019,2716.96,68.15,248.26,6.76
3/2/2019,2723.28,68.84,250.85,4.21
3/3/2019,2721.52,68.51,250.85,7.79
3/4/2019,2712.42,68.48,251.7,2.74
3/5/2019,2709.2,68.02,251.57,3.55
3/6/2019,2720.59,68.02,249.3,5.36
3/7/2019,2739.94,67.28,251.27,3.73
3/8/2019,2755.87,67.04,252.37,4.47
3/9/2019,2751.48,66.32,257.09,4.95
3/10/2019,2740.78,66.67,255.16,7.49
3/11/2019,2742.69,67.03,256.9,5.16
3/12/2019,2725.51,66.16,254.38,4.04
3/13/2019,2729.24,66.83,254.79,3.23
3/14/2019,2728.26,68.08,256.84,4.36
3/15/2019,2724.1,68.1,252.8,5.11
3/16/2019,2708.66,67.78,252.49,6.72
3/17/2019,2714.29,69.19,251.46,2.35
3/18/2019,2709.46,68.53,250.16,3.05
3/19/2019,2698.27,68.54,251.03,4.16
3/20/2019,2670.04,68.63,253.37,4.02
3/21/2019,2670.27,69.3,253.21,4.24
3/22/2019,2688.49,69.48,253.72,7.05
3/23/2019,2705.6,69.23,254.05,3.77
3/24/2019,2701.53,68.76,254.15,5.01
3/25/2019,2696.01,68.59,252.07,5.87
3/26/2019,2701.2,68.08,254.39,3.13
3/27/2019,2691.71,68.11,255.08,6.53
3/28/2019,2695.23,67.83,255.97,5.33
3/29/2019,2703.39,67.08,254.45,4.63
3/30/2019,2716.16,67.71,253.64,7.17
3/31/2019,2715.66,67.46,253.38,3.2
4/1/2019,2714.12,66.82,250.42,7.68
4/2/2019,2705.84,66.74,247.14,5.43
4/3/2019,2698.07,66.77,246.04,5.76
4/4/2019,2696.31,65.9,247.18,7.63
4/5/2019,2700.48,66.07,245.98,7.22
4/6/2019,2710.12,65.54,244.04,5.71
4/7/2019,2702.59,66.4,242.51,6.77
4/8/2019,2718.01,66.66,241.7,4.53
4/9/2019,2715.8,66.46,241.09,5.33
4/10/2019,2716.09,66.09,245.52,1.93
4/11/2019,2709.12,66.03,247.73,2.13
4/12/2019,2685.38,66.34,249.88,7.31
4/13/2019,2694.72,66.33,252.32,1.92
4/14/2019,2702.58,66.22,250.42,2.69
4/15/2019,2700.27,66.25,248.08,7.07
4/16/2019,2701.44,65.95,245.96,1.51
4/17/2019,2707.1,65.78,248.73,3.48
4/18/2019,2691.97,64.73,247.74,5.59
4/19/2019,2687.18,65.22,245.33,5.67
4/20/2019,2695.63,65.37,244.57,6.94
4/21/2019,2683.58,64.98,244.19,5.04
4/22/2019,2687.02,65.93,244.83,5.07
4/23/2019,2673.95,65.98,245.43,6.58
4/24/2019,2679.12,65.46,243.88,4.99
4/25/2019,2679.26,65.89,245.35,5.76
4/26/2019,2663.61,66.08,244.17,7.78
4/27/2019,2675.76,66.28,243.96,4.31
4/28/2019,2668.91,66.07,245.43,4.2
4/29/2019,2661.31,66.29,244.25,1.52
4/30/2019,2663.81,66.16,243.21,5.79
5/1/2019,2675.8,66.44,244.49,1.71
5/2/2019,2666.14,65.49,242.88,5.03
5/3/2019,2667.26,65.27,242.21,7.13
5/4/2019,2672.05,66.13,243.42,5.35
5/5/2019,2679.48,65.75,247.63,3.39
5/6/2019,2681.74,65.45,248.94,7
5/7/2019,2678.57,65.22,249.98,3.39
5/8/2019,2670.8,64.62,251.14,6.63
5/9/2019,2672.16,63.51,249.1,5.77
5/10/2019,2661.94,63.4,249.43,2.69
5/11/2019,2633.22,63.46,249.47,7.84
5/12/2019,2638.09,63.44,250.21,2.9
5/13/2019,2647.63,63.37,250.55,8.43
5/14/2019,2624.5,63.39,251.41,1.55
5/15/2019,2614.9,63.9,250.88,3.34
5/16/2019,2621.59,63.8,251.1,2.9
5/17/2019,2642.67,63.52,248.74,1.6
5/18/2019,2643.38,63.38,248.2,6.63
5/19/2019,2636.6,63.67,251.09,6.35
5/20/2019,2635.27,64.37,251.82,7.05
5/21/2019,2649.52,64.06,251.88,3.3
5/22/2019,2643.56,64.11,255.77,4.61
5/23/2019,2636.06,64.28,253.15,6.11
5/24/2019,2631.74,63.78,251.03,4.58
5/25/2019,2622.7,63.79,254.56,6.38
5/26/2019,2624.43,63.06,254.75,5.94
5/27/2019,2641.18,62.17,254.37,2.3
5/28/2019,2644.91,62.36,252.07,6.97
5/29/2019,2642.88,62.16,253.06,6.54
5/30/2019,2640.47,62.27,254.25,6.09
5/31/2019,2625.33,62.26,252.16,2.59
6/1/2019,2634.67,61.77,251.98,3.38
6/2/2019,2634.39,61.75,251.41,4.25
6/3/2019,2633.08,61.13,252.02,3.46
6/4/2019,2665.51,61.82,249.88,3.09
6/5/2019,2669,61.15,252.49,7.14
6/6/2019,2661.98,61.05,254.42,5.97
6/7/2019,2658.22,60.53,253.79,5.46
6/8/2019,2670.2,60.81,253.46,3.08
6/9/2019,2671.84,60.65,253.29,7.93
6/10/2019,2657.95,60.39,251.83,2.84
6/11/2019,2667.65,60.81,251.04,7.06
6/12/2019,2661.46,60.83,250.6,8.27
6/13/2019,2680.7,61.09,253.93,6.59
6/14/2019,2692,60.6,255.92,8.45
6/15/2019,2688.03,59.89,257.89,6.06
6/16/2019,2701.34,59.95,258.73,3.02
6/17/2019,2702.51,59.79,256.6,2.93
6/18/2019,2711.54,60.1,256.61,3.77
6/19/2019,2716.89,60.06,258.65,1.55
6/20/2019,2708.93,60.16,256.24,6.27
6/21/2019,2702.99,59.35,257.61,3.38
6/22/2019,2713.79,60.3,262.36,7.21
6/23/2019,2710.94,60.21,264.58,4.01
6/24/2019,2707.41,60.56,267.51,4.86
6/25/2019,2698.35,60.15,268.05,8.26
6/26/2019,2703.09,60.3,270.08,3.2
6/27/2019,2724.22,59.65,268.75,6.55
6/28/2019,2714.04,59.87,270.44,6.79
6/29/2019,2714.78,59.7,271.85,3.05
6/30/2019,2729.4,59.71,272.53,5.01
7/1/2019,2729.11,60.06,275.26,3.95
7/2/2019,2734.13,59.44,274.28,6.9
7/3/2019,2724.01,59.1,274.01,5.86
7/4/2019,2728.79,59.33,274.3,4.83
7/5/2019,2727.42,60.38,272.34,6.96
7/6/2019,2737.78,60.31,272.89,3.15
7/7/2019,2750.15,60.61,269.55,6.78
7/8/2019,2776.55,60.55,271.75,7.56
7/9/2019,2782.84,61.52,271.94,7.65
7/10/2019,2786.6,60.65,271,6.99
7/11/2019,2789.04,60.7,269.43,4.36
7/12/2019,2786.01,59.88,269.06,8.37
7/13/2019,2789.9,58.63,270.54,4.16
7/14/2019,2787.44,58.78,271.73,5.97
7/15/2019,2789.63,58.85,270.42,2.63
7/16/2019,2803.3,58.71,268.83,8.36
7/17/2019,2793.74,58.65,270.24,6.43
7/18/2019,2805.64,60.2,268.9,6.77
7/19/2019,2819.31,60.07,269.12,1.96
7/20/2019,2818.63,60.33,269.47,6.84
7/21/2019,2797.91,60,270.19,6.92
7/22/2019,2792.33,60.15,272.01,6.2
7/23/2019,2805.8,60.03,269.58,3.54
7/24/2019,2806.07,59.83,265.86,4.93
7/25/2019,2796.58,60.74,264.82,2.27
7/26/2019,2792.03,61.33,268.53,4.8
7/27/2019,2800.94,61.39,272.67,3.21
7/28/2019,2806.91,60.24,276.43,3.94
7/29/2019,2805.02,60.06,276.15,2.64
7/30/2019,2801.85,61.41,272.68,3.11
7/31/2019,2798.43,61.3,268.1,2.04
8/1/2019,2789.71,61.85,266.97,7.94
8/2/2019,2806.36,62.57,266.67,5.21
8/3/2019,2803.64,62.68,269.37,4.28
8/4/2019,2816.31,62.26,271.21,5.25
8/5/2019,2832.02,61.04,271.76,5.9
8/6/2019,2842.5,61.38,270.09,7.95
8/7/2019,2838.69,60.98,268.26,2.75
8/8/2019,2843.23,61.06,268.87,3.57
8/9/2019,2843.48,60.44,270.37,8.33
8/10/2019,2834.95,60.31,271.25,4.1
8/11/2019,2838.69,60.32,269.28,1.66
8/12/2019,2827.4,60.46,270.68,2.53
8/13/2019,2839.78,59.9,271.63,1.68
8/14/2019,2835.63,60.5,269.59,8.43
8/15/2019,2838.14,60.2,268.12,3.45
8/16/2019,2841.47,59.36,269.6,7.96
8/17/2019,2839.39,59.31,269.23,8.47
8/18/2019,2845.75,59.33,272.51,5.7
8/19/2019,2841.5,59.41,273.61,1.73
8/20/2019,2850.72,60.09,272.74,2.07
8/21/2019,2837.76,59.97,272.82,4.87
8/22/2019,2839.52,59.91,273.05,4.34
8/23/2019,2859.41,59.36,271.69,5.74
8/24/2019,2849.91,59.77,269.96,4.57
8/25/2019,2843.63,59.86,271.47,8.04
8/26/2019,2849.27,59.65,273.26,5.24
8/27/2019,2851.56,58.7,274.56,6.36
8/28/2019,2855.57,59.42,277.69,7.78
8/29/2019,2860.96,58.81,276.71,2.53
8/30/2019,2867.81,58.51,280.16,3.11
8/31/2019,2879.41,58.69,278.46,2.25
9/1/2019,2884,58.09,276.53,2.48
9/2/2019,2882.09,57.34,273.11,5.09
9/3/2019,2889.32,56.28,272.32,3.75
9/4/2019,2908.82,56.64,271.41,4.46
9/5/2019,2907.99,56.37,272.57,8.38
9/6/2019,2898.74,57.83,273.15,2.6
9/7/2019,2910.32,57.34,270.87,5.29
9/8/2019,2909.61,56.88,270.18,2.19
9/9/2019,2888.39,56.59,269.54,3.73
9/10/2019,2897.36,56.71,266.09,5.19
9/11/2019,2892.51,56.48,264.23,8.13
9/12/2019,2892.1,56.79,262.78,4.24
9/13/2019,2895.92,56.3,265.75,1.95
9/14/2019,2898.33,55.61,266.23,4.22
9/15/2019,2905.92,54.71,267.66,2.52
9/16/2019,2902.07,53.59,264.76,3.11
9/17/2019,2907.7,53.34,267.25,5.83
9/18/2019,2905.6,53.18,269.95,1.97
9/19/2019,2913.49,52.87,266.05,4.75
9/20/2019,2920.14,53.49,264.74,5.77
9/21/2019,2911.29,54.1,265.84,4.45
9/22/2019,2922.65,53.94,267.22,1.63
9/23/2019,2917.79,53.04,265.97,8.4
9/24/2019,2926.37,52.76,265.46,4.07
9/25/2019,2930.54,52.46,264.36,6.95
9/26/2019,2949.42,52.13,264.68,3.78
9/27/2019,2947.69,51.78,267.18,4.83
9/28/2019,2944.7,51.45,265.73,4.22
9/29/2019,2945,51.26,267.84,3.9
9/30/2019,2942.47,50.94,266.37,1.65
10/1/2019,2950.97,51.05,264.78,4.02
10/2/2019,2935.31,51.23,266.51,7.73
10/3/2019,2925.27,50.77,268.46,6.33
10/4/2019,2915.09,51.41,270.26,2.52
10/5/2019,2925.09,50.92,267.73,5.64
10/6/2019,2942.7,50.11,266.9,7.75
10/7/2019,2942.16,50.3,268.64,6.4
10/8/2019,2940.97,49.89,268.83,2.54
10/9/2019,2942.17,50.05,266.78,7.57
10/10/2019,2954.29,48.85,267.8,3.61
10/11/2019,2945.51,49.54,266.47,4.68
10/12/2019,2948.4,49.88,270.16,5.18
10/13/2019,2958.65,49.13,273.35,7.45
10/14/2019,2964.16,48.39,274.65,8.02
10/15/2019,2966.56,49.23,277.48,8.01
10/16/2019,2977.07,48.86,277.71,1.56
10/17/2019,2950.53,48.44,279.34,7.95
10/18/2019,2957.81,47.31,282.39,1.88
10/19/2019,2951.77,47.13,282.98,3.36
10/20/2019,2933.97,47.02,282.57,5.1
10/21/2019,2939.58,47.38,279.26,4.86
10/22/2019,2953.81,46.68,279.2,5.73
10/23/2019,2952.94,45.92,280.94,4.86
10/24/2019,2962.97,46.14,282.93,8.04
10/25/2019,2979.59,46.65,284.04,3.18
10/26/2019,2993.24,45.86,283.06,3.42
10/27/2019,3010.14,46.4,279.21,7.95
10/28/2019,3018.06,46.42,278.32,2.04
10/29/2019,3019.32,46.97,277.81,5.77
10/30/2019,3003.8,46.93,277.28,6.27
10/31/2019,3001.84,45.67,278.62,5.04
11/1/2019,2993.9,45.59,282.69,6.36
11/2/2019,3016.11,46.12,283.04,2.71
11/3/2019,3014.85,45.68,282.7,7.47
11/4/2019,3016.59,45.48,282.29,2.48
11/5/2019,3022.6,45.39,282.63,4.31
11/6/2019,3023.54,43.94,281.08,2.03
11/7/2019,3040.99,44.78,281.42,5.32
11/8/2019,3035.26,44.33,282.42,6.19
11/9/2019,3037.71,44.58,282.94,8.09
11/10/2019,3030.78,44.54,283.95,6.68
11/11/2019,3018.08,45.17,284.92,5.29
11/12/2019,3012.46,45.37,281.48,8.03
11/13/2019,3012.59,45.25,282.85,4.85
11/14/2019,3008.8,44.81,281.61,5.43
11/15/2019,3002.38,45.21,279.52,5.67
11/16/2019,2988.81,44.27,277.41,4.37
11/17/2019,2988.48,44.59,278.38,7.37
11/18/2019,2973.94,44.04,278.03,2.8
11/19/2019,2982.04,44.67,274.77,5.38
11/20/2019,2983.36,44.75,275.82,6.56
11/21/2019,2969.28,45.07,273.04,7.83
11/22/2019,2966.69,45.11,273.42,7.69
11/23/2019,2959.67,44.24,274,5.06
11/24/2019,2963.36,43.81,275.87,6
11/25/2019,2977.27,44.14,279.54,4.26
11/26/2019,2959.02,44.23,276.91,4.78
11/27/2019,2960.67,44.82,276.9,7.84
11/28/2019,2959.56,45.02,276.45,8.01
11/29/2019,2966.78,44.53,277.42,7.77
11/30/2019,2969.41,44.14,277.95,2.47
12/1/2019,2962.39,44.19,277.34,7.45
12/2/2019,2959.7,43.03,276.56,8.14
12/3/2019,2952.24,43.87,274.43,4.03
12/4/2019,2963.5,44.09,276.5,5.13
12/5/2019,2964.21,44.7,277.52,6.95
12/6/2019,2983.72,43.91,279.46,5.43
12/7/2019,2983.62,44.53,278.94,8.45
12/8/2019,2977.03,45.65,277.72,4.69
12/9/2019,2962.4,44.99,275.67,6.5
12/10/2019,2944.87,45.37,276.48,7.05
12/11/2019,2929.52,45.38,274.5,4.96
12/12/2019,2932.69,44.6,278.3,7.5
12/13/2019,2938.28,44.85,275.79,5.32
12/14/2019,2922.97,45.27,276.43,4.38
12/15/2019,2932.42,44.97,279.67,2.25
12/16/2019,2928.09,45.55,280.97,4.25
12/17/2019,2930.06,44.72,281.42,6.64
12/18/2019,2946.68,43.97,279.58,7.95
12/19/2019,2956.15,44.04,276.92,3.26
12/20/2019,2953.96,44.05,278.56,3.99
12/21/2019,2945.55,43.69,281.67,2.58
12/22/2019,2924.53,44.1,280.89,6.34
12/23/2019,2917.84,44.36,278.71,8.22
12/24/2019,2916.23,44.79,273.9,5.99
12/25/2019,2906.86,44.73,272.04,5.82
12/26/2019,2906.05,45.03,271.91,5.37
12/27/2019,2907.31,44.81,275.21,2.12
12/28/2019,2905.57,45.83,276.65,6.61
12/29/2019,2899.57,45.43,277.36,5.71
12/30/2019,2901.75,46.48,276.66,6.13
12/31/2019,2906.67,46.5,275.6,7.79
1/1/2020,2896.27,45.81,278.51,6.99
1/2/2020,2910.88,46.49,279.01,6.97
1/3/2020,2910.39,46.56,274.9,7.99
1/4/2020,2911.08,46.98,273.66,8.43
1/5/2020,2918.66,47.59,272.04,5.57
1/6/2020,2921.49,47.76,271.05,2.26
1/7/2020,2931.53,47.47,272.27,4.71
1/8/2020,2934.9,47.96,272.16,7.01
1/9/2020,2929.27,47.96,272.1,1.69
1/10/2020,2933.39,48.3,274.83,1.9
1/11/2020,2922.45,47.22,273.54,1.97
1/12/2020,2924.04,47.44,277.37,6.62
1/13/2020,2924.2,47.13,276.12,5.01
1/14/2020,2922.62,47.95,276.4,4.08
1/15/2020,2921.84,48.26,275.94,2.24
1/16/2020,2903.52,48.38,276.29,6.63
1/17/2020,2898.53,48.63,277.28,3.75
1/18/2020,2899.96,48.13,278.24,3.36
1/19/2020,2902.06,48.94,276.84,6.07
1/20/2020,2892.28,49.94,274.69,5.41
1/21/2020,2905.44,50.13,279.8,4.04
1/22/2020,2897.28,50.93,278.93,5.99
1/23/2020,2907.47,50.64,280.43,3.4
1/24/2020,2912.24,50.24,277.31,7.06
1/25/2020,2906.28,50.26,276.85,3.11
1/26/2020,2924.53,50.48,276.7,2.61
1/27/2020,2913.1,50.28,277.75,6.98
1/28/2020,2922.79,50.55,272.4,6.46
1/29/2020,2933.3,50.71,272.83,2.78
1/30/2020,2927.09,50.21,270.63,2.31
1/31/2020,2941.51,50.47,271.38,7.37
2/1/2020,2939.51,50.9,269.41,6.94
2/2/2020,2942.9,50.98,267.8,3.79
2/3/2020,2946,51.56,267.35,6.11
2/4/2020,2945.16,50.95,265.35,2.37
2/5/2020,2953.77,51.19,264.5,5.05
2/6/2020,2962.2,50.6,262.21,1.63
2/7/2020,2945.22,50.04,258.64,4.24
2/8/2020,2958.76,49.73,260.78,2.02
2/9/2020,2942.64,49.26,258.29,4.83
2/10/2020,2953.46,48.98,258.03,4.45
2/11/2020,2965.23,48.88,259.63,4.61
2/12/2020,2954.82,49.29,258.5,1.82
2/13/2020,2951.21,49.13,256.95,4.03
2/14/2020,2940.65,48.34,257.51,6.8
2/15/2020,2939,48.91,259.84,4.08
2/16/2020,2936.42,48.49,257.6,6.51
2/17/2020,2944.72,48.46,257.4,4.09
2/18/2020,2958.32,48.69,254.04,4.46
2/19/2020,2972.78,48.79,253.35,5.45
2/20/2020,2967.66,49.33,253.52,8.15
2/21/2020,2966.07,49.57,251.91,2.26
2/22/2020,2949.73,49.14,251.1,1.73
2/23/2020,2942.17,50.23,248.38,5.76
2/24/2020,2952.32,50.33,248.64,8.14
2/25/2020,2968.98,50.26,250.85,8.43
2/26/2020,2957.13,50.74,248.75,4.89
2/27/2020,2951.71,50.86,247.61,4.78
2/28/2020,2951.95,51.06,248.71,6.01
2/29/2020,2955.25,52.31,251.24,5.39
3/1/2020,2947.65,52.17,248.35,5.94
3/2/2020,2952.39,52.01,248.11,7.62
3/3/2020,2948.15,52.07,248.78,6.72
3/4/2020,2948.51,52.61,248.67,4.98
3/5/2020,2954.47,51.85,243.82,4.73
3/6/2020,2955.04,50.87,244.92,5.98
3/7/2020,2951.17,50.58,248.06,4.69
3/8/2020,2950.58,49.76,248.4,4.7
3/9/2020,2950.19,49.55,246.43,1.61
3/10/2020,2946.99,49.8,245.51,2.72
3/11/2020,2944.9,49.35,249.15,4.92
3/12/2020,2961.39,48.64,251.07,7.26
3/13/2020,2967.5,48.67,252.45,3.45
3/14/2020,2965.05,49.1,253.26,5.16
3/15/2020,2972.52,48.26,252.04,3.91
3/16/2020,2969.68,48.67,251.74,2.23
3/17/2020,2981.91,49.08,251.68,8.21
3/18/2020,2986.1,49.55,252.88,7.48
3/19/2020,2985.53,50.16,256,2.05
3/20/2020,2990.51,51.26,258.33,6.54
3/21/2020,2975.3,51.09,255.6,3.93
3/22/2020,2964.53,51.14,256.14,8.46
3/23/2020,2953.09,50.93,257.72,3.62
3/24/2020,2955.02,50.93,259.05,3.17
3/25/2020,2972.85,51.7,257.9,5.48
3/26/2020,2995.66,51.03,263.82,7.35
3/27/2020,3002.54,50.6,261.37,2.85
3/28/2020,3008.05,51.28,259.3,6.47
3/29/2020,2990.54,51.79,259.87,1.93
3/30/2020,2985.61,51.61,264.2,7.93
3/31/2020,2978.23,52.04,262.63,2.07
4/1/2020,2972.53,52.21,262.2,7.9
4/2/2020,2971.34,52.96,264.45,4.94
4/3/2020,2967.12,53,264.52,4.64
4/4/2020,2947.83,53.51,263.95,8.31
4/5/2020,2955.81,54.83,265.18,8.43
4/6/2020,2945.58,55.13,265.83,6.05
4/7/2020,2948.47,55.16,267.99,2.39
4/8/2020,2969.72,55.52,270.67,5.04
4/9/2020,2961.02,55.33,271.38,5.2
4/10/2020,2936.22,56.53,272.07,5.1
4/11/2020,2933.86,56.62,272.6,5.49
4/12/2020,2945.37,56.48,273.67,1.63
4/13/2020,2965.45,56.06,273.88,6.48
4/14/2020,2953.66,56.61,273.98,6.49
4/15/2020,2959.12,57.05,276.48,2.31
4/16/2020,2954.97,56.8,279.61,5.49
4/17/2020,2954.41,57.09,276.69,5.48
4/18/2020,2981.35,56.33,276.81,6.28
4/19/2020,2966.82,56.42,275.54,2.1
4/20/2020,2969.86,56.65,275.01,5.89
4/21/2020,2975.04,57.5,275.92,3.47
4/22/2020,2986.4,57.12,277.36,5.05
4/23/2020,2987.88,56.48,277.23,6.91
4/24/2020,2991.46,56.03,273.51,6.44
4/25/2020,2988.04,55.36,271.68,2.33
4/26/2020,2991.23,56.03,273.57,5.64
4/27/2020,2988.3,56.81,268.19,8.28
4/28/2020,2995.02,56.97,270.66,2.6
4/29/2020,2991.82,57.58,271.81,7.47
4/30/2020,2996.09,57.64,274.54,6.42
5/1/2020,2996.3,57.6,274.24,6.92
5/2/2020,3008.06,57.43,270.22,3.47
5/3/2020,3008.04,57.27,271.18,3.52
5/4/2020,2990.81,56.5,273.83,7.84
5/5/2020,3003.93,56.63,275.78,4.02
5/6/2020,2995.38,56.61,274.55,1.94
5/7/2020,2989.34,56.99,274.83,5.7
5/8/2020,2983.88,57.03,273.86,2.37
5/9/2020,2998.13,56.95,272.32,7.08
5/10/2020,2977.27,56.52,274.33,5.99
5/11/2020,3009.15,56.55,272.04,7.62
5/12/2020,3020.21,56.92,270.35,6.99
5/13/2020,3022.94,56.35,268.24,2.28
5/14/2020,3022.89,56.39,265.36,4.17
5/15/2020,3026.25,56.51,265.75,6.92
5/16/2020,3031.96,56.15,268.18,4.42
5/17/2020,3038.91,55.86,267.91,8.31
5/18/2020,3044.97,55.97,265,6.65
5/19/2020,3046.36,55.4,266.78,1.61
5/20/2020,3044.89,55.58,270.25,7.66
5/21/2020,3043.88,55.13,269.06,2.21
5/22/2020,3042.43,55.66,268.2,2.48
5/23/2020,3054.26,56.83,269.33,6.64
5/24/2020,3060.7,56.4,272.67,7.55
5/25/2020,3031.8,56.67,271.73,5.25
5/26/2020,3038.85,56.31,269.17,3.52
5/27/2020,3041.3,56.83,270.53,3.96
5/28/2020,3041.62,56.19,272.23,3.9
5/29/2020,3038.23,56.43,272.34,3.79
5/30/2020,3049.97,56,271.33,3.2
5/31/2020,3059.95,55.89,273.41,5.76
6/1/2020,3052.72,55.38,274.57,7.8
6/2/2020,3057.29,55.79,273.13,3.65
6/3/2020,3048.07,55.37,273.33,2.81
6/4/2020,3034.78,55.65,270.73,7.37
6/5/2020,3029.01,55.48,272.2,6.69
6/6/2020,3038.13,55.42,271.78,8.02
6/7/2020,3048.16,55.49,271,2.66
6/8/2020,3053.79,55.11,271.04,2.51
6/9/2020,3061.55,55.22,271.22,5.29
6/10/2020,3067.21,55.98,273.11,5.8
6/11/2020,3061.29,55.59,274.39,4.86
6/12/2020,3066.11,56.18,274.18,5.69
6/13/2020,3074.62,56.93,275.81,2.76
6/14/2020,3082.66,56.52,276.71,4.86
6/15/2020,3095.05,55.79,275.95,6.11
6/16/2020,3102.63,55.94,275.8,4.53
6/17/2020,3106.65,55.67,275.61,6.26
6/18/2020,3117.85,56.6,276.72,4.66
6/19/2020,3118.08,56.62,276.08,3.84
6/20/2020,3109.76,56.22,275.4,3.63
6/21/2020,3108.63,55.65,279.44,4.38
6/22/2020,3101.68,56.19,281.42,1.66
6/23/2020,3095.43,55.91,280,6.18
6/24/2020,3094.49,55.93,281.24,7.42
6/25/2020,3087.06,56.4,281.58,3.98
6/26/2020,3084.48,56.16,282.46,1.82
6/27/2020,3066.05,56.14,282.84,8.41
6/28/2020,3068.68,56.13,285.32,3.35
6/29/2020,3069.19,56.47,286.11,2.39
6/30/2020,3061.52,56.77,286.08,4.09
7/1/2020,3068.61,56.66,288.27,6.67
7/2/2020,3078.49,56.69,288.83,3.56
7/3/2020,3062.91,56.5,289.18,5.52
7/4/2020,3055.79,55.77,289.9,4.41
7/5/2020,3048.59,55.89,289.82,2.32
7/6/2020,3039.69,56.84,289.94,3.81
7/7/2020,3048.49,56.4,288.86,6.57
7/8/2020,3047.05,56.01,287.46,5.78
7/9/2020,3044.91,55.58,285.56,2.34
7/10/2020,3025.37,55.94,282.88,2.64
7/11/2020,3032.22,56.16,281.22,5.99
7/12/2020,3020.33,56.08,280.97,7.19
7/13/2020,3021.43,55.63,281.28,3.95
7/14/2020,3024.7,55.67,280.83,5.67
7/15/2020,3038.81,54.89,276.22,2.69
7/16/2020,3026.22,54.96,279.47,3.68
7/17/2020,2996.53,55.4,281.75,1.64
7/18/2020,2998.86,54.77,282.74,6.88
7/19/2020,3017.37,54,286.65,4.31
7/20/2020,3030.26,54.79,284.8,7.21
7/21/2020,3032.86,54.49,288.67,6.46
7/22/2020,3028.44,55.06,286.84,7.3
7/23/2020,3037.01,54.98,287.42,3.5
7/24/2020,3027.77,54.9,284.97,2.8
7/25/2020,3033.04,55.12,285.1,8.3
7/26/2020,3038.59,54.68,285.97,6.52
7/27/2020,3049.7,54.74,285.76,7.34
7/28/2020,3077.79,54.55,287.29,1.59
7/29/2020,3082.22,53.89,287.59,3.98
7/30/2020,3077.63,54.06,286.64,6.7
7/31/2020,3077.87,53.93,285.61,2.05
8/1/2020,3060.68,53.85,287.33,5.47
8/2/2020,3054.23,53.24,286.13,4.5
8/3/2020,3050.64,54.04,288.06,1.62
8/4/2020,3045.9,54.48,290.6,3.15
8/5/2020,3047.92,54.96,287.36,3.49
8/6/2020,3040.2,54.81,289.73,2.28
8/7/2020,3051.91,53.94,293.95,5.92
8/8/2020,3052.41,54.92,294.56,3.2
8/9/2020,3052.82,54.89,295.85,3.44
8/10/2020,3050.04,54.51,298.03,7.79
8/11/2020,3052.09,54.72,297.58,4.77
8/12/2020,3060.84,55.31,298.04,4.24
8/13/2020,3052.67,55.3,295.51,6.57
8/14/2020,3046.59,55.93,295.89,7.87
8/15/2020,3044.05,56.48,296.99,1.68
8/16/2020,3031.09,55.94,298.12,4.64
8/17/2020,3023.4,55.6,300.35,5.78
8/18/2020,3019.14,56.08,298.9,3.73
8/19/2020,3028.38,54.72,297.93,6.91
8/20/2020,3031.51,54.65,301.83,8.3
8/21/2020,3033.94,53.93,301.62,8.1
8/22/2020,3042.95,53.69,302.12,3.36
8/23/2020,3042.08,53.55,302.09,3.08
8/24/2020,3046.48,53.37,300.55,8.2
8/25/2020,3045.95,53.09,303.89,4.71
8/26/2020,3049.11,52.54,302.94,2.96
8/27/2020,3043.78,53.69,300.78,6.45
8/28/2020,3019.89,54.62,299.98,3.49
8/29/2020,3019.05,54.04,296.08,3.37
8/30/2020,3033.77,54.83,294.88,7.65
8/31/2020,3043.54,54.63,293.04,2.64
9/1/2020,3053.69,54.7,294.38,1.95
9/2/2020,3066.55,54.66,293.13,3.38
9/3/2020,3067.94,54.33,295,5.75
9/4/2020,3070.41,54.83,297.9,2.36
9/5/2020,3064.73,54.89,299.56,4.8
9/6/2020,3062.07,54.65,299.23,5.89
9/7/2020,3068.73,54,299.62,7.44
9/8/2020,3081.27,53.55,296.67,3.11
9/9/2020,3080.38,52.73,296.5,7.22
9/10/2020,3076.37,52.74,294.88,3.14
9/11/2020,3076.88,52.14,296.37,6.24
9/12/2020,3083.39,52.01,301.61,4.51
9/13/2020,3069.45,52.69,302.71,2.3
9/14/2020,3046.99,53.29,298.83,6.5
9/15/2020,3041.99,53.28,298.21,3.02
9/16/2020,3030.28,53.23,298.55,2.74
9/17/2020,3025.7,54.17,298.83,4.01
9/18/2020,3024.72,54.43,297.46,6.07
9/19/2020,3020.69,54.27,298.05,3.14
9/20/2020,3035.71,53.55,295.67,2.79
9/21/2020,3039.48,53.75,293.88,1.57
9/22/2020,3042.98,54.17,295.27,4.8
9/23/2020,3049.71,53.85,293.34,4.5
9/24/2020,3038.82,54,294.52,3.14
9/25/2020,3049.71,53.81,291.88,1.88
9/26/2020,3049.45,53.72,295.51,4.5
9/27/2020,3056.66,52.48,294.06,7.02
9/28/2020,3046.44,52.37,293.71,6.51
9/29/2020,3031.4,52.85,294.47,7.53
9/30/2020,3040.08,52.54,293.44,1.57
10/1/2020,3044.34,52.56,293.83,8.26
10/2/2020,3035.82,52.18,295.08,3.89
10/3/2020,3027.63,52.37,297.1,8.43
10/4/2020,3039.38,52.26,298.78,3.27
10/5/2020,3027.99,51.79,298.54,4.8
10/6/2020,3044.91,52.45,298.35,3.98
10/7/2020,3036.41,52.92,303.14,3.99
10/8/2020,3043.29,52.62,305.14,7.4
10/9/2020,3040.5,52.86,303.4,6.72
10/10/2020,3047.04,53.13,303.7,8.45
10/11/2020,3042.09,53.45,303.13,5.79
10/12/2020,3040.97,52.61,302.96,4.74
10/13/2020,3041.88,53.11,300.6,2.13
10/14/2020,3032.35,52.83,299.88,8.48
10/15/2020,3040.26,52.65,303.6,5.36
10/16/2020,3035.63,53.97,304.86,6.4
10/17/2020,3033.84,54.12,299.98,4.35
10/18/2020,3024.4,53.92,302.51,5.33
10/19/2020,2999.28,52.82,304.79,8.1
10/20/2020,2997.87,53.52,304.17,2.66
10/21/2020,3022.49,52.84,305.7,3.55
10/22/2020,3030.84,52.34,304.09,2.56
10/23/2020,3031.15,52.18,303.25,7.05
10/24/2020,3029.02,52.88,306.34,1.93
10/25/2020,3029.74,53.27,305.9,2.07
10/26/2020,3035.71,53.19,302.26,3.59
10/27/2020,3024.41,53.35,302.23,5.1
10/28/2020,3036.05,53.05,302.18,4.34
10/29/2020,3043.7,53.12,304.67,1.81
10/30/2020,3051.38,53.15,304.8,8.2
10/31/2020,3056.27,53.64,304.06,8.17
11/1/2020,3056.97,54.12,306.25,3.46
11/2/2020,3064.19,54.37,306.59,6.62
11/3/2020,3070.61,54.19,305.19,5.55
11/4/2020,3067.57,54.56,307.6,3.16
11/5/2020,3062.34,54.51,308.09,3.34
11/6/2020,3063.85,53.97,308.19,4.94
11/7/2020,3079.84,53.77,308.65,4.43
11/8/2020,3067.95,53.81,306.61,3.54
11/9/2020,3053.78,54.27,305.65,7.15
11/10/2020,3055.93,54.17,305.76,4.87
11/11/2020,3056.93,53.57,305.47,6.08
11/12/2020,3059.17,53.6,308.11,2.82
11/13/2020,3062.11,53.65,308.65,5.23
11/14/2020,3060.38,53.75,310.46,3.73
11/15/2020,3075.77,54.21,310.58,5.18
11/16/2020,3060.27,54.72,312.79,6.97
11/17/2020,3052.48,54.42,313.69,6.88
11/18/2020,3051.95,54.11,313.81,3.98
11/19/2020,3036.02,53.59,313.89,6.36
11/20/2020,3034.76,53.94,312.08,8.09
11/21/2020,3051.87,54.67,313.19,5.88
11/22/2020,3052.58,54.51,313.21,2.54
11/23/2020,3055.39,54.39,312.31,6.26
11/24/2020,3043.29,55.12,314.62,2.23
11/25/2020,3037.62,55.37,312.22,7.6
11/26/2020,3034.37,55.59,311.47,5.12
11/27/2020,3031.69,55,313.63,4.2
11/28/2020,3045.01,55.34,314.36,1.9
11/29/2020,3051.09,54.87,314.36,4.17
11/30/2020,3040.47,54.3,314.97,7.82
12/1/2020,3043.44,54.13,315.43,1.65
12/2/2020,3048.92,53.84,312.49,4.82
12/3/2020,3060.82,53.73,311.89,8.02
12/4/2020,3077.13,53.01,315.23,4.26
12/5/2020,3067.48,53.49,314.01,4.5
12/6/2020,3059.87,54.05,313.47,5.55
12/7/2020,3047.79,53.08,312.49,4.74
12/8/2020,3045.95,53.56,312.41,2.68
12/9/2020,3051.11,53.16,311.35,1.63
12/10/2020,3061.49,53.59,312.42,5.77
12/11/2020,3061.23,53.55,312.92,7.95
12/12/2020,3058.53,53.57,314.56,2.24
12/13/2020,3060.55,53.48,312.56,2.98
12/14/2020,3052.7,54.08,311.98,4.09
12/15/2020,3074.09,53.46,311.63,7.16
12/16/2020,3058.51,53.77,312.64,3.38
12/17/2020,3060.86,54.32,311.15,7.67
12/18/2020,3081.6,54.67,313.09,1.88
12/19/2020,3082.17,55.84,315.56,8.09
12/20/2020,3080.77,55.57,313.68,5.43
12/21/2020,3077.69,56.05,312.8,6.11
12/22/2020,3076.39,56,311.83,4.07
12/23/2020,3090.62,56.61,317.2,6.97
12/24/2020,3069,56.61,316.44,2.67
12/25/2020,3084.83,56.42,319.9,1.84
12/26/2020,3071.09,57.07,317.46,4.27
12/27/2020,3068.93,56.82,315.58,7.48
12/28/2020,3065.13,56.12,314.31,6.78
12/29/2020,3071.52,55.86,312.72,5.12
12/30/2020,3056.04,56.17,312.28,5.5
12/31/2020,3061.16,56.86,310.96,2.41
1/1/2021,3081.9,56.92,309.43,7.38
1/2/2021,3068.77,57.58,311.84,7.01
1/3/2021,3071.17,56.9,314.39,6.1
1/4/2021,3065.05,56.68,316.39,4.76
1/5/2021,3069.81,56.53,317.54,8.25
1/6/2021,3070.5,56.48,317.82,7.65
1/7/2021,3064.58,56.52,316.93,6.01
1/8/2021,3069.96,56.86,315.12,4.1
1/9/2021,3088.51,56.64,315.95,5.83
1/10/2021,3087.1,56.71,313.7,5.53
1/11/2021,3094.79,56.69,311.81,4.26
1/12/2021,3082.36,56.23,314.22,3.65
1/13/2021,3073.3,56.17,318.12,4.35
1/14/2021,3078.52,56.1,319.01,5.52
1/15/2021,3093.86,56.02,321.32,4.5
1/16/2021,3097.92,56.03,320.93,3.35
1/17/2021,3095.29,56.07,318.35,6.83
1/18/2021,3095.78,55.85,319.68,5.22
1/19/2021,3083.78,56.49,320.92,1.97
1/20/2021,3090.32,55.9,321.16,4.08
1/21/2021,3099.64,55.54,320.77,7.69
1/22/2021,3095.62,56.93,322.8,6.79
1/23/2021,3091.42,56.41,320.93,3.76
1/24/2021,3094.58,55.74,319.48,8.07
1/25/2021,3090.72,56.11,317.56,2.04
1/26/2021,3090.55,55.07,317.83,8.23
1/27/2021,3112.05,54.95,315.76,3.22
1/28/2021,3110.08,56.02,314.49,1.56
1/29/2021,3107,55.25,313.18,4.54
1/30/2021,3101.02,54.26,312.76,4.01
1/31/2021,3108.96,53.51,309.88,5.27
2/1/2021,3107.65,53.96,310.16,7.08
2/2/2021,3101.66,54.52,312.75,7.4
2/3/2021,3115.37,54.26,313.12,4.31
2/4/2021,3130.07,54.61,316.3,4.51
2/5/2021,3124.56,55.3,319.07,2.54
2/6/2021,3106.4,56.19,320.73,1.83
2/7/2021,3116.97,56.07,320.98,5.99
2/8/2021,3110.63,54.92,321.12,1.95
2/9/2021,3119.03,54.51,322.75,6.64
2/10/2021,3099.83,54.3,322.07,5.27
2/11/2021,3109.26,54.17,318.4,2.89
2/12/2021,3097.65,54.07,319.49,5.28
2/13/2021,3105.45,54.63,317.32,2.78
2/14/2021,3106.1,55.27,315.5,4.57
2/15/2021,3097.06,55.18,315.6,7.1
2/16/2021,3093.49,55.73,315.51,4.73
2/17/2021,3100.85,55.91,312.78,2.54
2/18/2021,3102.41,55.94,313.22,6.57
2/19/2021,3108.75,56.4,315.25,2.81
2/20/2021,3129.02,56.43,313.09,6.67
2/21/2021,3113.87,57.46,315.74,4.86
2/22/2021,3130.55,56.74,312.72,4.68
2/23/2021,3132.09,56.49,317.05,7.46
2/24/2021,3123.6,56.42,316.33,6.46
2/25/2021,3110.8,56.64,316.72,1.73
2/26/2021,3109.41,57.28,313.04,3.57
2/27/2021,3119.12,57.26,313.01,7.6
2/28/2021,3118.35,56.55,313.57,1.63
3/1/2021,3133.96,56.97,313.5,5.32
3/2/2021,3119.95,57.35,312.47,6.59
3/3/2021,3120.33,56.38,310.68,5.85
3/4/2021,3108.3,56.38,313.04,6.82
3/5/2021,3112.44,55.58,313.2,6.58
3/6/2021,3121.81,55.25,316.38,6.34
3/7/2021,3118.1,54.8,315.43,7.25
3/8/2021,3092.56,55.21,314.66,6.02
3/9/2021,3095.05,55.26,316.39,4.32
3/10/2021,3099.92,54.62,313.24,4.8
3/11/2021,3104.46,55.06,310.92,6.52
3/12/2021,3117.32,54.34,313.21,7.63
3/13/2021,3107.11,54.51,310.97,3.41
3/14/2021,3114.41,54.1,307.43,3.89
3/15/2021,3126.83,53.92,311.27,8.02
3/16/2021,3109.55,54.17,308.58,5.55
3/17/2021,3113.24,54.43,309.05,2.75
3/18/2021,3108.7,55.1,309.29,6.15
3/19/2021,3108.39,55.06,303.76,8.44
3/20/2021,3112.36,55.21,303.33,7.26
3/21/2021,3107.99,54.99,304.33,6.72
3/22/2021,3101.73,55.08,305.13,2.96
3/23/2021,3102.58,55.3,307.04,7.63
3/24/2021,3092.2,55.26,306.37,5.18
3/25/2021,3081.85,54.35,307.89,7.73
3/26/2021,3089.14,54.52,306.61,3.81
3/27/2021,3078.15,54.7,303.89,1.93
3/28/2021,3085.31,54.36,301.4,4.83
3/29/2021,3090.44,53.72,298.57,3.39
3/30/2021,3073.68,54.46,300.69,6.51
3/31/2021,3067.41,54.7,297.76,8.2
4/1/2021,3079.85,54.59,298.41,6.34
4/2/2021,3070.54,54.02,297.98,7.71
4/3/2021,3066.39,53.61,297.87,4.67
4/4/2021,3071.51,54.26,300.7,6.9
4/5/2021,3079.85,54.33,299.92,7.4
4/6/2021,3077.83,54.05,301.25,6.48
4/7/2021,3072.36,54.31,301.42,5.05
4/8/2021,3087.08,53.9,301.22,5.88
4/9/2021,3104.97,54.65,305.92,6.4
4/10/2021,3115.26,55.33,303.14,3.27
4/11/2021,3116.61,55.09,305.81,7.17
4/12/2021,3109.03,54.78,307.23,8.15
4/13/2021,3101.22,53.47,306.37,4.76
4/14/2021,3106.95,52.73,309.73,6.41
4/15/2021,3111.63,52.06,306.13,6.66
4/16/2021,3126.15,52.13,305.19,6.14
4/17/2021,3133.15,51.97,302.87,5.33
4/18/2021,3118.62,51.29,303.79,7.67
4/19/2021,3129.64,51.15,301.67,4.64
4/20/2021,3120.16,51.4,302.63,1.93
4/21/2021,3116.82,51.67,302.36,7.41
4/22/2021,3119.82,50.72,301.5,6.22
4/23/2021,3140.28,50.65,302.38,7.44
4/24/2021,3171.88,49.96,301.94,2.47
4/25/2021,3178.45,50.41,299.86,1.72
4/26/2021,3177.11,50.81,305.57,8.04
4/27/2021,3182.96,50.36,304.69,2.53
4/28/2021,3192.34,49.97,300.36,7.17
4/29/2021,3189.63,49.74,298.77,7.26
4/30/2021,3208.08,48.62,296.34,6.46
5/1/2021,3210.88,48.78,298.09,2.42
5/2/2021,3216.36,48.65,298.83,6.17
5/3/2021,3223.52,49.13,299.73,7.72
5/4/2021,3228.23,48.58,299.09,4.48
5/5/2021,3237.12,48.27,298.63,4.39
5/6/2021,3231.45,47.52,297.99,4.6
5/7/2021,3226.37,47.02,297.93,2.08
5/8/2021,3215.87,46.43,299.7,7.74
5/9/2021,3220.76,46.93,300.47,7.58
5/10/2021,3229.05,46.58,301.57,8.49
5/11/2021,3234.13,46.64,302.67,5.6
5/12/2021,3251.37,46.45,304.54,6.76
5/13/2021,3251.82,45.81,305.22,2.92
5/14/2021,3259.01,45.73,306.03,6.17
5/15/2021,3248.59,46.03,308.51,6.05
5/16/2021,3245.22,45.43,307.28,7.81
5/17/2021,3252.67,45.83,305.67,7.32
5/18/2021,3261.66,45.41,303.4,8.07
5/19/2021,3259.22,45.16,303.86,7.58
5/20/2021,3259.01,45.43,300.26,7.58
5/21/2021,3244.33,45.1,301.28,1.95
5/22/2021,3241.26,45.12,301.16,7.42
5/23/2021,3250.66,44.96,303.53,5.75
5/24/2021,3256.92,45.02,302.29,4.16
5/25/2021,3262.42,43.83,301.98,1.9
5/26/2021,3263.42,42.92,304.33,6.24
5/27/2021,3263.99,43.23,307.19,3.8
5/28/2021,3257.89,43.75,305.93,4.77
5/29/2021,3265.38,43.29,306.4,6.27
5/30/2021,3270.09,43.17,307.08,7.88
5/31/2021,3275.51,43.32,307.93,7.28
6/1/2021,3270.74,43.66,307.51,4.65
6/2/2021,3249.71,42.65,310.17,4.21
6/3/2021,3261.18,42.2,306.49,3.18
6/4/2021,3256.89,42.04,305.75,4.11
6/5/2021,3248.77,42.39,306.74,2.28
6/6/2021,3256.2,43.64,307.76,8.3
6/7/2021,3252.78,43.53,310.56,5.52
6/8/2021,3263.88,42.82,313.06,2.39
6/9/2021,3270.55,43.02,312.59,3.97
6/10/2021,3277.89,43.68,315.29,5.33
6/11/2021,3264.73,43.74,313.96,5.23
6/12/2021,3277.35,43.28,315.92,1.75
6/13/2021,3280.46,43.76,319.64,8.16
6/14/2021,3277.27,44.09,322.17,3.43
6/15/2021,3279.2,43.58,322.48,1.61
6/16/2021,3261.94,43.77,321.92,2.04
6/17/2021,3266.52,44.27,318.96,5.56
6/18/2021,3256.73,44.86,319.68,2.46
6/19/2021,3243.7,44.83,317.55,1.79
6/20/2021,3228.98,44.65,316.07,4.16
6/21/2021,3240.61,45.26,313.79,5.86
6/22/2021,3234.81,44.66,312.97,2.28
6/23/2021,3250.65,44.88,313.01,3.69
6/24/2021,3245.79,44.19,313.66,4.42
6/25/2021,3229.22,44.73,312.56,2.62
6/26/2021,3218.55,44.6,314.79,5.04
6/27/2021,3231.41,45.23,314.48,2.1
6/28/2021,3230.35,45.48,313,1.83
6/29/2021,3225.37,44.86,313.56,5.14
6/30/2021,3227.47,45.58,317.58,3.24
7/1/2021,3232.99,46.35,318.35,2.17
7/2/2021,3244.66,46.79,317.73,4.47
7/3/2021,3259.65,46.41,314.77,7.91
7/4/2021,3256.55,46.26,314.43,6.57
7/5/2021,3243.79,46.33,315,7.21
7/6/2021,3240.16,45.98,314.33,7.6
7/7/2021,3243.26,46.83,311.1,8.31
7/8/2021,3234.12,46.9,309.5,6.84
7/9/2021,3225.05,45.55,312.51,5.76
7/10/2021,3228.99,45.72,315.47,4.06
7/11/2021,3229,45.54,313.8,2.77
7/12/2021,3229.83,45.51,315.25,6.31
7/13/2021,3222.74,45.32,312.99,8.46
7/14/2021,3220.94,45.72,315.9,4.77
7/15/2021,3212.2,46.28,316.49,6.57
7/16/2021,3221.6,46.43,318.49,4.97
7/17/2021,3232.45,46.26,315.16,4.52
7/18/2021,3214.49,46.24,316.61,4.37
7/19/2021,3205.69,46.25,316.7,5.03
7/20/2021,3191.23,45.84,318.5,4.07
7/21/2021,3185.23,46.13,320.43,6.74
7/22/2021,3184.89,46.36,320.66,7.62
7/23/2021,3170.9,47.13,319.56,7.68
7/24/2021,3162.18,47.76,321.22,3.09
7/25/2021,3152.64,47.42,321.2,7.77
7/26/2021,3155.21,47.83,319.55,3.89
7/27/2021,3156.41,47.35,317.81,3.67
7/28/2021,3149.69,47.7,314.96,6.59
7/29/2021,3151.96,47.44,314.04,3.63
7/30/2021,3146.99,46.93,316.34,1.87
7/31/2021,3144.77,47.07,316.8,4.12
8/1/2021,3162.01,45.73,315.84,6.55
8/2/2021,3175.91,44.86,317.55,3.79
8/3/2021,3163.42,44.77,315.98,5.91
8/4/2021,3172.21,44.81,316.28,6.12
8/5/2021,3180.83,44.63,316.02,6.64
8/6/2021,3169.85,43.84,317.67,7.78
8/7/2021,3178.53,43.43,314.62,4.53
8/8/2021,3194.41,43.62,313.02,2.67
8/9/2021,3183.69,43.91,309.84,3.73
8/10/2021,3175.01,43.91,309.42,4.53
8/11/2021,3185.69,44.49,311.95,6.5
8/12/2021,3188.9,44.68,311.04,1.59
8/13/2021,3194.92,44.31,310.11,3.71
8/14/2021,3198.82,44.17,311.96,6.96
8/15/2021,3203.23,43.47,314.19,6.2
8/16/2021,3190.47,43.41,314.12,6.62
8/17/2021,3201.44,43.97,315.59,7.18
8/18/2021,3213.64,44.31,313.53,6.98
8/19/2021,3211.84,45.01,316.39,6.28
8/20/2021,3211.91,44.86,320.79,4.58
8/21/2021,3197.1,45.54,321.93,8.39
8/22/2021,3202.74,45.44,317.86,5.48
8/23/2021,3208.96,46.17,316.84,2.92
8/24/2021,3208.84,46.16,318.17,3.55
8/25/2021,3220.58,46.52,317.43,6.35
8/26/2021,3217.74,47.25,320.07,7.97
8/27/2021,3223.89,47.16,321.35,2.75
8/28/2021,3214.19,47.27,320.03,2.08
8/29/2021,3214.45,47.91,320.2,7.67
8/30/2021,3213.21,47.85,318.51,7.91
8/31/2021,3215.96,47.18,318.25,3.43
9/1/2021,3212.77,48.26,317.24,4.14
9/2/2021,3211.95,48.02,319.69,6.12
9/3/2021,3220.71,48.1,324.02,3.81
9/4/2021,3216.85,48.68,321.26,7.64
9/5/2021,3201.28,48.37,317.51,2.25
9/6/2021,3219.28,47.87,317.12,1.77
9/7/2021,3233.59,48,314.18,2.96
9/8/2021,3221.17,47.1,314.37,3.5
9/9/2021,3228.57,46.96,315.97,2.29
9/10/2021,3224.04,47.08,319.06,1.96
9/11/2021,3227.17,46.94,319.56,6.79
9/12/2021,3230.61,46.17,319.28,2.65
9/13/2021,3228.77,46.97,315.42,7.9
9/14/2021,3221.43,47.02,315.57,4.08
9/15/2021,3215.03,47.74,315.82,6.19
9/16/2021,3206.36,47.61,317.19,3.08
9/17/2021,3198.55,47.17,315.88,3.18
9/18/2021,3198.37,47.3,315.11,5.52
9/19/2021,3191.72,47.19,312.25,5.42
9/20/2021,3199.04,46.61,307.77,6.88
9/21/2021,3214.41,47.34,305.65,6.8
9/22/2021,3209.11,47.03,302.61,6.19
9/23/2021,3212,46.11,303.38,4.64
9/24/2021,3217.5,46.77,302.45,7.73
9/25/2021,3222.72,46.52,301.47,5.86
9/26/2021,3223.98,46.22,299.6,8.43
9/27/2021,3231.91,45.33,293.24,7.24
9/28/2021,3237.23,46.2,296.35,1.81
9/29/2021,3225.35,45.56,294.45,3.74
9/30/2021,3234.54,45.59,293.73,5.5
10/1/2021,3243.92,46.05,290.92,6.55
10/2/2021,3236.78,46.26,292.96,5.35
10/3/2021,3237.66,46.23,293.35,7
10/4/2021,3245,45.38,291.8,3.48
10/5/2021,3243.4,44.97,291.11,2.79
10/6/2021,3254.63,45.06,294.57,1.88
10/7/2021,3278.77,44.67,294.52,5.51
10/8/2021,3271.41,44.77,294.26,6.32
10/9/2021,3258.1,45.11,292.48,3.78
10/10/2021,3261.64,45.59,288.79,5.8
10/11/2021,3269.35,44.98,288.57,1.87
10/12/2021,3267.55,46.08,289.32,2.2
10/13/2021,3282.58,46.46,291.62,6.41
10/14/2021,3269.69,46.46,287.22,4.08
10/15/2021,3277.12,47.01,285.07,6.2
10/16/2021,3271.56,48.19,284.01,7.32
10/17/2021,3289.26,47.47,284.1,7.47
10/18/2021,3309.68,47.36,283.91,2.71
10/19/2021,3302.52,46.17,283.77,4.9
10/20/2021,3297.52,46.27,284.68,6.64
10/21/2021,3306.62,46.45,282.98,6.92
10/22/2021,3303.24,46.43,284.95,6.99
10/23/2021,3303.29,46.1,285.91,3.1
10/24/2021,3304.04,45.08,285.37,2.85
10/25/2021,3285.35,45.26,288.68,5.63
10/26/2021,3285.71,45.99,291.89,6.69
10/27/2021,3279.31,45.7,293.85,3.73
10/28/2021,3274.88,45.92,287.92,2.23
10/29/2021,3289.82,45.13,291.17,6.52
10/30/2021,3277.75,45.36,292.86,3.6
10/31/2021,3286.38,45.16,296.98,2.66
11/1/2021,3284.09,44.78,299.55,2.53
11/2/2021,3281.8,44.4,302.81,3.7
11/3/2021,3290.2,44.21,304.67,5.65
11/4/2021,3294.1,44.4,307.46,4.01
11/5/2021,3300.31,43.74,311.55,1.64
11/6/2021,3310.49,43.54,312.08,2.18
11/7/2021,3307.68,43.52,309.04,3.53
11/8/2021,3302.05,42.97,308.53,6.12
11/9/2021,3291.7,43.87,309.4,2.19
11/10/2021,3283.95,43.44,309.65,5.42
11/11/2021,3313.94,43.11,307.26,2.34
11/12/2021,3326.89,42.62,304.1,2.98
11/13/2021,3313.88,43.52,302.72,2.71
11/14/2021,3301.15,43.8,304.43,1.97
11/15/2021,3306.47,43.33,307.69,6.2
11/16/2021,3312.44,43.88,309.63,4.74
11/17/2021,3318.43,43.98,311.84,7.32
11/18/2021,3316.38,44.11,311.78,2.19
11/19/2021,3315.63,43.94,308.4,2.51
11/20/2021,3319.41,43.56,307.59,3.65
11/21/2021,3320.76,43.73,307.17,6.86
11/22/2021,3299.07,43.46,306.27,3.64
11/23/2021,3297.27,44.37,306.48,4.36
11/24/2021,3289.26,43.73,307.47,3.61
11/25/2021,3291.51,44.5,309.27,2.06
11/26/2021,3321.86,44.44,308.82,8.08
11/27/2021,3326.04,44.59,305.11,5.34
11/28/2021,3323.4,45.01,304.24,7.01
11/29/2021,3333.12,44.7,304.43,6.11
11/30/2021,3338.45,45.13,306.98,5.1
12/1/2021,3343.15,43.77,305.94,2.13
12/2/2021,3349.72,43.41,307.06,6
12/3/2021,3370.78,42.95,307.74,2.59
12/4/2021,3359.97,42.32,307.93,4.4
12/5/2021,3365.21,42.22,309.89,5.9
12/6/2021,3356.45,42.41,308.67,6.98
12/7/2021,3362.5,42.76,307.62,6.3
12/8/2021,3353.82,42.88,307.7,6.2
12/9/2021,3350.14,42.55,306.52,2.54
12/10/2021,3347.69,42.73,307.63,3.92
12/11/2021,3357.95,42.8,306.31,1.8
12/12/2021,3367.63,43.26,306.86,6.54
12/13/2021,3355.68,43.65,306.76,8.17
12/14/2021,3356.73,43.67,307.29,3.35
12/15/2021,3350.13,43.22,306.47,2.11
12/16/2021,3338.04,42.89,305.89,4.83
12/17/2021,3336.37,42.62,306.18,7.5
12/18/2021,3333.79,42.46,306.69,5.36
12/19/2021,3358.56,42.59,306.78,1.83
12/20/2021,3363.39,42.95,310.29,8.32
12/21/2021,3350.11,42.93,308.41,7.3
12/22/2021,3344.96,42.93,308.38,2.42
12/23/2021,3355.68,43.01,305.33,7.95
12/24/2021,3377.06,42.75,306.18,4.65
12/25/2021,3361.7,42.29,304.05,4.1
12/26/2021,3343.4,41.41,303.59,4.73
12/27/2021,3362.61,41.06,302.95,7.34
12/28/2021,3367.01,41.3,303.61,6.12
12/29/2021,3358.82,40.94,302.6,1.91
12/30/2021,3364.67,40.83,301.51,8.2
12/31/2021,3338.81,41.06,304.48,2.53
1/1/2022,3339.35,41.32,305.15,6.72
1/2/2022,3343.13,40.78,304.13,5.95
1/3/2022,3352.87,41.28,303.73,2.81
1/4/2022,3343.23,41.84,307.12,2.7
1/5/2022,3344.59,41.28,306.75,7.59
1/6/2022,3335.83,40.87,305.47,4.44
1/7/2022,3338.89,41.46,304.2,6.08
1/8/2022,3330.43,41.39,303.2,5.03
1/9/2022,3326.85,40.28,302.11,6.59
1/10/2022,3317.39,39.58,299.65,4.85
1/11/2022,3324.4,39.45,297.51,3.51
1/12/2022,3333.49,38.87,295.95,4.04
1/13/2022,3331.64,38.66,297.23,7.51
1/14/2022,3332.52,38.68,296.57,4.78
1/15/2022,3318.54,39.41,296.25,2.99
1/16/2022,3316.04,39.27,298.89,8.04
1/17/2022,3316.04,39.8,301.58,7.08
1/18/2022,3342.75,40.52,301.12,1.89
1/19/2022,3332.13,41.23,299.96,8.49
1/20/2022,3347.27,41.38,298.33,6.36
1/21/2022,3357.74,40.4,299.81,2.62
1/22/2022,3361.05,40.63,299.5,3.16
1/23/2022,3379.13,41.15,298.83,6.35
1/24/2022,3383.35,41.11,297.3,6.96
1/25/2022,3387.74,41.98,295.87,3.17
1/26/2022,3387.71,42.41,296.61,3.3
1/27/2022,3400.45,42.7,294.07,3.65
1/28/2022,3411.91,43.24,296.16,5.69
1/29/2022,3406.16,43.41,295.2,2.7
1/30/2022,3393.46,42.16,295,2.23
1/31/2022,3391.93,41.91,292.42,6.25
2/1/2022,3384.43,42.51,292.5,6.95
2/2/2022,3384.3,42.1,291.94,5.01
2/3/2022,3397.17,41.99,291.94,4.05
2/4/2022,3393.1,41.47,294.98,4.52
2/5/2022,3393.17,42.36,295.44,4.22
2/6/2022,3394.25,43.2,293.95,8.22
2/7/2022,3403.24,42.76,292.63,6.88
2/8/2022,3381.27,42.83,293.92,2.96
2/9/2022,3375.7,42.49,296.62,4.19
2/10/2022,3378.31,42.8,297.28,5.31
2/11/2022,3390.81,43.06,298.76,5.79
2/12/2022,3386.39,43.46,300.08,4.78
2/13/2022,3368.13,43.63,303.01,7.17
2/14/2022,3374.83,45.1,299.22,6.87
2/15/2022,3368.97,44.58,300.65,5.04
2/16/2022,3357.58,43.73,302.72,7.48
2/17/2022,3351.83,43.53,300.14,6.76
2/18/2022,3350.49,42.75,298.47,6.95
2/19/2022,3344.94,42,296.87,8.19
2/20/2022,3323.38,41.5,295.51,3.37
2/21/2022,3332.85,41.04,294.65,3.37
2/22/2022,3346.1,40.56,295.23,7.72
2/23/2022,3353.12,40.82,297.06,6.91
2/24/2022,3342.24,40.57,299.33,7.99
2/25/2022,3340.73,40.48,297.75,1.94
2/26/2022,3341.16,40.92,296.16,5.89
2/27/2022,3347.65,40.54,298.89,2.51
2/28/2022,3354.83,40.41,300.29,5.03
3/1/2022,3347.99,40.59,300.55,2.59
3/2/2022,3349.31,39.62,301.6,2.4
3/3/2022,3354.38,38.43,301.64,1.59
3/4/2022,3369.44,38.6,302.79,5.91
3/5/2022,3376.99,38.85,302.22,4.01
3/6/2022,3385.38,39.88,302.85,2.24
3/7/2022,3386.72,39.96,299.93,3.76
3/8/2022,3401.32,40.37,298.66,2.68
3/9/2022,3405.92,40.27,297.4,8.09
3/10/2022,3397.81,40.42,296.75,3.74
3/11/2022,3412.34,41.25,295,3.84
3/12/2022,3419.82,40.19,294.03,7.38
3/13/2022,3415.89,40.4,291.1,6.03
3/14/2022,3411.6,41.47,292.3,6.47
3/15/2022,3415.06,41.61,292.24,5.95
3/16/2022,3420.19,42.43,288.93,8.12
3/17/2022,3422.67,42.12,287.36,2.95
3/18/2022,3426.28,42.1,288.13,8.42
3/19/2022,3443.78,42.12,287.14,7.32
3/20/2022,3454.99,41.01,285.85,5.62
3/21/2022,3457.4,40.43,285.8,6.14
3/22/2022,3467.31,39.88,286.59,6.04
3/23/2022,3457.49,40.29,283.82,1.91
3/24/2022,3461.97,40.72,285.02,3.03
3/25/2022,3480.56,40.89,283.52,8.23
3/26/2022,3478.88,41.3,283.58,5.24
3/27/2022,3470.9,41.22,283.61,4.15
3/28/2022,3464.88,41.82,282.65,6.83
3/29/2022,3454.49,41.82,280.71,5.17
3/30/2022,3447.14,41.85,280.24,1.59
3/31/2022,3443.93,41.72,283.59,6.65
4/1/2022,3430.38,42.06,280.96,6.63
4/2/2022,3431.03,41.85,284.45,2.66
4/3/2022,3440.56,42.34,284.03,8.2
4/4/2022,3431.98,41.77,284.2,3.07
4/5/2022,3447.67,41.22,282.13,4.7
4/6/2022,3453.28,41.57,280.68,2.3
4/7/2022,3464.09,41.52,279.78,5.72
4/8/2022,3458.01,41.29,277.79,4.13
4/9/2022,3467.05,41.74,277.47,3.97
4/10/2022,3456.63,41.44,276.75,7.29
4/11/2022,3466.04,41.34,280.56,1.57
4/12/2022,3468.25,42.04,278.32,7.09
4/13/2022,3474.29,42.8,278.63,5.5
4/14/2022,3463.03,43.59,279.22,8.4
4/15/2022,3454.58,43.45,277.18,5.63
4/16/2022,3461.05,44.07,278.66,1.89
4/17/2022,3452.07,43.59,277.96,1.85
4/18/2022,3457.2,43.14,273.08,7.68
4/19/2022,3444.03,41.96,274.5,7.39
4/20/2022,3453.01,42.8,272.36,3.92
4/21/2022,3441.19,42.37,270.37,5.83
4/22/2022,3447.21,42.3,271.84,4.93
4/23/2022,3453.97,41.85,271.25,8.27
4/24/2022,3447.5,42.2,273.18,8.15
4/25/2022,3453.82,42.01,275.7,8.39
4/26/2022,3456.92,41.36,274.51,7.57
4/27/2022,3452.03,41.58,276.2,7.87
4/28/2022,3442.45,40.86,274.79,3.02
4/29/2022,3423.32,40.44,279.36,7.32
4/30/2022,3427.32,39.39,278.07,6.46
5/1/2022,3412.17,38.68,280.22,8.24
5/2/2022,3413.62,38.76,282.01,5.5
5/3/2022,3411.49,37.78,282.74,2.1
5/4/2022,3418.78,37.04,281.5,5.68
5/5/2022,3416.26,37.04,281.3,6.31
5/6/2022,3413.47,36.77,277.09,3.04
5/7/2022,3421.28,37.76,277.64,4.26
5/8/2022,3425.14,38.68,278.44,5.69
5/9/2022,3428.8,38.25,278.81,4.12
5/10/2022,3433.99,38.53,272.96,4.12
5/11/2022,3419.13,38.9,270.53,2.43
5/12/2022,3427.2,38.6,269.13,8.09
5/13/2022,3433.83,37.85,269.81,6.75
5/14/2022,3424.16,37.85,270.49,1.51
5/15/2022,3422.22,37.76,270.25,6.86
5/16/2022,3422.33,37.54,271.62,6.68
5/17/2022,3421.48,37.77,269.67,1.57
5/18/2022,3425.32,37.39,270.99,4.09
5/19/2022,3440.13,36.81,272.04,5.75
5/20/2022,3451.45,36.87,272.9,4.67
5/21/2022,3438.83,37.06,272.63,6.95
5/22/2022,3445.55,36.47,276.39,4.48
5/23/2022,3459.34,36.94,277.48,2.58
5/24/2022,3463.71,36.05,275.64,8.33
5/25/2022,3475.12,35.76,276.24,3.19
5/26/2022,3495.74,35.63,277.84,6.52
5/27/2022,3506.48,35.32,276.77,2.5
5/28/2022,3509.47,35.03,279.05,3.8
5/29/2022,3520.42,35.97,279.91,4.59
5/30/2022,3522.37,35.54,275.33,2.85
5/31/2022,3523.11,36.76,276.03,4.65
6/1/2022,3520.09,36.98,275.31,2.6
6/2/2022,3536.23,37.03,276.49,5.41
6/3/2022,3528.54,37.27,278.48,6.15
6/4/2022,3544.37,38.53,278.97,1.94
6/5/2022,3549.87,38.03,282.4,7.6
6/6/2022,3536.37,37.47,282.14,2.8
6/7/2022,3540.55,37.1,283.49,3.08
6/8/2022,3520.05,37.11,285.2,6.13
6/9/2022,3526.8,36.25,285.1,4.78
6/10/2022,3536.16,36.26,286.76,5
6/11/2022,3530.73,37.11,285.67,2.4
6/12/2022,3532.47,37.18,284.93,7.14
6/13/2022,3552.51,37.04,282.4,5.82
6/14/2022,3547.95,36.73,282.99,2.45
6/15/2022,3537.86,37.18,283.74,4.12
6/16/2022,3553.18,36.76,286.19,7.17
6/17/2022,3573.31,37.69,287.88,5.48
6/18/2022,3573.84,38.65,287.41,2.26
6/19/2022,3584.46,38.78,285.15,4.11
6/20/2022,3598.37,38.78,286.12,3.2
6/21/2022,3591.45,39.29,288.44,5.12
6/22/2022,3587.09,39.84,290.05,7.4
6/23/2022,3599.9,39.44,292.32,4.55
6/24/2022,3617.25,39.17,291.99,4.53
6/25/2022,3623.38,38.51,291.16,7.84
6/26/2022,3615.08,38.72,289.79,5.53
6/27/2022,3635.45,39.05,289.77,5.46
6/28/2022,3630.65,38.38,289.72,3.33
6/29/2022,3627.79,38.15,290.23,5.75
6/30/2022,3631.72,37.47,290.07,5.53
7/1/2022,3647.76,37.03,289.91,4.28
7/2/2022,3656.8,37.3,288.45,8.43
7/3/2022,3661.45,36.93,290.44,7.67
7/4/2022,3666.58,36.78,290.69,6.75
7/5/2022,3667.52,35.97,290.44,5.26
7/6/2022,3673.6,36.06,289.04,4.73
7/7/2022,3648.8,36.04,286.48,2.79
7/8/2022,3646.33,35.68,289.2,3.64
7/9/2022,3649.25,35.58,290.41,6.92
7/10/2022,3638.24,35.67,287.26,4.68
7/11/2022,3642.6,35.26,288.88,7.68
7/12/2022,3641.06,34.53,290.83,2.54
7/13/2022,3659.11,35.43,291.18,5.06
7/14/2022,3675.34,35.11,294.47,6.03
7/15/2022,3671.18,35.06,295.01,5.12
7/16/2022,3670.18,35.57,292.27,7.72
7/17/2022,3669.94,37.33,293.1,8.43
7/18/2022,3665.92,36.71,293.69,2.31
7/19/2022,3668.37,36.94,292.59,2.41
7/20/2022,3661.29,36.58,293.83,2.41
7/21/2022,3650.48,36.31,290.6,6.27
7/22/2022,3657.21,35.95,292.68,4.11
7/23/2022,3664,35.39,291.02,6.63
7/24/2022,3656.46,35.37,289.15,4.34
7/25/2022,3665.91,34.63,289.03,5.89
7/26/2022,3660.1,35.11,289.99,6.89
7/27/2022,3663.13,35.13,290.42,5.34
7/28/2022,3671.83,35.35,289.04,5.28
7/29/2022,3672,35.11,288.12,2.12
7/30/2022,3677.04,34.93,285.96,4.38
7/31/2022,3672.38,35.07,285.61,5.32
8/1/2022,3670.91,34.49,287.86,4.73
8/2/2022,3669.36,34.31,287.95,7.81
8/3/2022,3662.39,33.88,289.77,7.85
8/4/2022,3661.12,33.44,292.78,7.25
8/5/2022,3646.14,32.38,291.7,4.13
8/6/2022,3641.72,33.05,291.43,6.52
8/7/2022,3639.38,32.71,295.87,4.27
8/8/2022,3637.31,33.29,298.86,3.13
8/9/2022,3635.4,33.82,295.62,3.9
8/10/2022,3635.28,33.18,296.49,2
8/11/2022,3640.58,32.64,296.59,3.82
8/12/2022,3649.82,33.92,298.34,4.73
8/13/2022,3643.82,34.79,296.95,8.19
8/14/2022,3632.29,34.78,295.37,3.69
8/15/2022,3622.37,34.91,294.12,7.82
8/16/2022,3618,34.59,293.08,3.1
8/17/2022,3614.98,34.81,294.81,2.84
8/18/2022,3607.78,34.45,292.55,5.13
8/19/2022,3595.32,33.43,291.4,6.21
8/20/2022,3591.26,32.77,287.92,1.81
8/21/2022,3593.57,32.78,290.04,3.05
8/22/2022,3600.02,32.22,292.68,4.69
8/23/2022,3594.95,32.18,292.13,3.82
8/24/2022,3591.32,31.64,291.63,6.49
8/25/2022,3582.55,31.25,292.64,5.08
8/26/2022,3582.74,31.68,295.69,2.62
8/27/2022,3574.75,31.8,296.6,7.76
8/28/2022,3580.98,31.8,295.31,3.55
8/29/2022,3563.62,32.24,292.17,6.62
8/30/2022,3560.53,32.48,290.04,6.96
8/31/2022,3564.04,33.2,290.29,8.24
9/1/2022,3566.38,32.97,289.08,4.99
9/2/2022,3593.81,32.76,289.57,5.81
9/3/2022,3597.81,32.11,288.56,3.84
9/4/2022,3588.27,31.89,286.54,6.25
9/5/2022,3587.81,32.37,284.29,4.74
9/6/2022,3570.55,33.02,287.51,4.56
9/7/2022,3570.24,33.5,289.39,7.49
9/8/2022,3562.41,32.61,292.95,1.85
9/9/2022,3572.07,33.15,294.13,7.67
9/10/2022,3567.07,32.23,293.37,7.46
9/11/2022,3566.4,32.68,296.12,5.04
9/12/2022,3560.55,32.49,296.15,4.93
9/13/2022,3578.44,32.85,296.7,4.03
9/14/2022,3575.72,32.18,296.71,8.46
9/15/2022,3594.55,32.77,290.92,2.28
9/16/2022,3603.19,32.03,294.23,5.63
9/17/2022,3608.51,31.7,295.31,6.27
9/18/2022,3612.7,31.2,296.07,8.04
9/19/2022,3617.14,30.32,296.04,6.96
9/20/2022,3598.36,30.37,296.47,6.01
9/21/2022,3596.07,31.27,295.38,2.32
9/22/2022,3605.02,32.61,296.71,4.12
9/23/2022,3605.03,32.65,294.19,2.47
9/24/2022,3591.48,33.21,294.67,7.67
9/25/2022,3591.46,33.33,295.89,6.75
9/26/2022,3609,33.58,295.59,6.8
9/27/2022,3621.97,33.41,296.43,6.07
9/28/2022,3621.85,33.51,294.55,5.05
9/29/2022,3631.86,33.77,292.72,2.55
9/30/2022,3628.7,33.48,293.29,3.81
10/1/2022,3612.16,33.45,294.75,2.46
10/2/2022,3603.41,33.42,291.1,6.57
10/3/2022,3619.54,33.83,292.24,2.62
10/4/2022,3617.3,33.3,291.26,6.41
10/5/2022,3615.37,33.27,290.97,6.35
10/6/2022,3612.87,34.23,288.39,4.72
10/7/2022,3632.41,34.81,286.79,2.45
10/8/2022,3649.17,35.48,288.82,3.7
10/9/2022,3671.86,35.5,288.99,3.74
10/10/2022,3670.77,35.66,288.32,6.4
10/11/2022,3674.22,36.16,288.19,2.3
10/12/2022,3659.56,36.94,289.27,7.3
10/13/2022,3674.83,35.96,290.25,6.83
10/14/2022,3663.65,35.3,290.2,2.8
10/15/2022,3666.32,35.96,292.49,6.53
10/16/2022,3655.84,35.82,294.53,6.18
10/17/2022,3650.46,35.48,295.45,6.74
10/18/2022,3642.58,34.86,295.66,2.82
10/19/2022,3637,34.58,297.08,2.6
10/20/2022,3632.11,33.88,297.81,3.16
10/21/2022,3627.13,34.92,300.03,4.06
10/22/2022,3635.96,34.91,301.93,7.06
10/23/2022,3625.42,34.88,299.99,6.67
10/24/2022,3628.12,35.18,297.92,7.98
10/25/2022,3640.8,35.66,296.61,1.91
10/26/2022,3636.17,36.13,298.67,1.58
10/27/2022,3629.49,36.67,295.61,6.39
10/28/2022,3627.68,36.35,296.5,3.46
10/29/2022,3639.98,36.2,297.33,3.84
10/30/2022,3642.42,36.59,299.75,5.33
10/31/2022,3637.61,36.33,300.22,2.22
11/1/2022,3642.95,36.32,297.63,6
11/2/2022,3632.43,36.52,295.81,3.78
11/3/2022,3639.74,36.92,293.55,5.93
11/4/2022,3644.33,36.03,292.57,7.34
11/5/2022,3641.75,36.38,292.3,2.7
11/6/2022,3633.86,36.27,290.07,8.02
11/7/2022,3625.5,36.62,293.11,5.21
11/8/2022,3631.34,37.01,290.56,7.96
11/9/2022,3644.13,37.81,293.36,2.95
11/10/2022,3638.26,38.49,295.83,5.73
11/11/2022,3643.34,39.16,297.72,4.33
11/12/2022,3622.97,39.88,296.44,6.92
11/13/2022,3617.63,40.03,297.22,5.74
11/14/2022,3617.82,40.05,294.77,4.96
11/15/2022,3609.22,40.48,296.69,7.89
11/16/2022,3600.35,40.85,296.64,4.14
11/17/2022,3594.18,40.69,295.92,3.04
11/18/2022,3597.6,40.9,293.57,5.76
11/19/2022,3596.23,40.88,288.72,5.87
11/20/2022,3574.34,40.45,286.74,4.57
11/21/2022,3553.64,41.1,289.07,4.91
11/22/2022,3548.07,41.13,288.36,8.22
11/23/2022,3553.14,42.15,288.12,6.63
11/24/2022,3526.17,41.34,289.53,2.27
11/25/2022,3521.67,41.06,293.25,2.98
11/26/2022,3516.91,41.07,296,8.33
11/27/2022,3531.29,41.64,294.15,6.59
11/28/2022,3527.94,41.84,290.37,7.91
11/29/2022,3532.27,42,295.18,3.63
11/30/2022,3534.19,41.43,299.82,6.69
12/1/2022,3513.38,40.86,300.3,6.5
12/2/2022,3521.56,41.02,297.86,3.56
12/3/2022,3524.22,40.34,299.89,5.36
12/4/2022,3529.8,40.07,299.77,5.89
12/5/2022,3569.56,40.32,299.64,4.87
12/6/2022,3549.22,39.83,301.53,7.29
12/7/2022,3566.97,40.63,302.3,7.33
12/8/2022,3564.59,41.24,300.03,7.45
12/9/2022,3567.97,40.46,299.48,7.12
12/10/2022,3568.01,39.99,300.9,4.92
12/11/2022,3564.27,38.85,302.02,4.17
12/12/2022,3559.07,38.46,302.65,7.32
12/13/2022,3562.86,38.84,304.61,4.93
12/14/2022,3548.19,38.63,303.99,3.22
12/15/2022,3556.2,38.86,304.45,5.05
12/16/2022,3552.54,38.1,297.8,2.49
12/17/2022,3541.74,38.5,297,6.34
12/18/2022,3537.74,38.22,298.62,3.85
12/19/2022,3550.81,38.23,297.94,3.32
12/20/2022,3545.95,38.18,297.11,8.2
12/21/2022,3550.04,37.55,295.13,6.94
12/22/2022,3543.23,36.97,297.24,7.01
12/23/2022,3551.31,37.46,298.43,5.87
12/24/2022,3558.66,37.66,300.18,7.37
12/25/2022,3577.65,38.18,296.83,6.81
12/26/2022,3576.39,38.34,296.61,5.69
12/27/2022,3583.58,38.41,296.15,8.23
12/28/2022,3585.06,37.55,295.69,2.84
12/29/2022,3598.52,37.42,294.56,8.1
12/30/2022,3591.83,37.4,293.96,4.31
12/31/2022,3599.78,38.38,295.76,5.2
1/1/2023,3598.33,38.72,292.04,2.36
1/2/2023,3598.19,39.49,295.69,5.28
1/3/2023,3599.61,39.79,296.76,5.78
1/4/2023,3602.63,39.43,296.78,8.48
1/5/2023,3601.97,39.49,298.69,8.33
1/6/2023,3604.62,39.61,295.89,8.26
1/7/2023,3620.9,39.14,294.66,3.94
1/8/2023,3631.25,38.95,294.51,8.44
1/9/2023,3640.44,38.85,297.34,4.69
1/10/2023,3636.39,39.65,297.35,7.46
1/11/2023,3628,38.61,298.35,3.01
1/12/2023,3638.05,39.21,297.27,5.04
1/13/2023,3647.31,38.74,298.35,8.26
1/14/2023,3662.54,38.06,301.8,8.13
1/15/2023,3657,38.65,303.89,6.29
1/16/2023,3655.2,39.01,303.83,7.08
1/17/2023,3639.31,39.64,305.28,2.73
1/18/2023,3635.88,40.04,306.54,6.55
1/19/2023,3646.35,41.07,307.65,5.83
1/20/2023,3642.18,41.35,309.97,2.14
1/21/2023,3649.09,41.27,312.28,2.29
1/22/2023,3647.68,41.44,312.13,2.26
1/23/2023,3651.42,42.06,313.51,6.57
1/24/2023,3640.45,41.67,312.84,2.49
1/25/2023,3641.8,41.35,311.1,4.77
1/26/2023,3612.39,41.19,310.66,4
1/27/2023,3611.02,40.14,310.61,5.35
1/28/2023,3595.21,40.21,307.38,6.45
1/29/2023,3607.77,39.27,309.2,6.29
1/30/2023,3616.05,39.29,303.77,5.11
1/31/2023,3621.21,39.73,309.3,4.75
2/1/2023,3636.92,39.49,312.4,4.28
2/2/2023,3627.94,40.33,311.98,7.53
2/3/2023,3645.91,39.6,312.1,3.82
2/4/2023,3655.73,40.19,312.81,3.32
2/5/2023,3653.87,40.53,311.73,6.7
2/6/2023,3665.72,39.67,312.21,4.02
2/7/2023,3655.16,41.03,312.02,7.43
2/8/2023,3647.41,41,311.94,3.8
2/9/2023,3641.83,40.56,312.4,6.41
2/10/2023,3637.04,39.85,309.87,1.82
2/11/2023,3626.97,39.74,310.05,4.2
2/12/2023,3639.7,39.68,310.48,3.9
2/13/2023,3637.61,39.73,310.84,7.22
2/14/2023,3641.64,39.58,310.5,8.27
2/15/2023,3636.44,39.9,312.88,4.73
2/16/2023,3618.73,39.7,312.27,7.27
2/17/2023,3621.93,38.74,312.83,6.4
2/18/2023,3603.31,38.66,315.52,8.27
2/19/2023,3603.12,37.48,315.46,7.18
2/20/2023,3589.94,37.66,315.99,2.04
2/21/2023,3610.31,37.17,315.9,6.49
2/22/2023,3619.92,37.25,318.47,5.25
2/23/2023,3621.48,37.9,318.06,1.62
2/24/2023,3634.62,37.43,320.73,3.26
2/25/2023,3626.66,37.96,320.62,7.95
2/26/2023,3632.59,37.74,319,7.98
2/27/2023,3635.09,38.62,320.46,7.09
2/28/2023,3638.23,38.44,319.95,8.37
3/1/2023,3651.45,38.02,321.29,7.15
3/2/2023,3659.28,38.36,315.93,1.57
3/3/2023,3662.66,38.14,316.04,3.51
3/4/2023,3646.62,37.72,315.22,1.71
3/5/2023,3637.52,37.48,313.2,2.16
3/6/2023,3636.79,37.46,312.19,3.03
3/7/2023,3638.22,38.13,311.14,5.02
3/8/2023,3627.42,37.17,311.15,7.43
3/9/2023,3652.04,37.18,308.51,7.53
3/10/2023,3667.7,37.49,309.24,5.81
3/11/2023,3674.22,37.59,312.08,8
3/12/2023,3675.44,38.24,312.74,5
3/13/2023,3673.82,38.2,314.46,7.72
3/14/2023,3664.8,38.11,316.74,4.68
3/15/2023,3666.08,38.41,319.32,3.44
3/16/2023,3669.15,38.46,323.16,7.91
3/17/2023,3657.24,38.26,322.26,4.22
3/18/2023,3661.08,38.52,320.92,5.02
3/19/2023,3660.03,38.19,322.59,3.8
3/20/2023,3641.45,37.89,324.11,6.14
3/21/2023,3633.34,37.62,325.76,8.47
3/22/2023,3629.71,38.3,329.64,1.68
3/23/2023,3649.08,36.69,329.76,7.8
3/24/2023,3655.15,36.89,330.71,1.53
3/25/2023,3642.29,36.91,328.85,4.05
3/26/2023,3647.66,36.07,333.22,2.68
3/27/2023,3632.68,36.22,332.65,6.8
3/28/2023,3644.01,36.46,332.13,1.85
3/29/2023,3639.8,36.75,331.54,5.37
3/30/2023,3639.36,35.43,330.35,3.56
3/31/2023,3653.12,36.11,328.99,2.44
4/1/2023,3640.75,35.74,328.04,6.9
4/2/2023,3627.28,36.08,325.41,3.02
4/3/2023,3621.94,36.46,323.94,3.07
4/4/2023,3632.82,36.02,327.94,3.43
4/5/2023,3618.13,36.35,329.51,5.61
4/6/2023,3590.31,36.15,331.46,6.12
4/7/2023,3586.3,35.12,333.92,1.62
4/8/2023,3592.32,35.7,337.68,3.19
4/9/2023,3604.82,35.31,334.24,4.52
4/10/2023,3600.69,34.89,331.88,3.82
4/11/2023,3597.07,34.69,330.37,7.69
4/12/2023,3609.11,34.82,329.53,7.01
4/13/2023,3590.91,34.79,329.03,5.88
4/14/2023,3587.53,35.07,328.24,3.87
4/15/2023,3589.93,34.4,328.78,6.4
4/16/2023,3594.92,34.03,328.95,7.41
4/17/2023,3590.33,33.97,327.6,5.66
4/18/2023,3591.17,34.92,323.35,6.99
4/19/2023,3566.79,34.86,321.47,6.74
4/20/2023,3560.71,35.4,320.47,5.5
4/21/2023,3565.74,35.42,320.07,3.69
4/22/2023,3556.42,35.18,317.91,6.72
4/23/2023,3557.51,35.06,317.03,2.95
4/24/2023,3562.48,34.97,314.87,6.96
4/25/2023,3559.55,35.27,314.72,7.13
4/26/2023,3561.76,35.96,312.67,7.26
4/27/2023,3552.63,36.14,311.07,4.81
4/28/2023,3551.06,36.74,308.56,2.85
4/29/2023,3557.66,36.25,308.35,2.2
4/30/2023,3559.73,36.05,306.72,6.7
5/1/2023,3554.37,35.68,308.63,7.7
5/2/2023,3557.11,35.84,309.54,6.06
5/3/2023,3564.76,35.66,309.5,2.51
5/4/2023,3544.76,36.03,308.01,8.04
5/5/2023,3556.85,35.56,308.87,8.42
5/6/2023,3553.99,35.58,310.35,4.53
5/7/2023,3558.74,35.93,310.74,5.66
5/8/2023,3571.21,34.89,314.04,6.94
5/9/2023,3558,35.95,315.06,6.65
5/10/2023,3551.4,35.81,316.99,8.27
5/11/2023,3549.02,34.8,317.36,2.3
5/12/2023,3541.68,34.88,318.81,5.57
5/13/2023,3559.53,34.9,317.31,6.34
5/14/2023,3551.46,34.85,316.5,7.73
5/15/2023,3546.4,35.35,317.3,7.62
5/16/2023,3548.95,35.72,318.08,8.35
5/17/2023,3537.43,35.87,319.2,5.08
5/18/2023,3533.97,36.1,321.5,7.32
5/19/2023,3537.64,36.05,318.75,4.49
5/20/2023,3534.82,36.93,316.9,4.46
5/21/2023,3534.38,36.19,317.46,3.27
5/22/2023,3529.59,36.26,316.11,7.23
5/23/2023,3514.94,36.3,322.96,8.4
5/24/2023,3518.66,36.7,324.09,3.29
5/25/2023,3536.71,36.28,324.04,1.89
5/26/2023,3537.39,35.41,323.11,7.21
5/27/2023,3540.15,35.49,322.25,5.84
5/28/2023,3547.57,35.63,322.41,8.22
5/29/2023,3535.38,36.37,322.73,3.27
5/30/2023,3552.91,35.74,321.92,2
5/31/2023,3555.43,36.32,321.47,4.95
6/1/2023,3572.25,37.5,324.26,2.1
6/2/2023,3565.42,37.31,327.13,3.33
6/3/2023,3584.1,36.66,327.73,2.38
6/4/2023,3592.35,36.46,325.15,3.07
6/5/2023,3598.38,36.47,326.33,2.24
6/6/2023,3601.22,36.75,329.54,8.18
6/7/2023,3599.23,36.45,332.38,3.45
6/8/2023,3611.74,37.23,333.94,4.61
6/9/2023,3613.64,36.67,336.89,7.79
6/10/2023,3594.47,35.81,337.1,6.24
6/11/2023,3583.8,36.36,338.45,5.83
6/12/2023,3582.44,35.22,337.19,6.44
6/13/2023,3586.04,35.12,337.88,7.3
6/14/2023,3585.98,36.68,340.63,7.64
6/15/2023,3598.67,36.67,339.56,6
6/16/2023,3579.65,36.11,337.93,7.73
6/17/2023,3581.59,36.08,338.23,5.25
6/18/2023,3563.91,36.06,337.87,3.44
6/19/2023,3572.01,36.14,339.27,7.66
6/20/2023,3571.56,36.47,338.47,5.29
6/21/2023,3576.26,35.95,342,7.84
6/22/2023,3568.12,36.79,339.52,1.78
6/23/2023,3581.42,36.92,342.13,4.28
6/24/2023,3592.33,37.28,340.7,8.13
6/25/2023,3598.67,36.96,337.21,3.25
6/26/2023,3597.87,37.61,337.79,8.09
6/27/2023,3604.17,37.48,337.38,8.18
6/28/2023,3597.6,37.62,335.26,7.67
6/29/2023,3606.66,37.15,331.99,5.45
6/30/2023,3623.65,36.65,332.08,6.03
7/1/2023,3634.86,37,334.13,7.59
7/2/2023,3628.06,36.78,335.4,6.93
7/3/2023,3632.18,36.35,335.61,5.91
7/4/2023,3619.75,36.03,336.67,8.38
7/5/2023,3625.97,36.38,336.72,6.3
7/6/2023,3630.98,36.06,333.96,8.33
7/7/2023,3612.78,36,331.21,1.9
7/8/2023,3601.66,36.01,330.91,2.47
7/9/2023,3599.33,35.05,330.69,4.66
7/10/2023,3596.82,34.32,332.49,4.19
7/11/2023,3585.23,34.48,334.1,6.98
7/12/2023,3589.61,34.12,335.41,2.62
7/13/2023,3592.63,34.64,334.95,8.33
7/14/2023,3591.19,35.13,332.29,3.71
7/15/2023,3584.13,35.49,333.22,4.5
7/16/2023,3595.12,36.4,334.37,3.42
7/17/2023,3612.17,36.36,329.69,5.56
7/18/2023,3607.83,36.68,328.12,1.91
7/19/2023,3602.21,36.39,326.84,2.55
7/20/2023,3607.62,37.61,327.18,6.72
7/21/2023,3604.54,38.61,325.67,2.81
7/22/2023,3603.65,38.61,325.69,3.15
7/23/2023,3611.55,38.81,325.37,7.05
7/24/2023,3592.95,39.49,325.15,2.15
7/25/2023,3606.64,39.41,323.82,4.56
7/26/2023,3607.86,39.08,322.64,1.66
7/27/2023,3604.25,39.52,320.58,3.93
7/28/2023,3603.86,39.56,321.44,6.39
7/29/2023,3603.98,39.65,322.68,2.13
7/30/2023,3587.17,39.23,321.24,7.72
7/31/2023,3602.62,38.37,324.38,7.87
8/1/2023,3603.53,38.49,323.85,2.23
8/2/2023,3608.46,38.95,327.01,8.44
8/3/2023,3618.48,38.83,325.83,3.58
8/4/2023,3608.76,39.55,321.88,2.09
8/5/2023,3614,39.2,322.78,1.54
8/6/2023,3611.82,38.67,323.38,4.36
8/7/2023,3620.79,38.64,323.55,5.91
8/8/2023,3600.02,38.6,322.36,3.83
8/9/2023,3599.53,38.98,322.39,7.36
8/10/2023,3594,38.59,321.47,6.52
8/11/2023,3598.82,39.28,320.97,3.95
8/12/2023,3604.02,40.26,322.75,6.64
8/13/2023,3597.45,40.24,323.22,8.08
8/14/2023,3590.82,40.87,324.54,2.15
8/15/2023,3590.22,40.34,324.17,3.64
8/16/2023,3581.75,40.88,323.59,4.74
8/17/2023,3590.67,41.4,321.38,4.99
8/18/2023,3587.48,41.83,320.74,5.3
8/19/2023,3558.91,41.82,314.2,3.6
8/20/2023,3555.66,40.35,313.12,6.17
8/21/2023,3545.78,40.03,313.06,6.02
8/22/2023,3529.96,39.71,314.28,5.54
8/23/2023,3518.09,39.22,313.85,2.3
8/24/2023,3519.68,39.28,314.64,4.84
8/25/2023,3533.47,39.08,310.38,3.99
8/26/2023,3537.1,38.66,310.37,4.94
8/27/2023,3531.54,38.13,307.11,7.95
8/28/2023,3536.6,37.78,304.79,4.86
8/29/2023,3532.5,38.34,304.52,1.6
8/30/2023,3526.06,38.01,307.17,4.57
8/31/2023,3515.01,37.75,308.01,7.24
9/1/2023,3498,37.52,308.15,6.96
9/2/2023,3494.6,37.69,308.21,5.09
9/3/2023,3496.68,37.92,306.88,3.25
9/4/2023,3496.21,36.4,305.9,4.76
9/5/2023,3492.55,36.91,306.85,5.45
9/6/2023,3483.59,37.62,304.18,8.5
9/7/2023,3490.18,37.1,305.47,6.01
9/8/2023,3477.51,36.61,304.79,6.36
9/9/2023,3485.77,36.39,306.54,4.94
9/10/2023,3476.24,36.01,308.56,3.98
9/11/2023,3469.22,36.12,305.32,7.19
9/12/2023,3455.05,35.15,304.25,4.96
9/13/2023,3450.54,34.59,302.64,8.46
9/14/2023,3460.79,35.36,299.12,4.7
9/15/2023,3466.45,34.9,297.15,1.98
9/16/2023,3476.73,35.52,302.13,6.28
9/17/2023,3482.45,35.69,303.45,1.83
9/18/2023,3471.92,34.79,307.39,3.25
9/19/2023,3469.11,35.11,309.15,3.98
9/20/2023,3461.81,35.05,307.76,6.68
9/21/2023,3475.61,34.82,307.1,4.96
9/22/2023,3464.14,34.94,308.38,1.7
9/23/2023,3473.58,35.18,309.35,5.82
9/24/2023,3483.01,35.53,308.3,4.38
9/25/2023,3501.81,36.12,305.38,7.95
9/26/2023,3498.21,36.33,312.05,5
9/27/2023,3505.83,35.64,311.87,6.46
9/28/2023,3529.15,35.4,311.32,3.03
9/29/2023,3523.47,36.87,311.64,6.83
9/30/2023,3508.62,37.24,311.26,6.55
10/1/2023,3490.32,38.42,311.6,7.83
10/2/2023,3497.95,39.12,314.28,1.74
10/3/2023,3479.62,39.24,314.13,4.63
10/4/2023,3476.39,39.39,311.9,6.25
10/5/2023,3481.27,39.37,311.68,2.17
10/6/2023,3483.62,38.5,310.85,4.37
10/7/2023,3488.37,38.51,313.8,8.1
10/8/2023,3491.1,39.12,316.24,4.55
10/9/2023,3504.39,38.82,316.56,8.4
10/10/2023,3495.36,39.02,314.1,1.9
10/11/2023,3489.09,39.45,311.75,6.52
10/12/2023,3481.87,39,311.88,5.57
10/13/2023,3490.67,38.77,312.65,5
10/14/2023,3500.17,38.26,312,8.3
10/15/2023,3505.18,37.85,311.14,2.41
10/16/2023,3517.52,37.21,310.06,7.77
10/17/2023,3506.24,36.76,310.11,6.34
10/18/2023,3523.41,37.47,305.44,3.31
10/19/2023,3539.14,37.01,303.34,7.81
10/20/2023,3547,37.07,302.19,4.51
10/21/2023,3565.32,36.82,304.7,7.2
10/22/2023,3549.25,37.41,303.17,4.22
10/23/2023,3544.51,38.06,303.63,7.46
10/24/2023,3537.65,38.5,304.19,5.96
10/25/2023,3545.37,38.65,306.88,2.49
10/26/2023,3535.37,38.53,309.51,6.05
10/27/2023,3543.44,37.94,309.49,2.84
10/28/2023,3557.65,38.91,308.64,4.38
10/29/2023,3565.1,38.53,307.42,2.69
10/30/2023,3568.44,38.86,307.03,1.65
10/31/2023,3559.06,39.39,306.27,2.98
11/1/2023,3551.09,39.11,307.47,5.25
11/2/2023,3564.09,39.63,308.41,4.87
11/3/2023,3572.38,40.02,309.7,5.01
11/4/2023,3572.49,40.88,312.32,3.23
11/5/2023,3568.81,40.64,316.14,6.3
11/6/2023,3549.05,40,316.49,6.43
11/7/2023,3538.84,39.75,318.79,4.01
11/8/2023,3558.46,39.85,318.19,7.67
11/9/2023,3546.15,39.88,320.66,6.01
11/10/2023,3548.55,39.69,322.88,6.49
11/11/2023,3559.12,38.73,325,3.44
11/12/2023,3547.07,38.97,325.28,1.5
11/13/2023,3549.42,39.95,324.05,7.56
11/14/2023,3559.3,40.18,321.36,7.26
11/15/2023,3559.92,40.49,321.38,2.36
11/16/2023,3589.11,40.78,324.54,4.12
11/17/2023,3572.92,40.97,324.02,6.13
11/18/2023,3584.01,41.44,325.69,6.06
11/19/2023,3582.78,41.64,327.48,7.52
11/20/2023,3591,41.48,327.02,2.48
11/21/2023,3595.91,41.08,329.75,4.51
11/22/2023,3589.08,40.96,324.03,2.18
11/23/2023,3591.87,41.12,321.69,4.23
11/24/2023,3573.79,40.96,319.95,1.61
11/25/2023,3580.33,41.11,318.41,7.79
11/26/2023,3583.81,41.33,319.19,5.19
11/27/2023,3590.69,41.75,319.87,7.45
11/28/2023,3601.78,42.39,320.75,1.92
11/29/2023,3605.95,42.43,322.05,3.09
11/30/2023,3607.93,41.78,320.25,3.32
12/1/2023,3599.62,41.6,317.91,4.21
12/2/2023,3593,41.63,318.8,7.12
12/3/2023,3605.37,40.71,317.64,4.21
12/4/2023,3620.23,41.4,314.6,2.93
12/5/2023,3618.35,41.47,316.64,1.95
12/6/2023,3619.31,41.67,319.53,2.06
12/7/2023,3610.76,42.35,322.75,6.82
12/8/2023,3622.99,42.03,323.22,4.61
12/9/2023,3630.14,42.32,324.57,6.58
12/10/2023,3650.06,42.27,327.41,6.28
12/11/2023,3641.77,42.17,326.23,2.45
12/12/2023,3638.49,41.79,328.55,2.5
12/13/2023,3641.31,42.62,329.2,6.79
12/14/2023,3648.27,42.43,331.13,6.55
12/15/2023,3646.62,42.78,331.6,4.15
12/16/2023,3638.39,41.84,334.3,2.04
12/17/2023,3647.7,42.43,334.84,1.58
12/18/2023,3655.41,42.96,331.98,3.52
12/19/2023,3646.75,43.01,334.98,1.56
12/20/2023,3660.8,42.9,333.18,3.11
12/21/2023,3673.01,43.1,335.79,4.44
12/22/2023,3674.85,44.24,335.71,2.35
12/23/2023,3676.14,43.36,338.16,2.23
12/24/2023,3682.19,43.75,340.53,7.78
12/25/2023,3674.07,43.29,341.49,5.6
12/26/2023,3674.87,43.28,342.61,8.04
12/27/2023,3653.84,43.16,343.55,3.92
12/28/2023,3663.11,42.95,339.63,6.24
12/29/2023,3647.99,42.94,339.96,2.93
12/30/2023,3663.53,42.37,337.83,5.83
12/31/2023,3660.73,42.89,338.27,2.41
1/1/2024,3659.11,41.99,336.09,1.51
1/2/2024,3653.33,42.26,333.82,8.02
1/3/2024,3650.95,42.1,337.13,5.38
1/4/2024,3665.64,41.51,339.37,7.99
1/5/2024,3641.26,41.61,339.46,3.84
1/6/2024,3654.53,40.83,339.93,3.79
1/7/2024,3658.41,40.85,339.53,4.3
1/8/2024,3646.84,40.14,340.77,6.44
1/9/2024,3636.59,40.37,339.52,5.46
1/10/2024,3653.85,39.91,341.61,7.98
1/11/2024,3644.9,39.69,341.2,1.68
1/12/2024,3633.86,39.83,340.46,6.46
1/13/2024,3645.74,39.45,340.6,3.81
1/14/2024,3649.62,39.42,339.52,2.76
1/15/2024,3640.74,38.66,340.28,5.07
1/16/2024,3643.41,38.98,339.3,5.04
1/17/2024,3633.65,39.86,340.34,2.46
1/18/2024,3645.16,41.25,342.87,2.91
1/19/2024,3656.27,41.3,341.53,4.36
1/20/2024,3662.09,41.69,341.37,4.36
1/21/2024,3666.21,40.8,342.4,3.72
1/22/2024,3684.32,41.56,341.62,2.54
1/23/2024,3684.82,41.94,342.65,1.53
1/24/2024,3673.5,41.7,343.86,8.29
1/25/2024,3678.49,42.32,346.13,8.1
1/26/2024,3699.85,42.19,345.02,4.89
1/27/2024,3690.21,41.96,343.23,8.47
1/28/2024,3687.09,42.2,342.72,6.22
1/29/2024,3691.76,41.67,340.88,1.98
1/30/2024,3691.72,42.18,342.11,2.32
1/31/2024,3682.39,41.65,339.89,7.91
2/1/2024,3694.11,41.13,344.65,5.91
2/2/2024,3717.81,40.67,347.35,7.4
2/3/2024,3720.27,41.05,347.47,7.79
2/4/2024,3711.73,40.74,349.31,4.64
2/5/2024,3696.74,40.07,346.13,1.84
2/6/2024,3699.82,39.77,351.28,2.82
2/7/2024,3711.36,39.75,350.2,1.97
2/8/2024,3716.61,39.16,350.06,2.82
2/9/2024,3717.09,38.59,346.45,4.37
2/10/2024,3711.7,39.64,347.52,2.33
2/11/2024,3701.28,39.21,345.41,2.67
2/12/2024,3710.12,39.05,345.71,4.62
2/13/2024,3719.76,38.87,344.72,3.88
2/14/2024,3704.8,38.65,342.66,4.77
2/15/2024,3721.2,38.97,341.16,4.5
2/16/2024,3727.44,39.44,341.71,6.01
2/17/2024,3741.94,39.29,339.24,8.06
2/18/2024,3729.02,38.67,337.85,2.26
2/19/2024,3715.86,39.31,339.27,2.19
2/20/2024,3714.87,39.26,344.58,7.47
2/21/2024,3720.4,40.12,345.63,5.04
2/22/2024,3738.86,39,343.9,6.86
2/23/2024,3746.42,39.1,343.26,3.01
2/24/2024,3744.5,40.06,343.43,7.3
2/25/2024,3734.73,39.88,342.83,7.97
2/26/2024,3747.53,39.77,344.74,5.95
2/27/2024,3738.38,39.92,345.27,2.24
2/28/2024,3755.17,39.64,347.19,7.77
2/29/2024,3752.83,39.48,346.66,7.05
3/1/2024,3769.23,39.31,349.41,6.76
3/2/2024,3776.52,39,349.18,1.76
3/3/2024,3775.65,39.61,347.33,7.09
3/4/2024,3770.96,39.84,351.79,2.47
3/5/2024,3768.05,39.97,348.24,3.06
3/6/2024,3772.83,40.37,346.86,5.54
3/7/2024,3774.1,40.24,345.71,3.35
3/8/2024,3768.66,39.85,350.82,6.13
3/9/2024,3767.51,39.55,354.54,5.76
3/10/2024,3768.79,39.55,357.62,2.26
3/11/2024,3748.01,39.02,357.06,6.09
3/12/2024,3753.09,38.77,362.02,7.97
3/13/2024,3743.79,38.51,362.85,2.63
3/14/2024,3732.76,39.58,364.91,5.68
3/15/2024,3716.38,38.19,365.37,3.89
3/16/2024,3698.94,38.1,365.37,4.72
3/17/2024,3685.89,38.96,364.96,3.51
3/18/2024,3679.3,39.02,364.64,3.98
3/19/2024,3699.33,39.4,365.96,1.7
3/20/2024,3694.57,39.45,366.8,8.37
3/21/2024,3696.85,39.12,366.83,5.87
3/22/2024,3701.36,38,369.95,5
3/23/2024,3703.17,38.1,364.12,4.19
3/24/2024,3702.89,37.71,365.24,5.28
3/25/2024,3691.44,37.31,366.77,4.16
3/26/2024,3706.45,37.06,369.17,4.02
3/27/2024,3725.02,37.93,369.14,4.75
3/28/2024,3708.69,39.14,369.65,3.43
3/29/2024,3698.95,39.24,371.73,2.76
3/30/2024,3696.66,39.01,374.81,5.4
3/31/2024,3687.51,38.42,374.31,7.4
4/1/2024,3693.07,38.66,374.94,2.57
4/2/2024,3686.29,39.55,378.4,1.73
4/3/2024,3708.44,39.43,374.25,3.23
4/4/2024,3720.84,38.24,372.97,8.36
4/5/2024,3723.47,38.57,376,7.3
4/6/2024,3734.24,39.06,378.29,5.67
4/7/2024,3745.8,38.27,379.43,8
4/8/2024,3740.66,38.36,378.63,4.62
4/9/2024,3733,38.58,376.97,8.38
4/10/2024,3734.28,38.55,375.89,3.57
4/11/2024,3743.39,38.15,379.08,3.18
4/12/2024,3745.28,38.66,377.93,5.97
4/13/2024,3730.01,38.46,378.23,4.15
4/14/2024,3722.49,37.72,376.82,5.88
4/15/2024,3722.25,36.69,378.61,3.63
4/16/2024,3721.99,37.32,377.63,5.83
4/17/2024,3742.22,37.63,377.54,3.43
4/18/2024,3728.86,37.67,374.27,1.86
4/19/2024,3734.41,37.45,371.14,7.88
4/20/2024,3749.8,37.19,371.26,7.68
4/21/2024,3773.02,36.65,368.71,8.3
4/22/2024,3769.47,36.44,373.02,6.52
4/23/2024,3774.89,35.38,368.99,6.28
4/24/2024,3781.09,35.01,367.49,5.41
4/25/2024,3783.54,34.85,367.63,2.38
4/26/2024,3783.05,35.16,367,2.82
4/27/2024,3787.91,35.14,364.89,3.53
4/28/2024,3763.09,35.54,363.07,7.73
4/29/2024,3770.41,36.21,361.19,2.71
4/30/2024,3772.17,36.74,360.72,7.96
5/1/2024,3770.45,36.97,364.72,5.16
5/2/2024,3791.42,36.98,364.98,6.51
5/3/2024,3785.17,36.49,367.44,2.27
5/4/2024,3781.64,36.86,368.56,3.38
5/5/2024,3802.05,37.7,370.88,8.21
5/6/2024,3794.23,37.87,365.39,3.36
5/7/2024,3789.23,38.83,364.88,3.58
5/8/2024,3788.26,38.07,367.59,2.88
5/9/2024,3797.17,37.49,366.55,2.4
5/10/2024,3799.74,37.92,370.17,3.13
5/11/2024,3787.32,38.05,373.24,6
5/12/2024,3782.5,38.71,372.4,4.69
5/13/2024,3776.92,38.7,371.5,5.38
5/14/2024,3776.65,38.26,369.57,2.36
5/15/2024,3781.41,38.16,368.41,7.11
5/16/2024,3786.09,37.39,366.04,6.99
5/17/2024,3768.83,36.83,367,1.65
5/18/2024,3779.97,37.31,364.19,4.18
5/19/2024,3783,37.75,365.5,1.98
5/20/2024,3797.34,37.93,366.85,7.04
5/21/2024,3802.28,37.07,363.63,6.66
5/22/2024,3813.8,36.89,366.83,7.81
5/23/2024,3818.96,36.28,367.96,3.15
5/24/2024,3832.92,36.87,369.56,4.69
5/25/2024,3838.65,36.57,368.14,2.79
5/26/2024,3838.17,36.03,369.48,4.1
5/27/2024,3861.39,36.05,371.84,5.16
5/28/2024,3870.78,35.73,371.74,1.87
5/29/2024,3877.02,36.47,375.84,6.5
5/30/2024,3864.76,36.1,376.03,5.3
5/31/2024,3852.37,35.4,378.41,7.3
6/1/2024,3855.8,34.33,379.1,3.4
6/2/2024,3857.76,34.31,380.37,7.82
6/3/2024,3852.11,34.03,377.13,8.49
6/4/2024,3854.02,33.31,377.97,7.94
6/5/2024,3870.41,33.91,376.6,6.95
6/6/2024,3877.86,34.24,375.01,7.19
6/7/2024,3866.95,34.23,378.6,5.52
6/8/2024,3866.34,34.91,378.27,2.83
6/9/2024,3858.79,35.24,376.36,6.24
6/10/2024,3855.41,34.83,375.74,6.49
6/11/2024,3851.78,34.31,373.24,8.4
6/12/2024,3847.5,34.72,376.21,5.29
6/13/2024,3835.45,34.92,374.92,3.4
6/14/2024,3834.67,35,376.08,6.29
6/15/2024,3829.57,34.58,378.89,8.36
6/16/2024,3800.77,34.88,377.99,2.74
6/17/2024,3821.8,34.51,379.15,3.78
6/18/2024,3833.19,34.46,377.19,5.29
6/19/2024,3829.93,35.18,382.18,2.69
6/20/2024,3830.61,34.85,384.16,1.66
6/21/2024,3819.4,34.06,383.87,3.86
6/22/2024,3836.85,33.54,382.43,7.56
6/23/2024,3856.33,34.03,382.3,1.8
6/24/2024,3858.39,34.16,381.72,4.5
6/25/2024,3869.13,34.1,385.72,6.84
6/26/2024,3871.38,33.84,383.37,8.17
6/27/2024,3858.52,34.08,383.74,8.4
6/28/2024,3854.9,33.66,383.81,4.45
6/29/2024,3856.72,33.81,383.67,8.15
6/30/2024,3852.67,33.45,383.55,1.75
7/1/2024,3850.98,33,383.42,6.72
7/2/2024,3850.57,32.68,385.27,6
7/3/2024,3850.26,32.49,386.59,3.25
7/4/2024,3851.28,32.47,387.52,5.05
7/5/2024,3841.18,32.58,381.56,2.41
7/6/2024,3834.51,30.74,382.26,7.6
7/7/2024,3822.16,30.34,379.04,4.01
7/8/2024,3832.44,30.14,380.44,5.88
7/9/2024,3811.88,30.89,383.49,2.61
7/10/2024,3823.92,30.35,381.73,2.94
7/11/2024,3838.28,30.43,381.31,8.44
7/12/2024,3835.76,31.18,380.21,6.77
7/13/2024,3810.23,30.53,382.78,8.23
7/14/2024,3807.12,30.72,383.07,3.57
7/15/2024,3806.98,30.32,386.63,2.65
7/16/2024,3797.37,30.07,387.56,5.02
7/17/2024,3792.72,29.67,388.14,4.96
7/18/2024,3808.52,29.3,388.38,2.72
7/19/2024,3815.67,30.66,390.11,6.63
7/20/2024,3806.92,31.08,386.74,4.03
7/21/2024,3791.45,31.64,387.01,2.8
7/22/2024,3788.68,31.88,386.97,3.82
7/23/2024,3787.04,31.08,388.52,5.45
7/24/2024,3792.5,31.28,388.24,6.59
7/25/2024,3787.65,31.81,386.27,4.87
7/26/2024,3793.27,31.39,386.38,5.18
7/27/2024,3813.12,31.87,384.32,2.47
7/28/2024,3821.77,32.22,380.56,7.9
7/29/2024,3821.79,33.15,382.12,8
7/30/2024,3820.46,32.94,383.38,6.28
7/31/2024,3817.39,32.39,384.41,1.62
8/1/2024,3829.7,32.21,387.12,5.26
8/2/2024,3823.93,32.93,385.89,5.9
8/3/2024,3824.88,32.01,383.12,8.46
8/4/2024,3825.89,30.98,383.08,8.47
8/5/2024,3821.37,31.02,382.49,7.5
8/6/2024,3808.15,30.8,380.91,1.95
8/7/2024,3811.88,30.8,380.85,8.17
8/8/2024,3811.77,31.28,379.72,5.79
8/9/2024,3817.27,31,376.15,7.11
8/10/2024,3812.43,30.06,375.37,4.35
8/11/2024,3825.14,31.09,373.2,3.74
8/12/2024,3816.87,30.59,373.76,4.74
8/13/2024,3834.5,30.06,372.55,2.53
8/14/2024,3817.52,30.61,374.87,4
8/15/2024,3822.37,30.42,378.18,7.5
8/16/2024,3827.62,30.39,379.64,1.77
8/17/2024,3820.17,30.63,376.63,2.56
8/18/2024,3824.91,31.17,379.74,2.38
8/19/2024,3838.2,31,383,4.32
8/20/2024,3816.54,31.76,383.13,8.48
8/21/2024,3822.06,30.7,385.88,2.71
8/22/2024,3797.63,31.07,384.88,2.52
8/23/2024,3788.47,30.66,381.24,7.91
8/24/2024,3805.27,31.34,379.82,7.67
8/25/2024,3799.95,31.41,383.38,1.73
8/26/2024,3788.71,31.08,380.5,6.76
8/27/2024,3787.23,31.41,380.6,6.09
8/28/2024,3808.41,31.85,380.77,6.87
8/29/2024,3790.59,32.17,379.84,4.96
8/30/2024,3780.58,31.66,379.05,8.44
8/31/2024,3796.05,31.42,379.3,1.81
9/1/2024,3815.13,31.42,378.27,3.14
9/2/2024,3814.6,31.4,375.53,4.28
9/3/2024,3802.71,31.77,376.06,4.65
9/4/2024,3824.16,30.76,378.31,7.95
9/5/2024,3840.61,30.93,380.15,5.42
9/6/2024,3847.9,30.78,378.63,1.82
9/7/2024,3840.27,30.37,376.22,4.36
9/8/2024,3840.28,29.99,375.76,4.42
9/9/2024,3839.18,29.89,378.99,8.26
9/10/2024,3842.99,28.09,380.38,5.69
9/11/2024,3858,27.74,381.89,5.95
9/12/2024,3867.29,27.3,383.77,6.49
9/13/2024,3857.02,27.56,384.71,6.89
9/14/2024,3871.28,27.16,385.05,5.95
9/15/2024,3874.92,27.05,386.48,3.16
9/16/2024,3882.29,27.83,385.48,7.62
9/17/2024,3897.45,28.32,382.76,6.62
9/18/2024,3886.84,28.77,384.3,6.69
9/19/2024,3886.98,28.52,386.88,8.48
9/20/2024,3882.16,28.8,384.74,7.12
9/21/2024,3866.98,28.68,386.48,7.3
9/22/2024,3870.95,28.58,389.95,8.16
9/23/2024,3896.57,28.78,390.04,2.56
9/24/2024,3878.67,28.49,388.51,4.98
9/25/2024,3878.84,29.23,388.85,5.56
9/26/2024,3885.75,29.15,387.85,3.8
9/27/2024,3887.48,29.46,386.72,7.38
9/28/2024,3886.85,30.19,387.68,6.84
9/29/2024,3874.36,30.71,384.58,6.55
9/30/2024,3877.18,30,381.79,8.48
10/1/2024,3870.12,30.22,381.93,3.32
10/2/2024,3848.72,30.65,381.98,6.65
10/3/2024,3861.16,31.1,382.77,5.36
10/4/2024,3871.25,30.54,386.62,3.69
10/5/2024,3872.26,30.21,386.93,2.62
10/6/2024,3875.05,30.71,388.23,7.77
10/7/2024,3886.3,30.33,386.37,5.67
10/8/2024,3889.04,30.18,388.01,7.27
10/9/2024,3898.58,30.96,387.06,5.32
10/10/2024,3896.11,30.94,387.3,3.04
10/11/2024,3909.73,30.58,387.18,3.86
10/12/2024,3913.43,30.14,389.35,4.17
10/13/2024,3915.87,30.3,386.83,8.31
10/14/2024,3903.67,29.64,382.36,1.54
10/15/2024,3907.04,29.51,382.04,8.4
10/16/2024,3899.22,29.68,383.07,8.36
10/17/2024,3893.34,30.33,383.48,8.47
10/18/2024,3885.69,30.66,386.04,4.84
10/19/2024,3875.52,30.31,387.02,8.25
10/20/2024,3897.27,30.9,385.99,4.27
10/21/2024,3911.09,30.75,381.44,1.68
10/22/2024,3930.79,30.13,381.06,3.07
10/23/2024,3919.06,30.04,383.22,8.12
10/24/2024,3920.27,30.76,382.53,1.6
10/25/2024,3907.84,30.84,382.69,5.32
10/26/2024,3901.38,30.85,383.63,2.03
10/27/2024,3892.7,31.67,381.7,3.5
10/28/2024,3905.6,30.95,383.05,2.12
10/29/2024,3902.13,30.31,386.42,7.52
10/30/2024,3913.32,29.5,386.18,5.64
10/31/2024,3919.86,29.69,384.02,7.81
11/1/2024,3943.39,29.77,383.99,6.32
11/2/2024,3929.1,30.54,379.64,8.3
11/3/2024,3942.19,30.67,380.41,5.07
11/4/2024,3954.16,30.46,381.42,5.97
11/5/2024,3944.92,30.46,384.87,5.53
11/6/2024,3955.49,30.52,384.58,4.89
11/7/2024,3959.36,29.69,385.5,7.42
11/8/2024,3957.58,31.04,383.87,6.01
11/9/2024,3949.84,31.3,383.26,7.11
11/10/2024,3943.15,31.41,380.31,7
11/11/2024,3964.15,31.72,380.02,2.84
11/12/2024,3964.66,32.07,379.51,6.05
11/13/2024,3972.98,32,380.21,2.9
11/14/2024,3965.57,31.68,379.06,5.58
11/15/2024,3958.27,31.98,379.33,6.24
11/16/2024,3969.59,32.18,378.76,8.48
11/17/2024,3956.59,31.77,378.2,1.71
11/18/2024,3952.94,32.48,378.46,2.14
11/19/2024,3953.78,32.63,378.64,2.04
11/20/2024,3955.4,32.99,380.26,4.29
11/21/2024,3954.1,33.69,380.12,7.25
11/22/2024,3958.56,33.7,379.52,7.41
11/23/2024,3965.99,33.86,379.26,6.66
11/24/2024,3973.84,34.26,377.93,7.78
11/25/2024,3964.48,33.9,377.31,3.76
11/26/2024,3962.14,33.93,381.47,2.12
11/27/2024,3974.59,33.99,379.75,1.91
11/28/2024,3984.03,33.51,379.29,7.46
11/29/2024,3970.8,34.67,378.62,6.61
11/30/2024,3974.82,33.97,378.22,6.39
12/1/2024,3955.54,33.32,377.66,3.88
12/2/2024,3956.51,33.98,378.32,4.16
12/3/2024,3975.98,34.33,375,8.21
12/4/2024,3967,33.82,377.17,1.95
12/5/2024,3959.16,34.12,378.54,6.92
12/6/2024,3967.3,34.86,376.15,3.67
12/7/2024,3952.37,34.84,371.71,1.77
12/8/2024,3946.55,36.14,369.86,6.7
12/9/2024,3953.01,35.28,369.47,3.82
12/10/2024,3947.17,35.63,374.73,6.56
12/11/2024,3945.31,36.21,375.92,6.45
12/12/2024,3953.25,36.66,372.41,5.24
12/13/2024,3957.97,36.55,371.13,6.94
12/14/2024,3961.13,36.41,371.12,5.57
12/15/2024,3958.24,36.63,371.73,3.51
12/16/2024,3962.44,37.04,369.2,6.64
12/17/2024,3961.71,37.34,369.03,5.62
12/18/2024,3966.78,37.86,367.69,1.59
12/19/2024,3962.31,37.35,365.58,7.81
12/20/2024,3960.99,37.24,366.2,5.32
12/21/2024,3951.59,36.77,367.85,7.58
12/22/2024,3951.74,36.57,369.63,7.68
12/23/2024,3944.13,37.08,370.88,4.61
12/24/2024,3933.49,37.13,369.99,5.05
12/25/2024,3936.57,38.44,371.52,4.41
12/26/2024,3939.2,38.53,372.23,4.65
12/27/2024,3947.53,38.56,372.6,7.77
12/28/2024,3943.72,38.62,371.48,7.02
12/29/2024,3948.3,38.3,370.59,2.39
12/30/2024,3954.31,38.27,370.83,5.77
12/31/2024,3959.26,38.83,375.81,8.47
1/1/2025,3951.5,38.89,376.52,5.67
1/2/2025,3953.49,38.49,375.39,7
1/3/2025,3957.63,38.03,373.83,6.88
1/4/2025,3958.21,37.81,372.95,3.95
1/5/2025,3937.84,37.84,377.4,4.1
1/6/2025,3939.95,38.44,376.7,6.57
1/7/2025,3962.57,37.77,378.61,5
1/8/2025,3959.47,37.61,377.96,5.49
1/9/2025,3952.69,37.68,378.59,6.49
1/10/2025,3956.92,36.76,380.27,6.94
1/11/2025,3960.55,36.35,379.23,3.4
1/12/2025,3972.98,36.01,378.04,2.53
1/13/2025,3960.9,35.61,381.46,3.54
1/14/2025,3968.71,35.71,383.53,5.05
1/15/2025,3975.11,35.63,385.21,3.89
1/16/2025,3974.19,35.35,386.89,5.48
1/17/2025,3978.08,35.56,387.9,1.87
1/18/2025,3988.87,36.42,392.04,5.07
1/19/2025,3998.1,37.24,392.23,4.08
1/20/2025,3987.17,36.28,393.48,5.24
1/21/2025,3995.87,36.57,390.68,4.46
1/22/2025,3995.72,36.48,389.13,3.49
1/23/2025,3996.95,36.56,386.83,7.83
1/24/2025,3998.18,36.36,389.48,2.79
1/25/2025,3997.18,36.42,384.47,6.27
1/26/2025,4009.6,36.49,383.77,7.97
1/27/2025,4009.26,36.2,377.88,5.27
1/28/2025,3998.56,35.76,376.32,7.63
1/29/2025,3995.13,35.53,375.44,2.37
1/30/2025,3997.42,35.65,378.31,4.96
1/31/2025,4010.21,35.95,379.2,4.7
2/1/2025,4016.74,36.38,377.63,1.56
2/2/2025,4008.73,36.13,379.86,4.6
2/3/2025,4034.09,36.27,380,4.08
2/4/2025,4037.23,36.75,380.18,6.19
2/5/2025,4050.49,37.33,377.87,8.07
2/6/2025,4049.47,37.3,375.99,2.1
2/7/2025,4055.3,37.19,374.44,3.79
2/8/2025,4064.2,37.29,374.63,4.61
2/9/2025,4076.88,36.72,374.89,4.69
2/10/2025,4087.95,36.62,378.08,6.92
2/11/2025,4097.18,36.99,378.95,4.6
2/12/2025,4094.53,37.31,373.63,1.69
2/13/2025,4089.31,37.18,374.26,6.47
2/14/2025,4093.13,37.29,371.46,7.69
2/15/2025,4102.97,36.87,369.62,5.1
2/16/2025,4101.24,37.22,368.1,5.57
2/17/2025,4112.39,37.19,366.87,2.64
2/18/2025,4127.42,37.05,364.22,3.04
2/19/2025,4118.75,36.87,364.73,3.15
2/20/2025,4110.88,36.84,362.01,4.52
2/21/2025,4109.98,36.61,362.82,8
2/22/2025,4113.56,36.94,367.4,5.15
2/23/2025,4108.81,36.74,364.84,2.84
2/24/2025,4122.83,37.54,364.37,3.36
2/25/2025,4127.57,38.27,359.42,4.19
2/26/2025,4128.47,37.83,358.92,5.86
2/27/2025,4114.61,37.86,360.31,4.58
2/28/2025,4101.95,37.54,361.85,4.25
3/1/2025,4105.26,37.37,362.1,5.45
3/2/2025,4084.43,38.37,363.98,3.19
3/3/2025,4095.06,38.22,369.17,2.05
3/4/2025,4093.98,38.4,372.7,1.67
3/5/2025,4126.91,38.67,371.75,3.26
3/6/2025,4150.49,38.17,368.95,2.14
3/7/2025,4149.17,37.74,368.24,3.85
3/8/2025,4148.61,37.14,366.44,6.91
3/9/2025,4159.07,36.7,367.45,6.51
3/10/2025,4176.6,35.27,365.18,5.78
3/11/2025,4160.72,35.54,365.14,7.47
3/12/2025,4143.36,36.57,366.91,3.47
3/13/2025,4137.63,36.65,366.81,7.7
3/14/2025,4143.96,35.94,365.02,4.29
3/15/2025,4149.43,35.62,367.47,4.31
3/16/2025,4160.63,35.39,363.81,4.34
3/17/2025,4149.13,34.88,363.26,2.19
3/18/2025,4126.47,35.31,363.27,8.33
3/19/2025,4135.55,35.71,363.4,2.47
3/20/2025,4127.77,35.13,363.87,3.89
3/21/2025,4108.08,35.5,365.19,3.74
3/22/2025,4110.03,36.26,365.22,2.02
3/23/2025,4118.47,37.21,364.58,2.57
3/24/2025,4117.75,38.64,363.86,1.81
3/25/2025,4113.67,38.19,362.74,3.55
3/26/2025,4112.57,39.61,364.42,7.57
3/27/2025,4109.37,39.43,363.22,3.88
3/28/2025,4096.39,39.13,365.02,2.37
3/29/2025,4089.74,39.3,365.15,6.02
3/30/2025,4095.45,39.01,364.21,8.48
3/31/2025,4099.17,39.2,365.55,3.13
4/1/2025,4101.35,38.54,364.19,3.46
4/2/2025,4091.9,38.43,365.57,8.3
4/3/2025,4090.58,39.07,366.1,2.75
4/4/2025,4069.31,39.04,365,5.08
4/5/2025,4071.6,39.11,366.16,3.18
4/6/2025,4086.39,39.35,367.35,8.03
4/7/2025,4072.15,39.93,369.77,8.37
4/8/2025,4066.79,39.11,371.8,7.2
4/9/2025,4070.58,39.4,372.88,3.7
4/10/2025,4083.61,39.26,370.73,4.32
4/11/2025,4079.62,39.35,375.73,3.2
4/12/2025,4073.2,39.88,373.02,7.74
4/13/2025,4054.01,39.28,375.02,7.9
4/14/2025,4055.55,38.77,375.98,4.43
4/15/2025,4076.47,37.81,373.73,6.1
4/16/2025,4079.74,37.53,373.58,2.66
4/17/2025,4080.02,38.2,373.52,4.54
4/18/2025,4083.74,38.14,376.24,5.92
4/19/2025,4084.13,37.47,374.91,4.2
4/20/2025,4076.5,37.22,374.49,4
4/21/2025,4085.23,36.48,369.91,1.51
4/22/2025,4087.99,35.92,373.48,7.13
4/23/2025,4088.66,36.11,371.44,7.73
4/24/2025,4079.41,35.52,372.2,8.29
4/25/2025,4092.95,36.08,372.09,6.53
4/26/2025,4100.09,36.05,372,5.34
4/27/2025,4095.06,36.09,373.72,3.38
4/28/2025,4105.58,35.95,377.16,8.5
4/29/2025,4101.11,36.34,377.76,5.63
4/30/2025,4093.79,36.73,379.17,6.27
5/1/2025,4086.69,36.89,379.93,6.28
5/2/2025,4069.48,37.18,382.07,7.42
5/3/2025,4074.69,37.07,381.24,1.57
5/4/2025,4056.88,37.34,383.49,3.04
5/5/2025,4045.1,37.17,385.81,6.16
5/6/2025,4024.84,37.17,388.08,7.77
5/7/2025,4024.48,37.04,386.86,6.3
5/8/2025,4023.48,36.81,386.62,4.39
5/9/2025,4020.71,36.46,387.2,4.03
5/10/2025,4010.78,36.7,384.56,6.67
5/11/2025,3999.56,37.35,387.85,6.69
5/12/2025,4004.71,37.94,387.92,5.75
5/13/2025,3999.7,37.31,388.59,3.54
5/14/2025,4003.36,37.95,387.54,7.98
5/15/2025,3995.01,37.8,384.98,5.36
5/16/2025,3997.32,38.1,383.87,7.03
5/17/2025,4010.85,37.64,384.41,3
5/18/2025,4017.22,37.71,385.86,3.91
5/19/2025,4013.59,37.87,386.28,7.62
5/20/2025,4016.66,37.13,387.08,1.85
5/21/2025,4014.76,37.43,386.5,5.09
5/22/2025,4015.34,38.11,387.59,4.87
5/23/2025,4012.58,38.02,390.66,6.76
5/24/2025,4011.44,38.7,392.17,3.47
5/25/2025,4014.06,38.6,393.89,3.03
5/26/2025,4004.62,39.03,394.58,7.98
5/27/2025,3994.97,37.92,391.67,5.5
5/28/2025,3981.58,39.13,389.68,2.23
5/29/2025,3966.08,39.88,390.69,2.85
5/30/2025,3954.4,39.73,390.77,8.49
5/31/2025,3956.5,38.75,391.75,2.87
6/1/2025,3948.07,38.89,395.2,5.77
6/2/2025,3953.71,38.17,396.75,4.44
6/3/2025,3954.55,38.39,399.37,7.7
6/4/2025,3935.37,38.6,399.66,6.79
6/5/2025,3942.42,38.13,398.15,5.68
6/6/2025,3951.03,38.69,398.13,1.58
6/7/2025,3941.59,39.09,396.62,7.66
6/8/2025,3946.29,39.58,399.84,4.61
6/9/2025,3938.23,39.58,401.52,8.02
6/10/2025,3939.7,38.87,402.66,4.97
6/11/2025,3927.56,39.36,405.23,6.36
6/12/2025,3910.13,39.23,401.29,1.99
6/13/2025,3906.8,38.53,402.57,6.72
6/14/2025,3906.06,39.21,400.05,3.87
6/15/2025,3902.58,40.26,400.13,3.96
6/16/2025,3891.24,40.24,399.61,2.33
6/17/2025,3887.74,41.32,401.03,2.53
6/18/2025,3890.94,41.36,401.59,2.8
6/19/2025,3890.99,41.17,404.38,3.8
6/20/2025,3893.31,40.86,403.27,7.74
6/21/2025,3887.11,41.68,404.79,4.08
6/22/2025,3899.33,41.29,405.22,6.57
6/23/2025,3888.07,41.65,402.05,2.08
6/24/2025,3893.44,41.38,400.31,5.64
6/25/2025,3905.76,41.14,400.11,4.87
6/26/2025,3911.07,41.66,402.43,8.35
6/27/2025,3909.55,41.47,403.46,7.42
6/28/2025,3904.76,41.27,401.23,4.68
6/29/2025,3915.62,41.83,401.05,6.93
6/30/2025,3901.89,42.63,405.18,2.85
7/1/2025,3892.69,42.96,405.5,5.44
7/2/2025,3889.22,42.63,404.95,2.02
7/3/2025,3902.09,42.37,406.03,3.94
7/4/2025,3906.39,42.41,407.66,3.08
7/5/2025,3897.21,42.57,406.85,6.53
7/6/2025,3894.61,42.08,407.95,4.93
7/7/2025,3888.97,42.44,407.39,6.76
7/8/2025,3882.37,42.48,408.93,5.11
7/9/2025,3892.66,41.63,409.37,2.11
7/10/2025,3879.44,41.16,410.44,6.65
7/11/2025,3896.03,40.91,409.02,7.33
7/12/2025,3904.81,40.87,407.48,7.82
7/13/2025,3916.22,41.82,409.47,5.5
7/14/2025,3912.09,41.94,409.41,6.78
7/15/2025,3911.09,41.52,410.08,6.76
7/16/2025,3897.26,41.63,409.57,2.59
7/17/2025,3892.51,41.45,411.46,2.65
7/18/2025,3897.95,41.61,410.35,2
7/19/2025,3911.41,41.9,410.18,3.74
7/20/2025,3900.84,42.51,411.85,4.81
7/21/2025,3897.68,42.5,414.29,8.49
7/22/2025,3896.67,43.31,413.35,4.52
7/23/2025,3883.21,43.77,417.37,6.58
7/24/2025,3889.62,43.41,418.09,6.35
7/25/2025,3882.88,44.52,416.11,2.93
7/26/2025,3881.43,44.68,416.94,1.91
7/27/2025,3877.41,44.27,416.28,5.32
7/28/2025,3870.02,45.09,417.25,6.4
7/29/2025,3870.45,46.13,417.26,8.49
7/30/2025,3868.79,46.11,417.51,4.01
7/31/2025,3865.57,45.86,415.79,7.77
8/1/2025,3858.79,45.78,417.87,4.17
8/2/2025,3862.48,46.13,415.65,6.33
8/3/2025,3879.52,46.77,413.54,5.69
8/4/2025,3881.42,47.06,414.37,1.87
8/5/2025,3891.88,47.11,417.68,2.05
8/6/2025,3878.48,47.86,417.07,1.65
8/7/2025,3880.55,47.7,418.57,4.1
8/8/2025,3870.08,48.22,420.82,6.72
8/9/2025,3855.81,48.07,422.55,2.71
8/10/2025,3848.92,48.29,422.03,5.74
8/11/2025,3861.34,48.23,419.95,3.52
8/12/2025,3871.34,48.2,415.63,7.08
8/13/2025,3874.27,48.02,415.2,7.09
8/14/2025,3859.44,48.69,417.66,6.93
8/15/2025,3857.98,48.32,415.51,5.17
8/16/2025,3861.49,47.95,417.01,3.49
8/17/2025,3863.75,49.01,415.21,7.17
8/18/2025,3845.81,49.5,415.52,2.8
8/19/2025,3837.41,48.31,417.04,3.53
8/20/2025,3837.27,48.03,415.82,2.79
8/21/2025,3843.13,47.12,416.26,6.22
8/22/2025,3821.67,46.64,415.53,6.3
8/23/2025,3820.55,45.07,417.04,6.07
8/24/2025,3822.48,45.01,417.61,4.41
8/25/2025,3831.47,44.44,417.83,2.2
8/26/2025,3838.9,44.47,421.04,7.88
8/27/2025,3845.23,43.65,422.47,5.05
8/28/2025,3837.73,43.69,421.19,4.35
8/29/2025,3819.15,43.49,421.11,5.62
8/30/2025,3815.72,44.24,421.06,2.85
8/31/2025,3826.24,44.94,421.32,2.43
9/1/2025,3840.67,45.34,426.47,4.34
9/2/2025,3848.28,45.17,427.31,3.09
9/3/2025,3853.07,46.17,423.34,3.21
9/4/2025,3857.37,45.39,422.36,7.75
9/5/2025,3852.3,44.69,418.59,5.22
9/6/2025,3851.5,44.64,418.03,4.88
9/7/2025,3868.69,45.77,414.16,6.33
9/8/2025,3859.77,45.67,412.51,8.16
9/9/2025,3876.42,45.58,409.57,2.29
9/10/2025,3873.7,44.86,410.44,7.33
9/11/2025,3887.45,45.33,410.54,5.59
9/12/2025,3873.88,45.81,411.25,2.52
9/13/2025,3880.24,46.2,411.14,3.58
9/14/2025,3873.37,45.89,408.45,4.88
9/15/2025,3859.72,45.53,409.58,6.34
9/16/2025,3862.41,44.89,413.52,3.2
9/17/2025,3873,44.93,414.44,5.24
9/18/2025,3865.05,44.39,413.69,6.29
9/19/2025,3850.56,43.8,410.93,4.64
9/20/2025,3850.14,43.59,409.22,7.54
9/21/2025,3849.77,43.34,410.22,7.59
9/22/2025,3855.75,43.08,412.47,4.79
9/23/2025,3865.75,43.31,413.09,8.31
9/24/2025,3865.65,43.35,414.79,2.03
9/25/2025,3884.71,43.2,416.31,1.52
9/26/2025,3887.45,43.3,417.42,4.16
9/27/2025,3884.49,42.8,416.2,5.71
9/28/2025,3868.87,42.85,416.65,5.9
9/29/2025,3866.74,42.93,415.05,4.84
9/30/2025,3863.88,42.18,415.19,2.37
10/1/2025,3873.98,42.67,415.95,2.69
10/2/2025,3879.11,42.23,419.41,7.47
10/3/2025,3867.81,42.28,416.89,7.58
10/4/2025,3870.04,42.86,417.95,6.22
10/5/2025,3877.25,43.32,421.01,6.15
10/6/2025,3893.03,43.34,422.63,5.68
10/7/2025,3902.41,43.16,424.4,2.92
10/8/2025,3910.52,43.63,425.67,4.5
10/9/2025,3911.62,43.97,428.37,6.37
10/10/2025,3916,43.66,426.29,5.26
10/11/2025,3929,43.26,423.62,1.63
10/12/2025,3916.17,42.23,423.71,8.17
10/13/2025,3913.17,42.3,419.49,7.41
10/14/2025,3905.95,42.26,422.05,3.32
10/15/2025,3910.24,42.83,424.59,5.82
10/16/2025,3923.04,43.01,423.82,7.96
10/17/2025,3917.57,43.68,423.18,2.17
10/18/2025,3894.17,43.33,423.14,5.02
10/19/2025,3890.55,43.9,423.34,4.69
10/20/2025,3900.18,43.63,423.7,4.37
10/21/2025,3906.06,44.02,424.91,7.35
10/22/2025,3910.84,43.29,424.67,4.16
10/23/2025,3908.54,43.41,426.65,1.95
10/24/2025,3896.25,42.42,427.64,1.96
10/25/2025,3901.9,42.29,426.53,1.8
10/26/2025,3894.06,42.51,429.3,4.36
10/27/2025,3916.4,42.24,426.68,6.53
10/28/2025,3922.6,41.72,426.6,2.93
10/29/2025,3917.3,42.14,428.63,6.03
10/30/2025,3911.68,42.09,427.29,6.31
10/31/2025,3911.26,41.85,428.01,3.29
11/1/2025,3909.36,41.87,429.19,5.7
11/2/2025,3921.03,43.19,427.57,6.29
11/3/2025,3923.39,43.76,427.53,4.77
11/4/2025,3916.58,44.34,427.31,3.86
11/5/2025,3935.98,44.56,426.31,5.83
11/6/2025,3936.97,44.64,431.01,8.34
11/7/2025,3945.16,43.45,429.59,4.49
11/8/2025,3939.58,43.11,431.7,4.24
11/9/2025,3943.71,42.87,431.01,4.75
11/10/2025,3947.32,41.93,428.94,2.03
11/11/2025,3928.93,41.35,429.25,5.37
11/12/2025,3949.58,40.36,430.64,3.8
11/13/2025,3962.98,40.34,432.58,2.35
11/14/2025,3959.51,40.75,435.81,4.76
11/15/2025,3948.99,41.3,441.8,1.52
11/16/2025,3952.97,41.51,442.4,4.31
11/17/2025,3954.33,41.03,441.17,2.24
11/18/2025,3958.39,40.06,442.18,1.67
11/19/2025,3960.81,39.19,441.75,7.27
11/20/2025,3966.37,38.55,443.7,7.91
11/21/2025,3981.34,38.11,441.21,2.95
11/22/2025,3987.52,38.03,446.04,5.28
11/23/2025,3977.53,37.52,447.85,3.45
11/24/2025,3991.65,37.69,444.59,4.96
11/25/2025,4008.56,37.57,443.27,4.56
11/26/2025,4040.58,37.58,445,3.38
11/27/2025,4029.84,38.15,447.45,6.4
11/28/2025,4032.77,37.56,445.01,2.39
11/29/2025,4012.45,37.77,446.53,1.87
11/30/2025,4018.48,37.76,442.74,6.87
12/1/2025,4013.5,37.59,442.66,6.16
12/2/2025,4033.23,38.04,444.99,4.99
12/3/2025,4025.99,38.48,443.98,4.77
12/4/2025,4009.6,38,441.07,4.98
12/5/2025,4005.38,37.91,441.46,4.56
12/6/2025,3986.13,38.05,440.35,4.25
12/7/2025,3994.14,37.92,441.71,5
12/8/2025,3973.99,38.21,440.04,5.2
12/9/2025,3974.77,38.35,438.59,6.34
12/10/2025,3954.5,39.26,434.65,6.48
12/11/2025,3951.79,38.5,435.09,4.14
12/12/2025,3968.73,38.44,434.87,4.39
12/13/2025,3972.83,37.98,432.59,4.12
12/14/2025,3964.7,38.29,433.08,5.26
12/15/2025,3964.89,37.48,435.24,4.67
12/16/2025,3965.57,37.65,434.9,7.73
12/17/2025,3970.79,37.34,435.54,6.37
12/18/2025,3957.62,36.97,436.19,7.79
12/19/2025,3964.05,36.25,433.88,6.46
12/20/2025,3937.51,36.01,438.09,8.3
12/21/2025,3931.71,36.56,437.25,5.95
12/22/2025,3927.32,36.54,438.66,8.24
12/23/2025,3934.16,36.86,440.3,2.61
12/24/2025,3934.88,37.69,440.12,1.87
12/25/2025,3921.33,37.82,441.44,5.55
12/26/2025,3911.98,37.54,442.03,8.38
12/27/2025,3914.46,37.77,439.29,4.42
12/28/2025,3914.17,37.5,438.73,2.98
12/29/2025,3908.88,37.25,437.6,5.15
12/30/2025,3904.57,36.49,436.78,6.04
12/31/2025,3912.04,36.95,434.27,3.71
1/1/2026,3907.36,36.76,436.62,6.5
1/2/2026,3906.98,36.85,439.93,8.33
1/3/2026,3929.18,36.33,441.98,7.78
1/4/2026,3915.44,36.55,444.62,3.54
1/5/2026,3897.42,36.17,444.03,3.79
1/6/2026,3905.76,36.1,442.86,4.1
1/7/2026,3899.47,36.54,441.41,4.26
1/8/2026,3896.79,36.93,442.79,2.2
1/9/2026,3889.48,36.92,443.35,6.83
1/10/2026,3887.38,36.04,443.29,4.06
1/11/2026,3903.87,37.54,445.98,7.66
1/12/2026,3912.39,38.41,446.89,7.99
1/13/2026,3921.51,38.77,445.32,1.67
1/14/2026,3907.85,38.39,444.05,8.42
1/15/2026,3896.84,38.34,445.52,6.47
1/16/2026,3868.94,38.06,447.7,5.14
1/17/2026,3861.35,38.7,448.9,4.23
1/18/2026,3871.42,38.83,452.8,5.13
1/19/2026,3877.09,38.44,456.17,3.77
1/20/2026,3875.37,38.2,457.15,5.86
1/21/2026,3875.65,38.76,455.57,2.15
1/22/2026,3869.26,39.56,453.05,5.85
1/23/2026,3871.81,40.33,452.38,3.43
1/24/2026,3879.97,40.7,453.99,1.62
1/25/2026,3864.31,40.58,457.74,5.37
1/26/2026,3867.8,38.96,458.67,5.55
1/27/2026,3877.63,39.11,461.11,4.49
1/28/2026,3873.98,39.1,460.72,2.01
1/29/2026,3881.48,39.17,462.07,7.75
1/30/2026,3910.13,39.2,463.81,5.78
1/31/2026,3909.59,38.54,459.95,2.31
2/1/2026,3914.02,38.82,459.23,5.08
2/2/2026,3907.14,39.13,461.23,4.98
2/3/2026,3909.45,39.47,461.87,1.92
2/4/2026,3914.56,39.95,459.58,5.75
2/5/2026,3917,40.25,454.82,7.16
2/6/2026,3907.31,40.04,454.19,6.74
2/7/2026,3909.87,40.01,454.15,2.92
2/8/2026,3924.99,40.05,452.48,7.54
2/9/2026,3929.98,40.11,452.87,3.9
2/10/2026,3940.1,40.61,453.98,8.13
2/11/2026,3938.23,40.93,455.42,2
2/12/2026,3946.23,41.97,450.81,4.9
2/13/2026,3949.52,43.07,448.28,5.68
2/14/2026,3940.51,43.11,447.77,3.23
2/15/2026,3944.2,41.19,449.01,6.9
2/16/2026,3934.78,41.81,450.09,5.89
2/17/2026,3928.95,41.54,451.14,1.63
2/18/2026,3931.34,41.14,450.47,5.76
2/19/2026,3934.82,40.94,449.91,4.94
2/20/2026,3923.42,40.72,448.56,2.87
2/21/2026,3934.46,41.02,450.19,8.47
2/22/2026,3940.68,40.24,448.45,7.78
2/23/2026,3934.14,39.71,450.25,3.55
2/24/2026,3919.26,39.88,450.77,5.29
2/25/2026,3918.31,40.19,450.78,3.72
2/26/2026,3914.35,40.51,449.57,6.93
2/27/2026,3915.98,40.12,446.95,8.01
2/28/2026,3912.85,39.63,445.76,4.01
3/1/2026,3893.28,39.37,445.2,7.14
3/2/2026,3889.89,39.49,440.56,4.99
3/3/2026,3887.34,40.24,440.27,4.28
3/4/2026,3894.17,39.21,442.21,8.07
3/5/2026,3887.69,39.1,443.45,5.07
3/6/2026,3904.98,38.44,442.56,4.77
3/7/2026,3886.36,37.61,442.75,6.21
3/8/2026,3899.97,38.09,441.74,3.33
3/9/2026,3898.23,38.36,442.14,3.77
3/10/2026,3907.33,38.59,445.32,8.02
3/11/2026,3908.63,39.05,447.35,6.25
3/12/2026,3920.52,38.81,448.49,7.29
3/13/2026,3917.15,38.59,447.61,3.4
3/14/2026,3906.66,39.69,449.21,5.31
3/15/2026,3921.37,39.56,445.93,8.3
3/16/2026,3920.73,39.93,445.53,3.73
3/17/2026,3923.45,39.93,446.8,2.62
3/18/2026,3936.29,39.01,448.38,5.08
3/19/2026,3926.47,37.99,449.82,4.21
3/20/2026,3932.93,37.7,450.51,2.62
3/21/2026,3927.53,38.23,450.22,7.72
3/22/2026,3926.71,38.62,451.39,8.44
3/23/2026,3927.93,39.08,449.59,5.48
3/24/2026,3913.43,38.58,448,6.92
3/25/2026,3906.14,39.39,448.22,7.51
3/26/2026,3920.15,38.91,448.67,6.41
3/27/2026,3929.51,39.02,445.12,1.81
3/28/2026,3929.39,39.01,446.13,2.6
3/29/2026,3932.32,38.92,447.77,2
3/30/2026,3929.88,39.59,447.72,1.57
3/31/2026,3943.94,39.24,452.57,3.64
4/1/2026,3942.44,38.57,451.3,4.25
4/2/2026,3945.26,38.58,450.68,3.19
4/3/2026,3957.22,38.38,449.99,1.95
4/4/2026,3949.94,40.06,449.94,5.21
4/5/2026,3966.03,40.4,449.38,3.41
4/6/2026,3951.23,40.2,446.66,7.07
4/7/2026,3968.02,39.67,445.67,1.56
4/8/2026,3964.8,38.73,445.58,7.4
4/9/2026,3962.87,38.22,448.13,8.18
4/10/2026,3944.47,38.27,452.64,6.51
4/11/2026,3940.42,38.99,455.41,6.64
4/12/2026,3930.52,39.55,453.96,8.03
4/13/2026,3924.95,39.66,452.67,2.96
4/14/2026,3924.07,39.5,452.45,8.46
4/15/2026,3934.15,39.64,456.12,6.91
4/16/2026,3936.73,39.38,455.89,6.59
4/17/2026,3940.3,40.24,453.33,4.03
4/18/2026,3929.85,40.14,452.43,5.32
4/19/2026,3921.54,40.1,454.04,6.08
4/20/2026,3940.03,38.99,455.52,5.84
4/21/2026,3933.18,38.89,455.22,6.43
4/22/2026,3950.24,39.31,456.69,2.08
4/23/2026,3948.31,38.78,452.24,3.99
4/24/2026,3948.83,38.4,452.55,4.54
4/25/2026,3960.04,38.8,454.37,3.32
4/26/2026,3973.25,38.06,452.81,2.71
4/27/2026,3972.65,38.59,451.23,2.47
4/28/2026,3969.26,38.32,447.6,4.06
4/29/2026,3969.2,38.13,450.88,4.95
